[2026-06-15T06:19:56.053+0000] {manager.py:470} INFO - Processing files using up to 1 processes at a time 
[2026-06-15T06:19:56.053+0000] {manager.py:471} INFO - Process each file at most once every 30 seconds
[2026-06-15T06:19:56.053+0000] {manager.py:472} INFO - Checking for new files in /opt/airflow/dags every 300 seconds
[2026-06-15T06:19:56.053+0000] {manager.py:737} INFO - Searching for files in /opt/airflow/dags
[2026-06-15T06:19:56.053+0000] {manager.py:740} INFO - There are 1 files in /opt/airflow/dags
[2026-06-15T06:19:56.179+0000] {manager.py:878} INFO - 
================================================================================
DAG File Processing Stats

File Path                               PID    Runtime      # DAGs    # Errors  Last Runtime    Last Run
--------------------------------------  -----  ---------  --------  ----------  --------------  -------------------
/opt/airflow/dags/bi_masan_pipeline.py                           1           0  0.10s           2026-06-15T06:19:56
================================================================================
[2026-06-15T06:20:26.312+0000] {manager.py:878} INFO - 
================================================================================
DAG File Processing Stats

File Path                               PID    Runtime      # DAGs    # Errors  Last Runtime    Last Run
--------------------------------------  -----  ---------  --------  ----------  --------------  -------------------
/opt/airflow/dags/bi_masan_pipeline.py                           1           0  0.10s           2026-06-15T06:20:26
================================================================================
[2026-06-15T06:20:56.713+0000] {manager.py:878} INFO - 
================================================================================
DAG File Processing Stats

File Path                               PID    Runtime      # DAGs    # Errors  Last Runtime    Last Run
--------------------------------------  -----  ---------  --------  ----------  --------------  -------------------
/opt/airflow/dags/bi_masan_pipeline.py                           1           0  0.10s           2026-06-15T06:20:56
================================================================================
[2026-06-15T06:21:27.062+0000] {manager.py:878} INFO - 
================================================================================
DAG File Processing Stats

File Path                               PID    Runtime      # DAGs    # Errors  Last Runtime    Last Run
--------------------------------------  -----  ---------  --------  ----------  --------------  -------------------
/opt/airflow/dags/bi_masan_pipeline.py                           1           0  0.10s           2026-06-15T06:21:27
================================================================================
[2026-06-15T06:21:57.400+0000] {manager.py:878} INFO - 
================================================================================
DAG File Processing Stats

File Path                               PID    Runtime      # DAGs    # Errors  Last Runtime    Last Run
--------------------------------------  -----  ---------  --------  ----------  --------------  -------------------
/opt/airflow/dags/bi_masan_pipeline.py                           1           0  0.10s           2026-06-15T06:21:57
================================================================================
[2026-06-15T06:22:27.627+0000] {manager.py:878} INFO - 
================================================================================
DAG File Processing Stats

File Path                               PID    Runtime      # DAGs    # Errors  Last Runtime    Last Run
--------------------------------------  -----  ---------  --------  ----------  --------------  -------------------
/opt/airflow/dags/bi_masan_pipeline.py                           1           0  0.10s           2026-06-15T06:22:27
================================================================================
[2026-06-15T06:22:57.973+0000] {manager.py:878} INFO - 
================================================================================
DAG File Processing Stats

File Path                               PID    Runtime      # DAGs    # Errors  Last Runtime    Last Run
--------------------------------------  -----  ---------  --------  ----------  --------------  -------------------
/opt/airflow/dags/bi_masan_pipeline.py                           1           0  0.11s           2026-06-15T06:22:57
================================================================================
[2026-06-15T06:23:28.329+0000] {manager.py:878} INFO - 
================================================================================
DAG File Processing Stats

File Path                               PID    Runtime      # DAGs    # Errors  Last Runtime    Last Run
--------------------------------------  -----  ---------  --------  ----------  --------------  -------------------
/opt/airflow/dags/bi_masan_pipeline.py                           1           0  0.10s           2026-06-15T06:23:28
================================================================================
[2026-06-15T06:23:58.936+0000] {manager.py:878} INFO - 
================================================================================
DAG File Processing Stats

File Path                               PID    Runtime      # DAGs    # Errors  Last Runtime    Last Run
--------------------------------------  -----  ---------  --------  ----------  --------------  -------------------
/opt/airflow/dags/bi_masan_pipeline.py                           1           0  0.10s           2026-06-15T06:23:58
================================================================================
[2026-06-15T06:24:29.179+0000] {manager.py:878} INFO - 
================================================================================
DAG File Processing Stats

File Path                               PID    Runtime      # DAGs    # Errors  Last Runtime    Last Run
--------------------------------------  -----  ---------  --------  ----------  --------------  -------------------
/opt/airflow/dags/bi_masan_pipeline.py                           1           0  0.10s           2026-06-15T06:24:29
================================================================================
[2026-06-15T06:24:56.058+0000] {manager.py:737} INFO - Searching for files in /opt/airflow/dags
[2026-06-15T06:24:56.059+0000] {manager.py:740} INFO - There are 1 files in /opt/airflow/dags
[2026-06-15T06:24:59.577+0000] {manager.py:878} INFO - 
================================================================================
DAG File Processing Stats

File Path                               PID    Runtime      # DAGs    # Errors  Last Runtime    Last Run
--------------------------------------  -----  ---------  --------  ----------  --------------  -------------------
/opt/airflow/dags/bi_masan_pipeline.py                           1           0  0.20s           2026-06-15T06:24:59
================================================================================
[2026-06-15T06:25:30.283+0000] {manager.py:878} INFO - 
================================================================================
DAG File Processing Stats

File Path                               PID    Runtime      # DAGs    # Errors  Last Runtime    Last Run
--------------------------------------  -----  ---------  --------  ----------  --------------  -------------------
/opt/airflow/dags/bi_masan_pipeline.py                           1           0  0.20s           2026-06-15T06:25:30
================================================================================
[2026-06-15T06:26:01.430+0000] {manager.py:878} INFO - 
================================================================================
DAG File Processing Stats

File Path                               PID    Runtime      # DAGs    # Errors  Last Runtime    Last Run
--------------------------------------  -----  ---------  --------  ----------  --------------  -------------------
/opt/airflow/dags/bi_masan_pipeline.py                           1           0  0.20s           2026-06-15T06:26:01
================================================================================
[2026-06-15T06:26:32.422+0000] {manager.py:878} INFO - 
================================================================================
DAG File Processing Stats

File Path                               PID    Runtime      # DAGs    # Errors  Last Runtime    Last Run
--------------------------------------  -----  ---------  --------  ----------  --------------  -------------------
/opt/airflow/dags/bi_masan_pipeline.py                           1           0  0.20s           2026-06-15T06:26:32
================================================================================
[2026-06-15T06:27:02.643+0000] {manager.py:878} INFO - 
================================================================================
DAG File Processing Stats

File Path                               PID    Runtime      # DAGs    # Errors  Last Runtime    Last Run
--------------------------------------  -----  ---------  --------  ----------  --------------  -------------------
/opt/airflow/dags/bi_masan_pipeline.py                           1           0  0.20s           2026-06-15T06:27:02
================================================================================
[2026-06-15T06:27:33.128+0000] {manager.py:878} INFO - 
================================================================================
DAG File Processing Stats

File Path                               PID    Runtime      # DAGs    # Errors  Last Runtime    Last Run
--------------------------------------  -----  ---------  --------  ----------  --------------  -------------------
/opt/airflow/dags/bi_masan_pipeline.py                           1           0  0.10s           2026-06-15T06:27:33
================================================================================
[2026-06-15T06:28:03.536+0000] {manager.py:878} INFO - 
================================================================================
DAG File Processing Stats

File Path                               PID    Runtime      # DAGs    # Errors  Last Runtime    Last Run
--------------------------------------  -----  ---------  --------  ----------  --------------  -------------------
/opt/airflow/dags/bi_masan_pipeline.py                           1           0  0.10s           2026-06-15T06:28:03
================================================================================
[2026-06-15T06:28:33.927+0000] {manager.py:878} INFO - 
================================================================================
DAG File Processing Stats

File Path                               PID    Runtime      # DAGs    # Errors  Last Runtime    Last Run
--------------------------------------  -----  ---------  --------  ----------  --------------  -------------------
/opt/airflow/dags/bi_masan_pipeline.py                           1           0  0.10s           2026-06-15T06:28:33
================================================================================
[2026-06-15T06:29:04.516+0000] {manager.py:878} INFO - 
================================================================================
DAG File Processing Stats

File Path                               PID    Runtime      # DAGs    # Errors  Last Runtime    Last Run
--------------------------------------  -----  ---------  --------  ----------  --------------  -------------------
/opt/airflow/dags/bi_masan_pipeline.py                           1           0  0.10s           2026-06-15T06:29:04
================================================================================
[2026-06-15T06:29:34.754+0000] {manager.py:878} INFO - 
================================================================================
DAG File Processing Stats

File Path                               PID    Runtime      # DAGs    # Errors  Last Runtime    Last Run
--------------------------------------  -----  ---------  --------  ----------  --------------  -------------------
/opt/airflow/dags/bi_masan_pipeline.py                           1           0  0.10s           2026-06-15T06:29:34
================================================================================
[2026-06-15T06:29:56.109+0000] {manager.py:737} INFO - Searching for files in /opt/airflow/dags
[2026-06-15T06:29:56.111+0000] {manager.py:740} INFO - There are 1 files in /opt/airflow/dags
[2026-06-15T06:30:05.025+0000] {manager.py:878} INFO - 
================================================================================
DAG File Processing Stats

File Path                               PID    Runtime      # DAGs    # Errors  Last Runtime    Last Run
--------------------------------------  -----  ---------  --------  ----------  --------------  -------------------
/opt/airflow/dags/bi_masan_pipeline.py                           1           0  0.10s           2026-06-15T06:30:05
================================================================================
[2026-06-15T06:30:36.006+0000] {manager.py:878} INFO - 
================================================================================
DAG File Processing Stats

File Path                               PID    Runtime      # DAGs    # Errors  Last Runtime    Last Run
--------------------------------------  -----  ---------  --------  ----------  --------------  -------------------
/opt/airflow/dags/bi_masan_pipeline.py                           1           0  0.11s           2026-06-15T06:30:36
================================================================================
[2026-06-15T06:31:06.270+0000] {manager.py:878} INFO - 
================================================================================
DAG File Processing Stats

File Path                               PID    Runtime      # DAGs    # Errors  Last Runtime    Last Run
--------------------------------------  -----  ---------  --------  ----------  --------------  -------------------
/opt/airflow/dags/bi_masan_pipeline.py                           1           0  0.10s           2026-06-15T06:31:06
================================================================================
[2026-06-15T06:31:36.523+0000] {manager.py:878} INFO - 
================================================================================
DAG File Processing Stats

File Path                               PID    Runtime      # DAGs    # Errors  Last Runtime    Last Run
--------------------------------------  -----  ---------  --------  ----------  --------------  -------------------
/opt/airflow/dags/bi_masan_pipeline.py                           1           0  0.10s           2026-06-15T06:31:36
================================================================================
[2026-06-15T06:32:06.765+0000] {manager.py:878} INFO - 
================================================================================
DAG File Processing Stats

File Path                               PID    Runtime      # DAGs    # Errors  Last Runtime    Last Run
--------------------------------------  -----  ---------  --------  ----------  --------------  -------------------
/opt/airflow/dags/bi_masan_pipeline.py                           1           0  0.10s           2026-06-15T06:32:06
================================================================================
[2026-06-15T06:32:37.018+0000] {manager.py:878} INFO - 
================================================================================
DAG File Processing Stats

File Path                               PID    Runtime      # DAGs    # Errors  Last Runtime    Last Run
--------------------------------------  -----  ---------  --------  ----------  --------------  -------------------
/opt/airflow/dags/bi_masan_pipeline.py                           1           0  0.10s           2026-06-15T06:32:37
================================================================================
[2026-06-15T06:33:07.222+0000] {manager.py:878} INFO - 
================================================================================
DAG File Processing Stats

File Path                               PID    Runtime      # DAGs    # Errors  Last Runtime    Last Run
--------------------------------------  -----  ---------  --------  ----------  --------------  -------------------
/opt/airflow/dags/bi_masan_pipeline.py                           1           0  0.11s           2026-06-15T06:33:07
================================================================================
[2026-06-15T06:33:37.466+0000] {manager.py:878} INFO - 
================================================================================
DAG File Processing Stats

File Path                               PID    Runtime      # DAGs    # Errors  Last Runtime    Last Run
--------------------------------------  -----  ---------  --------  ----------  --------------  -------------------
/opt/airflow/dags/bi_masan_pipeline.py                           1           0  0.11s           2026-06-15T06:33:37
================================================================================
[2026-06-15T06:34:07.692+0000] {manager.py:878} INFO - 
================================================================================
DAG File Processing Stats

File Path                               PID    Runtime      # DAGs    # Errors  Last Runtime    Last Run
--------------------------------------  -----  ---------  --------  ----------  --------------  -------------------
/opt/airflow/dags/bi_masan_pipeline.py                           1           0  0.10s           2026-06-15T06:34:07
================================================================================
[2026-06-15T06:34:37.912+0000] {manager.py:878} INFO - 
================================================================================
DAG File Processing Stats

File Path                               PID    Runtime      # DAGs    # Errors  Last Runtime    Last Run
--------------------------------------  -----  ---------  --------  ----------  --------------  -------------------
/opt/airflow/dags/bi_masan_pipeline.py                           1           0  0.10s           2026-06-15T06:34:37
================================================================================
[2026-06-15T06:34:56.164+0000] {manager.py:737} INFO - Searching for files in /opt/airflow/dags
[2026-06-15T06:34:56.165+0000] {manager.py:740} INFO - There are 1 files in /opt/airflow/dags
[2026-06-15T06:35:08.022+0000] {manager.py:878} INFO - 
================================================================================
DAG File Processing Stats

File Path                               PID    Runtime      # DAGs    # Errors  Last Runtime    Last Run
--------------------------------------  -----  ---------  --------  ----------  --------------  -------------------
/opt/airflow/dags/bi_masan_pipeline.py                           0           1  0.11s           2026-06-15T06:35:05
================================================================================
[2026-06-15T06:35:38.264+0000] {manager.py:878} INFO - 
================================================================================
DAG File Processing Stats

File Path                               PID    Runtime      # DAGs    # Errors  Last Runtime    Last Run
--------------------------------------  -----  ---------  --------  ----------  --------------  -------------------
/opt/airflow/dags/bi_masan_pipeline.py                           0           1  0.10s           2026-06-15T06:35:35
================================================================================
[2026-06-15T06:36:08.510+0000] {manager.py:878} INFO - 
================================================================================
DAG File Processing Stats

File Path                               PID    Runtime      # DAGs    # Errors  Last Runtime    Last Run
--------------------------------------  -----  ---------  --------  ----------  --------------  -------------------
/opt/airflow/dags/bi_masan_pipeline.py                           1           0  0.11s           2026-06-15T06:35:53
================================================================================
[2026-06-15T06:36:38.726+0000] {manager.py:878} INFO - 
================================================================================
DAG File Processing Stats

File Path                               PID    Runtime      # DAGs    # Errors  Last Runtime    Last Run
--------------------------------------  -----  ---------  --------  ----------  --------------  -------------------
/opt/airflow/dags/bi_masan_pipeline.py                           1           0  0.11s           2026-06-15T06:36:23
================================================================================
[2026-06-15T06:37:08.982+0000] {manager.py:878} INFO - 
================================================================================
DAG File Processing Stats

File Path                               PID    Runtime      # DAGs    # Errors  Last Runtime    Last Run
--------------------------------------  -----  ---------  --------  ----------  --------------  -------------------
/opt/airflow/dags/bi_masan_pipeline.py                           1           0  0.10s           2026-06-15T06:36:53
================================================================================
[2026-06-15T06:37:39.222+0000] {manager.py:878} INFO - 
================================================================================
DAG File Processing Stats

File Path                               PID    Runtime      # DAGs    # Errors  Last Runtime    Last Run
--------------------------------------  -----  ---------  --------  ----------  --------------  -------------------
/opt/airflow/dags/bi_masan_pipeline.py                           1           0  0.11s           2026-06-15T06:37:24
================================================================================
[2026-06-15T06:38:09.487+0000] {manager.py:878} INFO - 
================================================================================
DAG File Processing Stats

File Path                               PID    Runtime      # DAGs    # Errors  Last Runtime    Last Run
--------------------------------------  -----  ---------  --------  ----------  --------------  -------------------
/opt/airflow/dags/bi_masan_pipeline.py                           1           0  0.10s           2026-06-15T06:37:54
================================================================================
[2026-06-15T06:38:39.988+0000] {manager.py:878} INFO - 
================================================================================
DAG File Processing Stats

File Path                               PID    Runtime      # DAGs    # Errors  Last Runtime    Last Run
--------------------------------------  -----  ---------  --------  ----------  --------------  -------------------
/opt/airflow/dags/bi_masan_pipeline.py                           1           0  0.10s           2026-06-15T06:38:25
================================================================================
[2026-06-15T06:39:10.190+0000] {manager.py:878} INFO - 
================================================================================
DAG File Processing Stats

File Path                               PID    Runtime      # DAGs    # Errors  Last Runtime    Last Run
--------------------------------------  -----  ---------  --------  ----------  --------------  -------------------
/opt/airflow/dags/bi_masan_pipeline.py                           1           0  0.11s           2026-06-15T06:38:55
================================================================================
[2026-06-15T06:39:40.473+0000] {manager.py:878} INFO - 
================================================================================
DAG File Processing Stats

File Path                               PID    Runtime      # DAGs    # Errors  Last Runtime    Last Run
--------------------------------------  -----  ---------  --------  ----------  --------------  -------------------
/opt/airflow/dags/bi_masan_pipeline.py                           1           0  0.11s           2026-06-15T06:39:25
================================================================================
[2026-06-15T06:39:56.208+0000] {manager.py:737} INFO - Searching for files in /opt/airflow/dags
[2026-06-15T06:39:56.211+0000] {manager.py:740} INFO - There are 1 files in /opt/airflow/dags
[2026-06-15T06:40:10.698+0000] {manager.py:878} INFO - 
================================================================================
DAG File Processing Stats

File Path                               PID    Runtime      # DAGs    # Errors  Last Runtime    Last Run
--------------------------------------  -----  ---------  --------  ----------  --------------  -------------------
/opt/airflow/dags/bi_masan_pipeline.py                           1           0  0.11s           2026-06-15T06:39:55
================================================================================
[2026-06-15T06:40:40.991+0000] {manager.py:878} INFO - 
================================================================================
DAG File Processing Stats

File Path                               PID    Runtime      # DAGs    # Errors  Last Runtime    Last Run
--------------------------------------  -----  ---------  --------  ----------  --------------  -------------------
/opt/airflow/dags/bi_masan_pipeline.py                           1           0  0.10s           2026-06-15T06:40:25
================================================================================
[2026-06-15T06:41:11.247+0000] {manager.py:878} INFO - 
================================================================================
DAG File Processing Stats

File Path                               PID    Runtime      # DAGs    # Errors  Last Runtime    Last Run
--------------------------------------  -----  ---------  --------  ----------  --------------  -------------------
/opt/airflow/dags/bi_masan_pipeline.py                           1           0  0.10s           2026-06-15T06:40:56
================================================================================
[2026-06-15T06:41:41.473+0000] {manager.py:878} INFO - 
================================================================================
DAG File Processing Stats

File Path                               PID    Runtime      # DAGs    # Errors  Last Runtime    Last Run
--------------------------------------  -----  ---------  --------  ----------  --------------  -------------------
/opt/airflow/dags/bi_masan_pipeline.py                           1           0  0.10s           2026-06-15T06:41:26
================================================================================
[2026-06-15T06:42:11.715+0000] {manager.py:878} INFO - 
================================================================================
DAG File Processing Stats

File Path                               PID    Runtime      # DAGs    # Errors  Last Runtime    Last Run
--------------------------------------  -----  ---------  --------  ----------  --------------  -------------------
/opt/airflow/dags/bi_masan_pipeline.py                           1           0  0.11s           2026-06-15T06:41:56
================================================================================
[2026-06-15T06:42:41.985+0000] {manager.py:878} INFO - 
================================================================================
DAG File Processing Stats

File Path                               PID    Runtime      # DAGs    # Errors  Last Runtime    Last Run
--------------------------------------  -----  ---------  --------  ----------  --------------  -------------------
/opt/airflow/dags/bi_masan_pipeline.py                           1           0  0.10s           2026-06-15T06:42:26
================================================================================
[2026-06-15T06:43:12.216+0000] {manager.py:878} INFO - 
================================================================================
DAG File Processing Stats

File Path                               PID    Runtime      # DAGs    # Errors  Last Runtime    Last Run
--------------------------------------  -----  ---------  --------  ----------  --------------  -------------------
/opt/airflow/dags/bi_masan_pipeline.py                           1           0  0.10s           2026-06-15T06:42:57
================================================================================
[2026-06-15T06:43:42.708+0000] {manager.py:878} INFO - 
================================================================================
DAG File Processing Stats

File Path                               PID    Runtime      # DAGs    # Errors  Last Runtime    Last Run
--------------------------------------  -----  ---------  --------  ----------  --------------  -------------------
/opt/airflow/dags/bi_masan_pipeline.py                           1           0  0.10s           2026-06-15T06:43:27
================================================================================
[2026-06-15T06:44:13.048+0000] {manager.py:878} INFO - 
================================================================================
DAG File Processing Stats

File Path                               PID    Runtime      # DAGs    # Errors  Last Runtime    Last Run
--------------------------------------  -----  ---------  --------  ----------  --------------  -------------------
/opt/airflow/dags/bi_masan_pipeline.py                           1           0  0.11s           2026-06-15T06:43:57
================================================================================
[2026-06-15T06:44:43.424+0000] {manager.py:878} INFO - 
================================================================================
DAG File Processing Stats

File Path                               PID    Runtime      # DAGs    # Errors  Last Runtime    Last Run
--------------------------------------  -----  ---------  --------  ----------  --------------  -------------------
/opt/airflow/dags/bi_masan_pipeline.py                           1           0  0.10s           2026-06-15T06:44:28
================================================================================
[2026-06-15T06:44:56.272+0000] {manager.py:737} INFO - Searching for files in /opt/airflow/dags
[2026-06-15T06:44:56.272+0000] {manager.py:740} INFO - There are 1 files in /opt/airflow/dags
[2026-06-15T06:45:13.781+0000] {manager.py:878} INFO - 
================================================================================
DAG File Processing Stats

File Path                               PID    Runtime      # DAGs    # Errors  Last Runtime    Last Run
--------------------------------------  -----  ---------  --------  ----------  --------------  -------------------
/opt/airflow/dags/bi_masan_pipeline.py                           1           0  0.10s           2026-06-15T06:44:58
================================================================================
[2026-06-15T06:45:44.124+0000] {manager.py:878} INFO - 
================================================================================
DAG File Processing Stats

File Path                               PID    Runtime      # DAGs    # Errors  Last Runtime    Last Run
--------------------------------------  -----  ---------  --------  ----------  --------------  -------------------
/opt/airflow/dags/bi_masan_pipeline.py                           1           0  0.11s           2026-06-15T06:45:29
================================================================================
[2026-06-15T06:46:14.388+0000] {manager.py:878} INFO - 
================================================================================
DAG File Processing Stats

File Path                               PID    Runtime      # DAGs    # Errors  Last Runtime    Last Run
--------------------------------------  -----  ---------  --------  ----------  --------------  -------------------
/opt/airflow/dags/bi_masan_pipeline.py                           1           0  0.10s           2026-06-15T06:45:59
================================================================================
[2026-06-15T06:46:44.723+0000] {manager.py:878} INFO - 
================================================================================
DAG File Processing Stats

File Path                               PID    Runtime      # DAGs    # Errors  Last Runtime    Last Run
--------------------------------------  -----  ---------  --------  ----------  --------------  -------------------
/opt/airflow/dags/bi_masan_pipeline.py                           1           0  0.10s           2026-06-15T06:46:29
================================================================================
[2026-06-15T06:47:15.085+0000] {manager.py:878} INFO - 
================================================================================
DAG File Processing Stats

File Path                               PID    Runtime      # DAGs    # Errors  Last Runtime    Last Run
--------------------------------------  -----  ---------  --------  ----------  --------------  -------------------
/opt/airflow/dags/bi_masan_pipeline.py                           1           0  0.10s           2026-06-15T06:46:59
================================================================================
[2026-06-15T06:47:45.441+0000] {manager.py:878} INFO - 
================================================================================
DAG File Processing Stats

File Path                               PID    Runtime      # DAGs    # Errors  Last Runtime    Last Run
--------------------------------------  -----  ---------  --------  ----------  --------------  -------------------
/opt/airflow/dags/bi_masan_pipeline.py                           1           0  0.11s           2026-06-15T06:47:30
================================================================================
[2026-06-15T06:48:15.700+0000] {manager.py:878} INFO - 
================================================================================
DAG File Processing Stats

File Path                               PID    Runtime      # DAGs    # Errors  Last Runtime    Last Run
--------------------------------------  -----  ---------  --------  ----------  --------------  -------------------
/opt/airflow/dags/bi_masan_pipeline.py                           1           0  0.11s           2026-06-15T06:48:00
================================================================================
[2026-06-15T06:48:45.909+0000] {manager.py:878} INFO - 
================================================================================
DAG File Processing Stats

File Path                               PID    Runtime      # DAGs    # Errors  Last Runtime    Last Run
--------------------------------------  -----  ---------  --------  ----------  --------------  -------------------
/opt/airflow/dags/bi_masan_pipeline.py                           1           0  0.11s           2026-06-15T06:48:30
================================================================================
[2026-06-15T06:49:16.229+0000] {manager.py:878} INFO - 
================================================================================
DAG File Processing Stats

File Path                               PID    Runtime      # DAGs    # Errors  Last Runtime    Last Run
--------------------------------------  -----  ---------  --------  ----------  --------------  -------------------
/opt/airflow/dags/bi_masan_pipeline.py                           1           0  0.11s           2026-06-15T06:49:01
================================================================================
[2026-06-15T06:49:46.568+0000] {manager.py:878} INFO - 
================================================================================
DAG File Processing Stats

File Path                               PID    Runtime      # DAGs    # Errors  Last Runtime    Last Run
--------------------------------------  -----  ---------  --------  ----------  --------------  -------------------
/opt/airflow/dags/bi_masan_pipeline.py                           1           0  0.11s           2026-06-15T06:49:31
================================================================================
[2026-06-15T06:49:56.314+0000] {manager.py:737} INFO - Searching for files in /opt/airflow/dags
[2026-06-15T06:49:56.316+0000] {manager.py:740} INFO - There are 1 files in /opt/airflow/dags
[2026-06-15T06:50:16.817+0000] {manager.py:878} INFO - 
================================================================================
DAG File Processing Stats

File Path                               PID    Runtime      # DAGs    # Errors  Last Runtime    Last Run
--------------------------------------  -----  ---------  --------  ----------  --------------  -------------------
/opt/airflow/dags/bi_masan_pipeline.py                           1           0  0.11s           2026-06-15T06:50:01
================================================================================
[2026-06-15T06:50:47.119+0000] {manager.py:878} INFO - 
================================================================================
DAG File Processing Stats

File Path                               PID    Runtime      # DAGs    # Errors  Last Runtime    Last Run
--------------------------------------  -----  ---------  --------  ----------  --------------  -------------------
/opt/airflow/dags/bi_masan_pipeline.py                           1           0  0.10s           2026-06-15T06:50:32
================================================================================
[2026-06-15T06:51:17.481+0000] {manager.py:878} INFO - 
================================================================================
DAG File Processing Stats

File Path                               PID    Runtime      # DAGs    # Errors  Last Runtime    Last Run
--------------------------------------  -----  ---------  --------  ----------  --------------  -------------------
/opt/airflow/dags/bi_masan_pipeline.py                           1           0  0.11s           2026-06-15T06:51:02
================================================================================
[2026-06-15T06:51:47.825+0000] {manager.py:878} INFO - 
================================================================================
DAG File Processing Stats

File Path                               PID    Runtime      # DAGs    # Errors  Last Runtime    Last Run
--------------------------------------  -----  ---------  --------  ----------  --------------  -------------------
/opt/airflow/dags/bi_masan_pipeline.py                           1           0  0.11s           2026-06-15T06:51:32
================================================================================
[2026-06-15T06:52:18.523+0000] {manager.py:878} INFO - 
================================================================================
DAG File Processing Stats

File Path                               PID    Runtime      # DAGs    # Errors  Last Runtime    Last Run
--------------------------------------  -----  ---------  --------  ----------  --------------  -------------------
/opt/airflow/dags/bi_masan_pipeline.py                           1           0  0.11s           2026-06-15T06:52:03
================================================================================
[2026-06-15T06:52:48.777+0000] {manager.py:878} INFO - 
================================================================================
DAG File Processing Stats

File Path                               PID    Runtime      # DAGs    # Errors  Last Runtime    Last Run
--------------------------------------  -----  ---------  --------  ----------  --------------  -------------------
/opt/airflow/dags/bi_masan_pipeline.py                           1           0  0.10s           2026-06-15T06:52:33
================================================================================
[2026-06-15T06:53:18.974+0000] {manager.py:878} INFO - 
================================================================================
DAG File Processing Stats

File Path                               PID    Runtime      # DAGs    # Errors  Last Runtime    Last Run
--------------------------------------  -----  ---------  --------  ----------  --------------  -------------------
/opt/airflow/dags/bi_masan_pipeline.py                           1           0  0.11s           2026-06-15T06:53:03
================================================================================
[2026-06-15T06:53:49.148+0000] {manager.py:878} INFO - 
================================================================================
DAG File Processing Stats

File Path                               PID    Runtime      # DAGs    # Errors  Last Runtime    Last Run
--------------------------------------  -----  ---------  --------  ----------  --------------  -------------------
/opt/airflow/dags/bi_masan_pipeline.py                           1           0  0.10s           2026-06-15T06:53:34
================================================================================
[2026-06-15T06:54:19.354+0000] {manager.py:878} INFO - 
================================================================================
DAG File Processing Stats

File Path                               PID    Runtime      # DAGs    # Errors  Last Runtime    Last Run
--------------------------------------  -----  ---------  --------  ----------  --------------  -------------------
/opt/airflow/dags/bi_masan_pipeline.py                           1           0  0.11s           2026-06-15T06:54:04
================================================================================
[2026-06-15T06:54:49.554+0000] {manager.py:878} INFO - 
================================================================================
DAG File Processing Stats

File Path                               PID    Runtime      # DAGs    # Errors  Last Runtime    Last Run
--------------------------------------  -----  ---------  --------  ----------  --------------  -------------------
/opt/airflow/dags/bi_masan_pipeline.py                           1           0  0.11s           2026-06-15T06:54:34
================================================================================
[2026-06-15T06:54:56.354+0000] {manager.py:737} INFO - Searching for files in /opt/airflow/dags
[2026-06-15T06:54:56.356+0000] {manager.py:740} INFO - There are 1 files in /opt/airflow/dags
[2026-06-15T06:55:19.728+0000] {manager.py:878} INFO - 
================================================================================
DAG File Processing Stats

File Path                               PID    Runtime      # DAGs    # Errors  Last Runtime    Last Run
--------------------------------------  -----  ---------  --------  ----------  --------------  -------------------
/opt/airflow/dags/bi_masan_pipeline.py                           1           0  0.10s           2026-06-15T06:55:04
================================================================================
[2026-06-15T06:55:53.778+0000] {manager.py:878} INFO - 
================================================================================
DAG File Processing Stats

File Path                               PID    Runtime      # DAGs    # Errors  Last Runtime    Last Run
--------------------------------------  -----  ---------  --------  ----------  --------------  -------------------
/opt/airflow/dags/bi_masan_pipeline.py                           1           0  0.11s           2026-06-15T06:55:34
================================================================================
[2026-06-15T06:56:23.815+0000] {manager.py:878} INFO - 
================================================================================
DAG File Processing Stats

File Path                               PID    Runtime      # DAGs    # Errors  Last Runtime    Last Run
--------------------------------------  -----  ---------  --------  ----------  --------------  -------------------
/opt/airflow/dags/bi_masan_pipeline.py                           1           0  0.11s           2026-06-15T06:56:05
================================================================================
[2026-06-15T06:56:53.902+0000] {manager.py:878} INFO - 
================================================================================
DAG File Processing Stats

File Path                               PID    Runtime      # DAGs    # Errors  Last Runtime    Last Run
--------------------------------------  -----  ---------  --------  ----------  --------------  -------------------
/opt/airflow/dags/bi_masan_pipeline.py                           1           0  0.10s           2026-06-15T06:56:36
================================================================================
[2026-06-15T06:57:21.100+0000] {manager.py:470} INFO - Processing files using up to 1 processes at a time 
[2026-06-15T06:57:21.101+0000] {manager.py:471} INFO - Process each file at most once every 30 seconds
[2026-06-15T06:57:21.101+0000] {manager.py:472} INFO - Checking for new files in /opt/airflow/dags every 300 seconds
[2026-06-15T06:57:21.101+0000] {manager.py:737} INFO - Searching for files in /opt/airflow/dags
[2026-06-15T06:57:21.101+0000] {manager.py:740} INFO - There are 1 files in /opt/airflow/dags
[2026-06-15T06:57:21.227+0000] {manager.py:878} INFO - 
================================================================================
DAG File Processing Stats

File Path                               PID    Runtime      # DAGs    # Errors  Last Runtime    Last Run
--------------------------------------  -----  ---------  --------  ----------  --------------  -------------------
/opt/airflow/dags/bi_masan_pipeline.py                           1           0  0.10s           2026-06-15T06:57:21
================================================================================
[2026-06-15T06:57:51.451+0000] {manager.py:878} INFO - 
================================================================================
DAG File Processing Stats

File Path                               PID    Runtime      # DAGs    # Errors  Last Runtime    Last Run
--------------------------------------  -----  ---------  --------  ----------  --------------  -------------------
/opt/airflow/dags/bi_masan_pipeline.py                           1           0  0.10s           2026-06-15T06:57:51
================================================================================
[2026-06-15T06:58:21.886+0000] {manager.py:878} INFO - 
================================================================================
DAG File Processing Stats

File Path                               PID    Runtime      # DAGs    # Errors  Last Runtime    Last Run
--------------------------------------  -----  ---------  --------  ----------  --------------  -------------------
/opt/airflow/dags/bi_masan_pipeline.py                           1           0  0.11s           2026-06-15T06:58:21
================================================================================
[2026-06-15T06:58:52.437+0000] {manager.py:878} INFO - 
================================================================================
DAG File Processing Stats

File Path                               PID    Runtime      # DAGs    # Errors  Last Runtime    Last Run
--------------------------------------  -----  ---------  --------  ----------  --------------  -------------------
/opt/airflow/dags/bi_masan_pipeline.py                           1           0  0.10s           2026-06-15T06:58:52
================================================================================
[2026-06-15T06:59:23.107+0000] {manager.py:878} INFO - 
================================================================================
DAG File Processing Stats

File Path                               PID    Runtime      # DAGs    # Errors  Last Runtime    Last Run
--------------------------------------  -----  ---------  --------  ----------  --------------  -------------------
/opt/airflow/dags/bi_masan_pipeline.py                           1           0  0.10s           2026-06-15T06:59:23
================================================================================
[2026-06-15T06:59:53.352+0000] {manager.py:878} INFO - 
================================================================================
DAG File Processing Stats

File Path                               PID    Runtime      # DAGs    # Errors  Last Runtime    Last Run
--------------------------------------  -----  ---------  --------  ----------  --------------  -------------------
/opt/airflow/dags/bi_masan_pipeline.py                           1           0  0.11s           2026-06-15T06:59:53
================================================================================
[2026-06-15T07:00:23.592+0000] {manager.py:878} INFO - 
================================================================================
DAG File Processing Stats

File Path                               PID    Runtime      # DAGs    # Errors  Last Runtime    Last Run
--------------------------------------  -----  ---------  --------  ----------  --------------  -------------------
/opt/airflow/dags/bi_masan_pipeline.py                           1           0  0.11s           2026-06-15T07:00:23
================================================================================
[2026-06-15T07:00:53.823+0000] {manager.py:878} INFO - 
================================================================================
DAG File Processing Stats

File Path                               PID    Runtime      # DAGs    # Errors  Last Runtime    Last Run
--------------------------------------  -----  ---------  --------  ----------  --------------  -------------------
/opt/airflow/dags/bi_masan_pipeline.py                           1           0  0.10s           2026-06-15T07:00:53
================================================================================
[2026-06-15T07:01:24.057+0000] {manager.py:878} INFO - 
================================================================================
DAG File Processing Stats

File Path                               PID    Runtime      # DAGs    # Errors  Last Runtime    Last Run
--------------------------------------  -----  ---------  --------  ----------  --------------  -------------------
/opt/airflow/dags/bi_masan_pipeline.py                           1           0  0.10s           2026-06-15T07:01:24
================================================================================
[2026-06-15T07:01:54.302+0000] {manager.py:878} INFO - 
================================================================================
DAG File Processing Stats

File Path                               PID    Runtime      # DAGs    # Errors  Last Runtime    Last Run
--------------------------------------  -----  ---------  --------  ----------  --------------  -------------------
/opt/airflow/dags/bi_masan_pipeline.py                           1           0  0.11s           2026-06-15T07:01:54
================================================================================
[2026-06-15T07:02:21.103+0000] {manager.py:737} INFO - Searching for files in /opt/airflow/dags
[2026-06-15T07:02:21.104+0000] {manager.py:740} INFO - There are 1 files in /opt/airflow/dags
[2026-06-15T07:02:24.550+0000] {manager.py:878} INFO - 
================================================================================
DAG File Processing Stats

File Path                               PID    Runtime      # DAGs    # Errors  Last Runtime    Last Run
--------------------------------------  -----  ---------  --------  ----------  --------------  -------------------
/opt/airflow/dags/bi_masan_pipeline.py                           1           0  0.10s           2026-06-15T07:02:24
================================================================================
[2026-06-15T07:02:54.800+0000] {manager.py:878} INFO - 
================================================================================
DAG File Processing Stats

File Path                               PID    Runtime      # DAGs    # Errors  Last Runtime    Last Run
--------------------------------------  -----  ---------  --------  ----------  --------------  -------------------
/opt/airflow/dags/bi_masan_pipeline.py                           1           0  0.10s           2026-06-15T07:02:54
================================================================================
[2026-06-15T07:03:25.127+0000] {manager.py:878} INFO - 
================================================================================
DAG File Processing Stats

File Path                               PID    Runtime      # DAGs    # Errors  Last Runtime    Last Run
--------------------------------------  -----  ---------  --------  ----------  --------------  -------------------
/opt/airflow/dags/bi_masan_pipeline.py                           1           0  0.20s           2026-06-15T07:03:25
================================================================================
[2026-06-15T07:03:56.285+0000] {manager.py:878} INFO - 
================================================================================
DAG File Processing Stats

File Path                               PID    Runtime      # DAGs    # Errors  Last Runtime    Last Run
--------------------------------------  -----  ---------  --------  ----------  --------------  -------------------
/opt/airflow/dags/bi_masan_pipeline.py                           1           0  0.20s           2026-06-15T07:03:56
================================================================================
[2026-06-15T07:04:26.524+0000] {manager.py:878} INFO - 
================================================================================
DAG File Processing Stats

File Path                               PID    Runtime      # DAGs    # Errors  Last Runtime    Last Run
--------------------------------------  -----  ---------  --------  ----------  --------------  -------------------
/opt/airflow/dags/bi_masan_pipeline.py                           1           0  0.20s           2026-06-15T07:04:26
================================================================================
[2026-06-15T07:04:56.737+0000] {manager.py:878} INFO - 
================================================================================
DAG File Processing Stats

File Path                               PID    Runtime      # DAGs    # Errors  Last Runtime    Last Run
--------------------------------------  -----  ---------  --------  ----------  --------------  -------------------
/opt/airflow/dags/bi_masan_pipeline.py                           1           0  0.21s           2026-06-15T07:04:56
================================================================================
[2026-06-15T07:05:26.968+0000] {manager.py:878} INFO - 
================================================================================
DAG File Processing Stats

File Path                               PID    Runtime      # DAGs    # Errors  Last Runtime    Last Run
--------------------------------------  -----  ---------  --------  ----------  --------------  -------------------
/opt/airflow/dags/bi_masan_pipeline.py                           1           0  0.20s           2026-06-15T07:05:26
================================================================================
[2026-06-15T07:05:57.163+0000] {manager.py:878} INFO - 
================================================================================
DAG File Processing Stats

File Path                               PID    Runtime      # DAGs    # Errors  Last Runtime    Last Run
--------------------------------------  -----  ---------  --------  ----------  --------------  -------------------
/opt/airflow/dags/bi_masan_pipeline.py                           1           0  0.10s           2026-06-15T07:05:57
================================================================================
[2026-06-15T07:06:27.324+0000] {manager.py:878} INFO - 
================================================================================
DAG File Processing Stats

File Path                               PID    Runtime      # DAGs    # Errors  Last Runtime    Last Run
--------------------------------------  -----  ---------  --------  ----------  --------------  -------------------
/opt/airflow/dags/bi_masan_pipeline.py                           1           0  0.10s           2026-06-15T07:06:27
================================================================================
[2026-06-15T07:06:57.571+0000] {manager.py:878} INFO - 
================================================================================
DAG File Processing Stats

File Path                               PID    Runtime      # DAGs    # Errors  Last Runtime    Last Run
--------------------------------------  -----  ---------  --------  ----------  --------------  -------------------
/opt/airflow/dags/bi_masan_pipeline.py                           1           0  0.10s           2026-06-15T07:06:57
================================================================================
[2026-06-15T07:07:21.153+0000] {manager.py:737} INFO - Searching for files in /opt/airflow/dags
[2026-06-15T07:07:21.155+0000] {manager.py:740} INFO - There are 1 files in /opt/airflow/dags
[2026-06-15T07:07:27.806+0000] {manager.py:878} INFO - 
================================================================================
DAG File Processing Stats

File Path                               PID    Runtime      # DAGs    # Errors  Last Runtime    Last Run
--------------------------------------  -----  ---------  --------  ----------  --------------  -------------------
/opt/airflow/dags/bi_masan_pipeline.py                           1           0  0.10s           2026-06-15T07:07:27
================================================================================
[2026-06-15T07:07:57.998+0000] {manager.py:878} INFO - 
================================================================================
DAG File Processing Stats

File Path                               PID    Runtime      # DAGs    # Errors  Last Runtime    Last Run
--------------------------------------  -----  ---------  --------  ----------  --------------  -------------------
/opt/airflow/dags/bi_masan_pipeline.py                           1           0  0.10s           2026-06-15T07:07:57
================================================================================
[2026-06-15T07:08:28.221+0000] {manager.py:878} INFO - 
================================================================================
DAG File Processing Stats

File Path                               PID    Runtime      # DAGs    # Errors  Last Runtime    Last Run
--------------------------------------  -----  ---------  --------  ----------  --------------  -------------------
/opt/airflow/dags/bi_masan_pipeline.py                           1           0  0.10s           2026-06-15T07:08:28
================================================================================
[2026-06-15T07:08:58.424+0000] {manager.py:878} INFO - 
================================================================================
DAG File Processing Stats

File Path                               PID    Runtime      # DAGs    # Errors  Last Runtime    Last Run
--------------------------------------  -----  ---------  --------  ----------  --------------  -------------------
/opt/airflow/dags/bi_masan_pipeline.py                           1           0  0.11s           2026-06-15T07:08:58
================================================================================
[2026-06-15T07:10:59.115+0000] {manager.py:470} INFO - Processing files using up to 1 processes at a time 
[2026-06-15T07:10:59.116+0000] {manager.py:471} INFO - Process each file at most once every 30 seconds
[2026-06-15T07:10:59.116+0000] {manager.py:472} INFO - Checking for new files in /opt/airflow/dags every 300 seconds
[2026-06-15T07:10:59.116+0000] {manager.py:737} INFO - Searching for files in /opt/airflow/dags
[2026-06-15T07:10:59.117+0000] {manager.py:740} INFO - There are 1 files in /opt/airflow/dags
[2026-06-15T07:10:59.247+0000] {manager.py:878} INFO - 
================================================================================
DAG File Processing Stats

File Path                               PID    Runtime      # DAGs    # Errors  Last Runtime    Last Run
--------------------------------------  -----  ---------  --------  ----------  --------------  -------------------
/opt/airflow/dags/bi_masan_pipeline.py                           1           0  0.10s           2026-06-15T07:10:59
================================================================================
[2026-06-15T07:11:29.366+0000] {manager.py:878} INFO - 
================================================================================
DAG File Processing Stats

File Path                               PID    Runtime      # DAGs    # Errors  Last Runtime    Last Run
--------------------------------------  -----  ---------  --------  ----------  --------------  -------------------
/opt/airflow/dags/bi_masan_pipeline.py                           1           0  0.10s           2026-06-15T07:11:29
================================================================================
[2026-06-15T07:11:59.805+0000] {manager.py:878} INFO - 
================================================================================
DAG File Processing Stats

File Path                               PID    Runtime      # DAGs    # Errors  Last Runtime    Last Run
--------------------------------------  -----  ---------  --------  ----------  --------------  -------------------
/opt/airflow/dags/bi_masan_pipeline.py                           1           0  0.10s           2026-06-15T07:11:59
================================================================================
[2026-06-15T07:12:38.254+0000] {manager.py:878} INFO - 
================================================================================
DAG File Processing Stats

File Path                               PID    Runtime      # DAGs    # Errors  Last Runtime    Last Run
--------------------------------------  -----  ---------  --------  ----------  --------------  -------------------
/opt/airflow/dags/bi_masan_pipeline.py                           1           0  0.10s           2026-06-15T07:12:38
================================================================================
[2026-06-15T07:13:08.512+0000] {manager.py:878} INFO - 
================================================================================
DAG File Processing Stats

File Path                               PID    Runtime      # DAGs    # Errors  Last Runtime    Last Run
--------------------------------------  -----  ---------  --------  ----------  --------------  -------------------
/opt/airflow/dags/bi_masan_pipeline.py                           1           0  0.10s           2026-06-15T07:13:08
================================================================================
[2026-06-15T07:13:38.925+0000] {manager.py:878} INFO - 
================================================================================
DAG File Processing Stats

File Path                               PID    Runtime      # DAGs    # Errors  Last Runtime    Last Run
--------------------------------------  -----  ---------  --------  ----------  --------------  -------------------
/opt/airflow/dags/bi_masan_pipeline.py                           1           0  0.11s           2026-06-15T07:13:38
================================================================================
[2026-06-15T07:14:09.309+0000] {manager.py:878} INFO - 
================================================================================
DAG File Processing Stats

File Path                               PID    Runtime      # DAGs    # Errors  Last Runtime    Last Run
--------------------------------------  -----  ---------  --------  ----------  --------------  -------------------
/opt/airflow/dags/bi_masan_pipeline.py                           1           0  0.10s           2026-06-15T07:14:09
================================================================================
[2026-06-15T07:14:39.691+0000] {manager.py:878} INFO - 
================================================================================
DAG File Processing Stats

File Path                               PID    Runtime      # DAGs    # Errors  Last Runtime    Last Run
--------------------------------------  -----  ---------  --------  ----------  --------------  -------------------
/opt/airflow/dags/bi_masan_pipeline.py                           1           0  0.11s           2026-06-15T07:14:39
================================================================================
[2026-06-15T07:15:09.858+0000] {manager.py:878} INFO - 
================================================================================
DAG File Processing Stats

File Path                               PID    Runtime      # DAGs    # Errors  Last Runtime    Last Run
--------------------------------------  -----  ---------  --------  ----------  --------------  -------------------
/opt/airflow/dags/bi_masan_pipeline.py                           1           0  0.10s           2026-06-15T07:15:09
================================================================================
[2026-06-15T07:15:39.986+0000] {manager.py:878} INFO - 
================================================================================
DAG File Processing Stats

File Path                               PID    Runtime      # DAGs    # Errors  Last Runtime    Last Run
--------------------------------------  -----  ---------  --------  ----------  --------------  -------------------
/opt/airflow/dags/bi_masan_pipeline.py                           1           0  0.10s           2026-06-15T07:15:39
================================================================================
[2026-06-15T07:15:59.121+0000] {manager.py:737} INFO - Searching for files in /opt/airflow/dags
[2026-06-15T07:15:59.123+0000] {manager.py:740} INFO - There are 1 files in /opt/airflow/dags
[2026-06-15T07:16:10.115+0000] {manager.py:878} INFO - 
================================================================================
DAG File Processing Stats

File Path                               PID    Runtime      # DAGs    # Errors  Last Runtime    Last Run
--------------------------------------  -----  ---------  --------  ----------  --------------  -------------------
/opt/airflow/dags/bi_masan_pipeline.py                           1           0  0.11s           2026-06-15T07:16:10
================================================================================
[2026-06-15T07:16:41.059+0000] {manager.py:878} INFO - 
================================================================================
DAG File Processing Stats

File Path                               PID    Runtime      # DAGs    # Errors  Last Runtime    Last Run
--------------------------------------  -----  ---------  --------  ----------  --------------  -------------------
/opt/airflow/dags/bi_masan_pipeline.py                           1           0  0.20s           2026-06-15T07:16:41
================================================================================
[2026-06-15T07:17:11.494+0000] {manager.py:878} INFO - 
================================================================================
DAG File Processing Stats

File Path                               PID    Runtime      # DAGs    # Errors  Last Runtime    Last Run
--------------------------------------  -----  ---------  --------  ----------  --------------  -------------------
/opt/airflow/dags/bi_masan_pipeline.py                           1           0  0.20s           2026-06-15T07:17:11
================================================================================
[2026-06-15T07:17:43.404+0000] {manager.py:878} INFO - 
================================================================================
DAG File Processing Stats

File Path                               PID    Runtime      # DAGs    # Errors  Last Runtime    Last Run
--------------------------------------  -----  ---------  --------  ----------  --------------  -------------------
/opt/airflow/dags/bi_masan_pipeline.py                           1           0  0.20s           2026-06-15T07:17:43
================================================================================
[2026-06-15T07:18:14.617+0000] {manager.py:878} INFO - 
================================================================================
DAG File Processing Stats

File Path                               PID    Runtime      # DAGs    # Errors  Last Runtime    Last Run
--------------------------------------  -----  ---------  --------  ----------  --------------  -------------------
/opt/airflow/dags/bi_masan_pipeline.py                           1           0  0.20s           2026-06-15T07:18:14
================================================================================
[2026-06-15T07:18:44.886+0000] {manager.py:878} INFO - 
================================================================================
DAG File Processing Stats

File Path                               PID    Runtime      # DAGs    # Errors  Last Runtime    Last Run
--------------------------------------  -----  ---------  --------  ----------  --------------  -------------------
/opt/airflow/dags/bi_masan_pipeline.py                           1           0  0.20s           2026-06-15T07:18:44
================================================================================
[2026-06-15T07:19:15.114+0000] {manager.py:878} INFO - 
================================================================================
DAG File Processing Stats

File Path                               PID    Runtime      # DAGs    # Errors  Last Runtime    Last Run
--------------------------------------  -----  ---------  --------  ----------  --------------  -------------------
/opt/airflow/dags/bi_masan_pipeline.py                           1           0  0.10s           2026-06-15T07:19:15
================================================================================
[2026-06-15T07:19:45.262+0000] {manager.py:878} INFO - 
================================================================================
DAG File Processing Stats

File Path                               PID    Runtime      # DAGs    # Errors  Last Runtime    Last Run
--------------------------------------  -----  ---------  --------  ----------  --------------  -------------------
/opt/airflow/dags/bi_masan_pipeline.py                           1           0  0.10s           2026-06-15T07:19:45
================================================================================
[2026-06-15T07:20:15.499+0000] {manager.py:878} INFO - 
================================================================================
DAG File Processing Stats

File Path                               PID    Runtime      # DAGs    # Errors  Last Runtime    Last Run
--------------------------------------  -----  ---------  --------  ----------  --------------  -------------------
/opt/airflow/dags/bi_masan_pipeline.py                           1           0  0.10s           2026-06-15T07:20:15
================================================================================
[2026-06-15T07:20:45.723+0000] {manager.py:878} INFO - 
================================================================================
DAG File Processing Stats

File Path                               PID    Runtime      # DAGs    # Errors  Last Runtime    Last Run
--------------------------------------  -----  ---------  --------  ----------  --------------  -------------------
/opt/airflow/dags/bi_masan_pipeline.py                           1           0  0.10s           2026-06-15T07:20:45
================================================================================
[2026-06-15T07:20:59.183+0000] {manager.py:737} INFO - Searching for files in /opt/airflow/dags
[2026-06-15T07:20:59.185+0000] {manager.py:740} INFO - There are 1 files in /opt/airflow/dags
[2026-06-15T07:21:21.690+0000] {manager.py:878} INFO - 
================================================================================
DAG File Processing Stats

File Path                               PID    Runtime      # DAGs    # Errors  Last Runtime    Last Run
--------------------------------------  -----  ---------  --------  ----------  --------------  -------------------
/opt/airflow/dags/bi_masan_pipeline.py                           1           0  0.10s           2026-06-15T07:21:21
================================================================================
[2026-06-15T07:21:58.354+0000] {manager.py:878} INFO - 
================================================================================
DAG File Processing Stats

File Path                               PID    Runtime      # DAGs    # Errors  Last Runtime    Last Run
--------------------------------------  -----  ---------  --------  ----------  --------------  -------------------
/opt/airflow/dags/bi_masan_pipeline.py                           1           0  0.10s           2026-06-15T07:21:58
================================================================================
[2026-06-15T07:22:28.538+0000] {manager.py:878} INFO - 
================================================================================
DAG File Processing Stats

File Path                               PID    Runtime      # DAGs    # Errors  Last Runtime    Last Run
--------------------------------------  -----  ---------  --------  ----------  --------------  -------------------
/opt/airflow/dags/bi_masan_pipeline.py                           1           0  0.11s           2026-06-15T07:22:28
================================================================================
[2026-06-15T07:22:58.850+0000] {manager.py:878} INFO - 
================================================================================
DAG File Processing Stats

File Path                               PID    Runtime      # DAGs    # Errors  Last Runtime    Last Run
--------------------------------------  -----  ---------  --------  ----------  --------------  -------------------
/opt/airflow/dags/bi_masan_pipeline.py                           1           0  0.11s           2026-06-15T07:22:58
================================================================================
[2026-06-15T07:23:29.066+0000] {manager.py:878} INFO - 
================================================================================
DAG File Processing Stats

File Path                               PID    Runtime      # DAGs    # Errors  Last Runtime    Last Run
--------------------------------------  -----  ---------  --------  ----------  --------------  -------------------
/opt/airflow/dags/bi_masan_pipeline.py                           1           0  0.10s           2026-06-15T07:23:29
================================================================================
[2026-06-15T07:23:59.419+0000] {manager.py:878} INFO - 
================================================================================
DAG File Processing Stats

File Path                               PID    Runtime      # DAGs    # Errors  Last Runtime    Last Run
--------------------------------------  -----  ---------  --------  ----------  --------------  -------------------
/opt/airflow/dags/bi_masan_pipeline.py                           1           0  0.11s           2026-06-15T07:23:59
================================================================================
[2026-06-15T07:24:29.666+0000] {manager.py:878} INFO - 
================================================================================
DAG File Processing Stats

File Path                               PID    Runtime      # DAGs    # Errors  Last Runtime    Last Run
--------------------------------------  -----  ---------  --------  ----------  --------------  -------------------
/opt/airflow/dags/bi_masan_pipeline.py                           1           0  0.10s           2026-06-15T07:24:29
================================================================================
[2026-06-15T07:25:00.510+0000] {manager.py:878} INFO - 
================================================================================
DAG File Processing Stats

File Path                               PID    Runtime      # DAGs    # Errors  Last Runtime    Last Run
--------------------------------------  -----  ---------  --------  ----------  --------------  -------------------
/opt/airflow/dags/bi_masan_pipeline.py                           1           0  0.11s           2026-06-15T07:25:00
================================================================================
[2026-06-15T07:25:31.122+0000] {manager.py:878} INFO - 
================================================================================
DAG File Processing Stats

File Path                               PID    Runtime      # DAGs    # Errors  Last Runtime    Last Run
--------------------------------------  -----  ---------  --------  ----------  --------------  -------------------
/opt/airflow/dags/bi_masan_pipeline.py                           1           0  0.11s           2026-06-15T07:25:31
================================================================================
[2026-06-15T07:25:59.232+0000] {manager.py:737} INFO - Searching for files in /opt/airflow/dags
[2026-06-15T07:25:59.235+0000] {manager.py:740} INFO - There are 1 files in /opt/airflow/dags
[2026-06-15T07:26:01.454+0000] {manager.py:878} INFO - 
================================================================================
DAG File Processing Stats

File Path                               PID    Runtime      # DAGs    # Errors  Last Runtime    Last Run
--------------------------------------  -----  ---------  --------  ----------  --------------  -------------------
/opt/airflow/dags/bi_masan_pipeline.py                           1           0  0.10s           2026-06-15T07:26:01
================================================================================
[2026-06-15T07:26:31.835+0000] {manager.py:878} INFO - 
================================================================================
DAG File Processing Stats

File Path                               PID    Runtime      # DAGs    # Errors  Last Runtime    Last Run
--------------------------------------  -----  ---------  --------  ----------  --------------  -------------------
/opt/airflow/dags/bi_masan_pipeline.py                           1           0  0.10s           2026-06-15T07:26:31
================================================================================
[2026-06-15T07:27:02.194+0000] {manager.py:878} INFO - 
================================================================================
DAG File Processing Stats

File Path                               PID    Runtime      # DAGs    # Errors  Last Runtime    Last Run
--------------------------------------  -----  ---------  --------  ----------  --------------  -------------------
/opt/airflow/dags/bi_masan_pipeline.py                           1           0  0.11s           2026-06-15T07:27:02
================================================================================
[2026-06-15T07:27:32.579+0000] {manager.py:878} INFO - 
================================================================================
DAG File Processing Stats

File Path                               PID    Runtime      # DAGs    # Errors  Last Runtime    Last Run
--------------------------------------  -----  ---------  --------  ----------  --------------  -------------------
/opt/airflow/dags/bi_masan_pipeline.py                           1           0  0.11s           2026-06-15T07:27:32
================================================================================
[2026-06-15T07:28:02.764+0000] {manager.py:878} INFO - 
================================================================================
DAG File Processing Stats

File Path                               PID    Runtime      # DAGs    # Errors  Last Runtime    Last Run
--------------------------------------  -----  ---------  --------  ----------  --------------  -------------------
/opt/airflow/dags/bi_masan_pipeline.py                           1           0  0.10s           2026-06-15T07:28:02
================================================================================
[2026-06-15T07:28:33.028+0000] {manager.py:878} INFO - 
================================================================================
DAG File Processing Stats

File Path                               PID    Runtime      # DAGs    # Errors  Last Runtime    Last Run
--------------------------------------  -----  ---------  --------  ----------  --------------  -------------------
/opt/airflow/dags/bi_masan_pipeline.py                           1           0  0.11s           2026-06-15T07:28:33
================================================================================
[2026-06-15T07:29:03.258+0000] {manager.py:878} INFO - 
================================================================================
DAG File Processing Stats

File Path                               PID    Runtime      # DAGs    # Errors  Last Runtime    Last Run
--------------------------------------  -----  ---------  --------  ----------  --------------  -------------------
/opt/airflow/dags/bi_masan_pipeline.py                           1           0  0.10s           2026-06-15T07:29:03
================================================================================
[2026-06-15T07:29:33.468+0000] {manager.py:878} INFO - 
================================================================================
DAG File Processing Stats

File Path                               PID    Runtime      # DAGs    # Errors  Last Runtime    Last Run
--------------------------------------  -----  ---------  --------  ----------  --------------  -------------------
/opt/airflow/dags/bi_masan_pipeline.py                           1           0  0.10s           2026-06-15T07:29:33
================================================================================
[2026-06-15T07:30:03.723+0000] {manager.py:878} INFO - 
================================================================================
DAG File Processing Stats

File Path                               PID    Runtime      # DAGs    # Errors  Last Runtime    Last Run
--------------------------------------  -----  ---------  --------  ----------  --------------  -------------------
/opt/airflow/dags/bi_masan_pipeline.py                           1           0  0.10s           2026-06-15T07:30:03
================================================================================
[2026-06-15T07:30:33.977+0000] {manager.py:878} INFO - 
================================================================================
DAG File Processing Stats

File Path                               PID    Runtime      # DAGs    # Errors  Last Runtime    Last Run
--------------------------------------  -----  ---------  --------  ----------  --------------  -------------------
/opt/airflow/dags/bi_masan_pipeline.py                           1           0  0.10s           2026-06-15T07:30:33
================================================================================
[2026-06-15T07:30:59.288+0000] {manager.py:737} INFO - Searching for files in /opt/airflow/dags
[2026-06-15T07:30:59.290+0000] {manager.py:740} INFO - There are 1 files in /opt/airflow/dags
[2026-06-15T07:31:04.214+0000] {manager.py:878} INFO - 
================================================================================
DAG File Processing Stats

File Path                               PID    Runtime      # DAGs    # Errors  Last Runtime    Last Run
--------------------------------------  -----  ---------  --------  ----------  --------------  -------------------
/opt/airflow/dags/bi_masan_pipeline.py                           1           0  0.10s           2026-06-15T07:31:04
================================================================================
[2026-06-15T07:31:34.428+0000] {manager.py:878} INFO - 
================================================================================
DAG File Processing Stats

File Path                               PID    Runtime      # DAGs    # Errors  Last Runtime    Last Run
--------------------------------------  -----  ---------  --------  ----------  --------------  -------------------
/opt/airflow/dags/bi_masan_pipeline.py                           1           0  0.11s           2026-06-15T07:31:34
================================================================================
[2026-06-15T07:32:04.635+0000] {manager.py:878} INFO - 
================================================================================
DAG File Processing Stats

File Path                               PID    Runtime      # DAGs    # Errors  Last Runtime    Last Run
--------------------------------------  -----  ---------  --------  ----------  --------------  -------------------
/opt/airflow/dags/bi_masan_pipeline.py                           1           0  0.10s           2026-06-15T07:32:04
================================================================================
[2026-06-15T07:32:34.871+0000] {manager.py:878} INFO - 
================================================================================
DAG File Processing Stats

File Path                               PID    Runtime      # DAGs    # Errors  Last Runtime    Last Run
--------------------------------------  -----  ---------  --------  ----------  --------------  -------------------
/opt/airflow/dags/bi_masan_pipeline.py                           1           0  0.10s           2026-06-15T07:32:34
================================================================================
[2026-06-15T07:33:05.076+0000] {manager.py:878} INFO - 
================================================================================
DAG File Processing Stats

File Path                               PID    Runtime      # DAGs    # Errors  Last Runtime    Last Run
--------------------------------------  -----  ---------  --------  ----------  --------------  -------------------
/opt/airflow/dags/bi_masan_pipeline.py                           1           0  0.11s           2026-06-15T07:33:05
================================================================================
[2026-06-15T07:33:35.328+0000] {manager.py:878} INFO - 
================================================================================
DAG File Processing Stats

File Path                               PID    Runtime      # DAGs    # Errors  Last Runtime    Last Run
--------------------------------------  -----  ---------  --------  ----------  --------------  -------------------
/opt/airflow/dags/bi_masan_pipeline.py                           1           0  0.11s           2026-06-15T07:33:35
================================================================================
[2026-06-15T07:34:05.526+0000] {manager.py:878} INFO - 
================================================================================
DAG File Processing Stats

File Path                               PID    Runtime      # DAGs    # Errors  Last Runtime    Last Run
--------------------------------------  -----  ---------  --------  ----------  --------------  -------------------
/opt/airflow/dags/bi_masan_pipeline.py                           1           0  0.10s           2026-06-15T07:34:05
================================================================================
[2026-06-15T07:34:35.761+0000] {manager.py:878} INFO - 
================================================================================
DAG File Processing Stats

File Path                               PID    Runtime      # DAGs    # Errors  Last Runtime    Last Run
--------------------------------------  -----  ---------  --------  ----------  --------------  -------------------
/opt/airflow/dags/bi_masan_pipeline.py                           1           0  0.11s           2026-06-15T07:34:35
================================================================================
[2026-06-15T07:35:06.718+0000] {manager.py:878} INFO - 
================================================================================
DAG File Processing Stats

File Path                               PID    Runtime      # DAGs    # Errors  Last Runtime    Last Run
--------------------------------------  -----  ---------  --------  ----------  --------------  -------------------
/opt/airflow/dags/bi_masan_pipeline.py                           1           0  0.11s           2026-06-15T07:35:06
================================================================================
[2026-06-15T07:35:37.333+0000] {manager.py:878} INFO - 
================================================================================
DAG File Processing Stats

File Path                               PID    Runtime      # DAGs    # Errors  Last Runtime    Last Run
--------------------------------------  -----  ---------  --------  ----------  --------------  -------------------
/opt/airflow/dags/bi_masan_pipeline.py                           1           0  0.10s           2026-06-15T07:35:37
================================================================================
[2026-06-15T07:35:59.294+0000] {manager.py:737} INFO - Searching for files in /opt/airflow/dags
[2026-06-15T07:35:59.296+0000] {manager.py:740} INFO - There are 1 files in /opt/airflow/dags
[2026-06-15T07:36:07.784+0000] {manager.py:878} INFO - 
================================================================================
DAG File Processing Stats

File Path                               PID    Runtime      # DAGs    # Errors  Last Runtime    Last Run
--------------------------------------  -----  ---------  --------  ----------  --------------  -------------------
/opt/airflow/dags/bi_masan_pipeline.py                           1           0  0.11s           2026-06-15T07:36:07
================================================================================
[2026-06-15T07:36:38.355+0000] {manager.py:878} INFO - 
================================================================================
DAG File Processing Stats

File Path                               PID    Runtime      # DAGs    # Errors  Last Runtime    Last Run
--------------------------------------  -----  ---------  --------  ----------  --------------  -------------------
/opt/airflow/dags/bi_masan_pipeline.py                           1           0  0.11s           2026-06-15T07:36:38
================================================================================
[2026-06-15T07:37:12.187+0000] {manager.py:878} INFO - 
================================================================================
DAG File Processing Stats

File Path                               PID    Runtime      # DAGs    # Errors  Last Runtime    Last Run
--------------------------------------  -----  ---------  --------  ----------  --------------  -------------------
/opt/airflow/dags/bi_masan_pipeline.py                           1           0  0.10s           2026-06-15T07:37:12
================================================================================
[2026-06-15T07:37:46.246+0000] {manager.py:878} INFO - 
================================================================================
DAG File Processing Stats

File Path                               PID    Runtime      # DAGs    # Errors  Last Runtime    Last Run
--------------------------------------  -----  ---------  --------  ----------  --------------  -------------------
/opt/airflow/dags/bi_masan_pipeline.py                           1           0  0.10s           2026-06-15T07:37:46
================================================================================
[2026-06-15T07:38:17.356+0000] {manager.py:878} INFO - 
================================================================================
DAG File Processing Stats

File Path                               PID    Runtime      # DAGs    # Errors  Last Runtime    Last Run
--------------------------------------  -----  ---------  --------  ----------  --------------  -------------------
/opt/airflow/dags/bi_masan_pipeline.py                           1           0  0.10s           2026-06-15T07:38:17
================================================================================
[2026-06-15T07:38:48.474+0000] {manager.py:878} INFO - 
================================================================================
DAG File Processing Stats

File Path                               PID    Runtime      # DAGs    # Errors  Last Runtime    Last Run
--------------------------------------  -----  ---------  --------  ----------  --------------  -------------------
/opt/airflow/dags/bi_masan_pipeline.py                           1           0  0.10s           2026-06-15T07:38:48
================================================================================
[2026-06-15T07:39:18.596+0000] {manager.py:878} INFO - 
================================================================================
DAG File Processing Stats

File Path                               PID    Runtime      # DAGs    # Errors  Last Runtime    Last Run
--------------------------------------  -----  ---------  --------  ----------  --------------  -------------------
/opt/airflow/dags/bi_masan_pipeline.py                           1           0  0.10s           2026-06-15T07:39:18
================================================================================
[2026-06-15T07:39:49.724+0000] {manager.py:878} INFO - 
================================================================================
DAG File Processing Stats

File Path                               PID    Runtime      # DAGs    # Errors  Last Runtime    Last Run
--------------------------------------  -----  ---------  --------  ----------  --------------  -------------------
/opt/airflow/dags/bi_masan_pipeline.py                           1           0  0.10s           2026-06-15T07:39:49
================================================================================
[2026-06-15T07:40:19.899+0000] {manager.py:878} INFO - 
================================================================================
DAG File Processing Stats

File Path                               PID    Runtime      # DAGs    # Errors  Last Runtime    Last Run
--------------------------------------  -----  ---------  --------  ----------  --------------  -------------------
/opt/airflow/dags/bi_masan_pipeline.py                           1           0  0.11s           2026-06-15T07:40:19
================================================================================
[2026-06-15T07:40:51.026+0000] {manager.py:878} INFO - 
================================================================================
DAG File Processing Stats

File Path                               PID    Runtime      # DAGs    # Errors  Last Runtime    Last Run
--------------------------------------  -----  ---------  --------  ----------  --------------  -------------------
/opt/airflow/dags/bi_masan_pipeline.py                           1           0  0.11s           2026-06-15T07:40:51
================================================================================
[2026-06-15T07:40:59.343+0000] {manager.py:737} INFO - Searching for files in /opt/airflow/dags
[2026-06-15T07:40:59.344+0000] {manager.py:740} INFO - There are 1 files in /opt/airflow/dags
[2026-06-15T07:41:21.727+0000] {manager.py:878} INFO - 
================================================================================
DAG File Processing Stats

File Path                               PID    Runtime      # DAGs    # Errors  Last Runtime    Last Run
--------------------------------------  -----  ---------  --------  ----------  --------------  -------------------
/opt/airflow/dags/bi_masan_pipeline.py                           1           0  0.10s           2026-06-15T07:41:21
================================================================================
[2026-06-15T07:41:52.086+0000] {manager.py:878} INFO - 
================================================================================
DAG File Processing Stats

File Path                               PID    Runtime      # DAGs    # Errors  Last Runtime    Last Run
--------------------------------------  -----  ---------  --------  ----------  --------------  -------------------
/opt/airflow/dags/bi_masan_pipeline.py                           1           0  0.11s           2026-06-15T07:41:52
================================================================================
[2026-06-15T07:42:22.497+0000] {manager.py:878} INFO - 
================================================================================
DAG File Processing Stats

File Path                               PID    Runtime      # DAGs    # Errors  Last Runtime    Last Run
--------------------------------------  -----  ---------  --------  ----------  --------------  -------------------
/opt/airflow/dags/bi_masan_pipeline.py                           1           0  0.10s           2026-06-15T07:42:22
================================================================================
[2026-06-15T07:42:52.870+0000] {manager.py:878} INFO - 
================================================================================
DAG File Processing Stats

File Path                               PID    Runtime      # DAGs    # Errors  Last Runtime    Last Run
--------------------------------------  -----  ---------  --------  ----------  --------------  -------------------
/opt/airflow/dags/bi_masan_pipeline.py                           1           0  0.10s           2026-06-15T07:42:52
================================================================================
[2026-06-15T07:43:23.421+0000] {manager.py:878} INFO - 
================================================================================
DAG File Processing Stats

File Path                               PID    Runtime      # DAGs    # Errors  Last Runtime    Last Run
--------------------------------------  -----  ---------  --------  ----------  --------------  -------------------
/opt/airflow/dags/bi_masan_pipeline.py                           1           0  0.10s           2026-06-15T07:43:23
================================================================================
[2026-06-15T07:43:53.612+0000] {manager.py:878} INFO - 
================================================================================
DAG File Processing Stats

File Path                               PID    Runtime      # DAGs    # Errors  Last Runtime    Last Run
--------------------------------------  -----  ---------  --------  ----------  --------------  -------------------
/opt/airflow/dags/bi_masan_pipeline.py                           1           0  0.11s           2026-06-15T07:43:53
================================================================================
[2026-06-15T07:44:23.849+0000] {manager.py:878} INFO - 
================================================================================
DAG File Processing Stats

File Path                               PID    Runtime      # DAGs    # Errors  Last Runtime    Last Run
--------------------------------------  -----  ---------  --------  ----------  --------------  -------------------
/opt/airflow/dags/bi_masan_pipeline.py                           1           0  0.10s           2026-06-15T07:44:23
================================================================================
[2026-06-15T07:44:54.068+0000] {manager.py:878} INFO - 
================================================================================
DAG File Processing Stats

File Path                               PID    Runtime      # DAGs    # Errors  Last Runtime    Last Run
--------------------------------------  -----  ---------  --------  ----------  --------------  -------------------
/opt/airflow/dags/bi_masan_pipeline.py                           1           0  0.11s           2026-06-15T07:44:54
================================================================================
[2026-06-15T07:45:24.292+0000] {manager.py:878} INFO - 
================================================================================
DAG File Processing Stats

File Path                               PID    Runtime      # DAGs    # Errors  Last Runtime    Last Run
--------------------------------------  -----  ---------  --------  ----------  --------------  -------------------
/opt/airflow/dags/bi_masan_pipeline.py                           1           0  0.11s           2026-06-15T07:45:24
================================================================================
[2026-06-15T07:45:54.495+0000] {manager.py:878} INFO - 
================================================================================
DAG File Processing Stats

File Path                               PID    Runtime      # DAGs    # Errors  Last Runtime    Last Run
--------------------------------------  -----  ---------  --------  ----------  --------------  -------------------
/opt/airflow/dags/bi_masan_pipeline.py                           1           0  0.11s           2026-06-15T07:45:54
================================================================================
[2026-06-15T07:45:59.388+0000] {manager.py:737} INFO - Searching for files in /opt/airflow/dags
[2026-06-15T07:45:59.390+0000] {manager.py:740} INFO - There are 1 files in /opt/airflow/dags
[2026-06-15T07:46:24.723+0000] {manager.py:878} INFO - 
================================================================================
DAG File Processing Stats

File Path                               PID    Runtime      # DAGs    # Errors  Last Runtime    Last Run
--------------------------------------  -----  ---------  --------  ----------  --------------  -------------------
/opt/airflow/dags/bi_masan_pipeline.py                           1           0  0.11s           2026-06-15T07:46:24
================================================================================
[2026-06-15T07:46:54.943+0000] {manager.py:878} INFO - 
================================================================================
DAG File Processing Stats

File Path                               PID    Runtime      # DAGs    # Errors  Last Runtime    Last Run
--------------------------------------  -----  ---------  --------  ----------  --------------  -------------------
/opt/airflow/dags/bi_masan_pipeline.py                           1           0  0.11s           2026-06-15T07:46:54
================================================================================
[2026-06-15T07:47:25.175+0000] {manager.py:878} INFO - 
================================================================================
DAG File Processing Stats

File Path                               PID    Runtime      # DAGs    # Errors  Last Runtime    Last Run
--------------------------------------  -----  ---------  --------  ----------  --------------  -------------------
/opt/airflow/dags/bi_masan_pipeline.py                           1           0  0.10s           2026-06-15T07:47:25
================================================================================
[2026-06-15T07:47:55.382+0000] {manager.py:878} INFO - 
================================================================================
DAG File Processing Stats

File Path                               PID    Runtime      # DAGs    # Errors  Last Runtime    Last Run
--------------------------------------  -----  ---------  --------  ----------  --------------  -------------------
/opt/airflow/dags/bi_masan_pipeline.py                           1           0  0.10s           2026-06-15T07:47:55
================================================================================
[2026-06-15T07:48:25.581+0000] {manager.py:878} INFO - 
================================================================================
DAG File Processing Stats

File Path                               PID    Runtime      # DAGs    # Errors  Last Runtime    Last Run
--------------------------------------  -----  ---------  --------  ----------  --------------  -------------------
/opt/airflow/dags/bi_masan_pipeline.py                           1           0  0.10s           2026-06-15T07:48:25
================================================================================
[2026-06-15T07:48:55.783+0000] {manager.py:878} INFO - 
================================================================================
DAG File Processing Stats

File Path                               PID    Runtime      # DAGs    # Errors  Last Runtime    Last Run
--------------------------------------  -----  ---------  --------  ----------  --------------  -------------------
/opt/airflow/dags/bi_masan_pipeline.py                           1           0  0.10s           2026-06-15T07:48:55
================================================================================
[2026-06-15T07:49:25.991+0000] {manager.py:878} INFO - 
================================================================================
DAG File Processing Stats

File Path                               PID    Runtime      # DAGs    # Errors  Last Runtime    Last Run
--------------------------------------  -----  ---------  --------  ----------  --------------  -------------------
/opt/airflow/dags/bi_masan_pipeline.py                           1           0  0.11s           2026-06-15T07:49:25
================================================================================
[2026-06-15T07:49:56.185+0000] {manager.py:878} INFO - 
================================================================================
DAG File Processing Stats

File Path                               PID    Runtime      # DAGs    # Errors  Last Runtime    Last Run
--------------------------------------  -----  ---------  --------  ----------  --------------  -------------------
/opt/airflow/dags/bi_masan_pipeline.py                           1           0  0.10s           2026-06-15T07:49:56
================================================================================
[2026-06-15T07:50:26.400+0000] {manager.py:878} INFO - 
================================================================================
DAG File Processing Stats

File Path                               PID    Runtime      # DAGs    # Errors  Last Runtime    Last Run
--------------------------------------  -----  ---------  --------  ----------  --------------  -------------------
/opt/airflow/dags/bi_masan_pipeline.py                           1           0  0.10s           2026-06-15T07:50:26
================================================================================
[2026-06-15T07:50:56.600+0000] {manager.py:878} INFO - 
================================================================================
DAG File Processing Stats

File Path                               PID    Runtime      # DAGs    # Errors  Last Runtime    Last Run
--------------------------------------  -----  ---------  --------  ----------  --------------  -------------------
/opt/airflow/dags/bi_masan_pipeline.py                           1           0  0.11s           2026-06-15T07:50:56
================================================================================
[2026-06-15T07:50:59.432+0000] {manager.py:737} INFO - Searching for files in /opt/airflow/dags
[2026-06-15T07:50:59.434+0000] {manager.py:740} INFO - There are 1 files in /opt/airflow/dags
[2026-06-15T07:51:26.772+0000] {manager.py:878} INFO - 
================================================================================
DAG File Processing Stats

File Path                               PID    Runtime      # DAGs    # Errors  Last Runtime    Last Run
--------------------------------------  -----  ---------  --------  ----------  --------------  -------------------
/opt/airflow/dags/bi_masan_pipeline.py                           1           0  0.11s           2026-06-15T07:51:26
================================================================================
[2026-06-15T07:51:56.993+0000] {manager.py:878} INFO - 
================================================================================
DAG File Processing Stats

File Path                               PID    Runtime      # DAGs    # Errors  Last Runtime    Last Run
--------------------------------------  -----  ---------  --------  ----------  --------------  -------------------
/opt/airflow/dags/bi_masan_pipeline.py                           1           0  0.10s           2026-06-15T07:51:56
================================================================================
[2026-06-15T07:52:27.212+0000] {manager.py:878} INFO - 
================================================================================
DAG File Processing Stats

File Path                               PID    Runtime      # DAGs    # Errors  Last Runtime    Last Run
--------------------------------------  -----  ---------  --------  ----------  --------------  -------------------
/opt/airflow/dags/bi_masan_pipeline.py                           1           0  0.11s           2026-06-15T07:52:27
================================================================================
[2026-06-15T07:52:57.423+0000] {manager.py:878} INFO - 
================================================================================
DAG File Processing Stats

File Path                               PID    Runtime      # DAGs    # Errors  Last Runtime    Last Run
--------------------------------------  -----  ---------  --------  ----------  --------------  -------------------
/opt/airflow/dags/bi_masan_pipeline.py                           1           0  0.11s           2026-06-15T07:52:57
================================================================================
[2026-06-15T07:53:27.623+0000] {manager.py:878} INFO - 
================================================================================
DAG File Processing Stats

File Path                               PID    Runtime      # DAGs    # Errors  Last Runtime    Last Run
--------------------------------------  -----  ---------  --------  ----------  --------------  -------------------
/opt/airflow/dags/bi_masan_pipeline.py                           1           0  0.10s           2026-06-15T07:53:27
================================================================================
[2026-06-15T07:53:57.855+0000] {manager.py:878} INFO - 
================================================================================
DAG File Processing Stats

File Path                               PID    Runtime      # DAGs    # Errors  Last Runtime    Last Run
--------------------------------------  -----  ---------  --------  ----------  --------------  -------------------
/opt/airflow/dags/bi_masan_pipeline.py                           1           0  0.11s           2026-06-15T07:53:57
================================================================================
[2026-06-15T07:54:28.065+0000] {manager.py:878} INFO - 
================================================================================
DAG File Processing Stats

File Path                               PID    Runtime      # DAGs    # Errors  Last Runtime    Last Run
--------------------------------------  -----  ---------  --------  ----------  --------------  -------------------
/opt/airflow/dags/bi_masan_pipeline.py                           1           0  0.10s           2026-06-15T07:54:28
================================================================================
[2026-06-15T07:54:58.254+0000] {manager.py:878} INFO - 
================================================================================
DAG File Processing Stats

File Path                               PID    Runtime      # DAGs    # Errors  Last Runtime    Last Run
--------------------------------------  -----  ---------  --------  ----------  --------------  -------------------
/opt/airflow/dags/bi_masan_pipeline.py                           1           0  0.10s           2026-06-15T07:54:58
================================================================================
[2026-06-15T07:55:28.492+0000] {manager.py:878} INFO - 
================================================================================
DAG File Processing Stats

File Path                               PID    Runtime      # DAGs    # Errors  Last Runtime    Last Run
--------------------------------------  -----  ---------  --------  ----------  --------------  -------------------
/opt/airflow/dags/bi_masan_pipeline.py                           1           0  0.11s           2026-06-15T07:55:28
================================================================================
[2026-06-15T07:55:58.699+0000] {manager.py:878} INFO - 
================================================================================
DAG File Processing Stats

File Path                               PID    Runtime      # DAGs    # Errors  Last Runtime    Last Run
--------------------------------------  -----  ---------  --------  ----------  --------------  -------------------
/opt/airflow/dags/bi_masan_pipeline.py                           1           0  0.11s           2026-06-15T07:55:58
================================================================================
[2026-06-15T07:55:59.483+0000] {manager.py:737} INFO - Searching for files in /opt/airflow/dags
[2026-06-15T07:55:59.484+0000] {manager.py:740} INFO - There are 1 files in /opt/airflow/dags
[2026-06-15T07:56:28.904+0000] {manager.py:878} INFO - 
================================================================================
DAG File Processing Stats

File Path                               PID    Runtime      # DAGs    # Errors  Last Runtime    Last Run
--------------------------------------  -----  ---------  --------  ----------  --------------  -------------------
/opt/airflow/dags/bi_masan_pipeline.py                           1           0  0.10s           2026-06-15T07:56:28
================================================================================
[2026-06-15T07:56:59.115+0000] {manager.py:878} INFO - 
================================================================================
DAG File Processing Stats

File Path                               PID    Runtime      # DAGs    # Errors  Last Runtime    Last Run
--------------------------------------  -----  ---------  --------  ----------  --------------  -------------------
/opt/airflow/dags/bi_masan_pipeline.py                           1           0  0.10s           2026-06-15T07:56:59
================================================================================
[2026-06-15T07:57:29.308+0000] {manager.py:878} INFO - 
================================================================================
DAG File Processing Stats

File Path                               PID    Runtime      # DAGs    # Errors  Last Runtime    Last Run
--------------------------------------  -----  ---------  --------  ----------  --------------  -------------------
/opt/airflow/dags/bi_masan_pipeline.py                           1           0  0.11s           2026-06-15T07:57:29
================================================================================
[2026-06-15T07:57:59.443+0000] {manager.py:878} INFO - 
================================================================================
DAG File Processing Stats

File Path                               PID    Runtime      # DAGs    # Errors  Last Runtime    Last Run
--------------------------------------  -----  ---------  --------  ----------  --------------  -------------------
/opt/airflow/dags/bi_masan_pipeline.py                           1           0  0.11s           2026-06-15T07:57:59
================================================================================
[2026-06-15T07:58:29.650+0000] {manager.py:878} INFO - 
================================================================================
DAG File Processing Stats

File Path                               PID    Runtime      # DAGs    # Errors  Last Runtime    Last Run
--------------------------------------  -----  ---------  --------  ----------  --------------  -------------------
/opt/airflow/dags/bi_masan_pipeline.py                           1           0  0.10s           2026-06-15T07:58:29
================================================================================
[2026-06-15T07:58:59.849+0000] {manager.py:878} INFO - 
================================================================================
DAG File Processing Stats

File Path                               PID    Runtime      # DAGs    # Errors  Last Runtime    Last Run
--------------------------------------  -----  ---------  --------  ----------  --------------  -------------------
/opt/airflow/dags/bi_masan_pipeline.py                           1           0  0.10s           2026-06-15T07:58:59
================================================================================
[2026-06-15T07:59:30.058+0000] {manager.py:878} INFO - 
================================================================================
DAG File Processing Stats

File Path                               PID    Runtime      # DAGs    # Errors  Last Runtime    Last Run
--------------------------------------  -----  ---------  --------  ----------  --------------  -------------------
/opt/airflow/dags/bi_masan_pipeline.py                           1           0  0.11s           2026-06-15T07:59:30
================================================================================
[2026-06-15T08:00:00.257+0000] {manager.py:878} INFO - 
================================================================================
DAG File Processing Stats

File Path                               PID    Runtime      # DAGs    # Errors  Last Runtime    Last Run
--------------------------------------  -----  ---------  --------  ----------  --------------  -------------------
/opt/airflow/dags/bi_masan_pipeline.py                           1           0  0.11s           2026-06-15T08:00:00
================================================================================
[2026-06-15T08:00:31.173+0000] {manager.py:878} INFO - 
================================================================================
DAG File Processing Stats

File Path                               PID    Runtime      # DAGs    # Errors  Last Runtime    Last Run
--------------------------------------  -----  ---------  --------  ----------  --------------  -------------------
/opt/airflow/dags/bi_masan_pipeline.py                           1           0  0.10s           2026-06-15T08:00:31
================================================================================
[2026-06-15T08:01:08.918+0000] {manager.py:737} INFO - Searching for files in /opt/airflow/dags
[2026-06-15T08:01:08.918+0000] {manager.py:740} INFO - There are 1 files in /opt/airflow/dags
[2026-06-15T08:01:09.029+0000] {manager.py:878} INFO - 
================================================================================
DAG File Processing Stats

File Path                               PID    Runtime      # DAGs    # Errors  Last Runtime    Last Run
--------------------------------------  -----  ---------  --------  ----------  --------------  -------------------
/opt/airflow/dags/bi_masan_pipeline.py                           1           0  0.10s           2026-06-15T08:01:09
================================================================================
[2026-06-15T08:01:41.607+0000] {manager.py:878} INFO - 
================================================================================
DAG File Processing Stats

File Path                               PID    Runtime      # DAGs    # Errors  Last Runtime    Last Run
--------------------------------------  -----  ---------  --------  ----------  --------------  -------------------
/opt/airflow/dags/bi_masan_pipeline.py                           1           0  0.10s           2026-06-15T08:01:41
================================================================================
[2026-06-15T08:02:17.646+0000] {manager.py:878} INFO - 
================================================================================
DAG File Processing Stats

File Path                               PID    Runtime      # DAGs    # Errors  Last Runtime    Last Run
--------------------------------------  -----  ---------  --------  ----------  --------------  -------------------
/opt/airflow/dags/bi_masan_pipeline.py                           1           0  0.10s           2026-06-15T08:02:17
================================================================================
[2026-06-15T08:02:47.843+0000] {manager.py:878} INFO - 
================================================================================
DAG File Processing Stats

File Path                               PID    Runtime      # DAGs    # Errors  Last Runtime    Last Run
--------------------------------------  -----  ---------  --------  ----------  --------------  -------------------
/opt/airflow/dags/bi_masan_pipeline.py                           1           0  0.10s           2026-06-15T08:02:47
================================================================================
[2026-06-15T08:03:18.187+0000] {manager.py:878} INFO - 
================================================================================
DAG File Processing Stats

File Path                               PID    Runtime      # DAGs    # Errors  Last Runtime    Last Run
--------------------------------------  -----  ---------  --------  ----------  --------------  -------------------
/opt/airflow/dags/bi_masan_pipeline.py                           1           0  0.11s           2026-06-15T08:03:18
================================================================================
[2026-06-15T08:03:50.560+0000] {manager.py:878} INFO - 
================================================================================
DAG File Processing Stats

File Path                               PID    Runtime      # DAGs    # Errors  Last Runtime    Last Run
--------------------------------------  -----  ---------  --------  ----------  --------------  -------------------
/opt/airflow/dags/bi_masan_pipeline.py                           1           0  0.10s           2026-06-15T08:03:50
================================================================================
[2026-06-15T08:04:28.285+0000] {manager.py:878} INFO - 
================================================================================
DAG File Processing Stats

File Path                               PID    Runtime      # DAGs    # Errors  Last Runtime    Last Run
--------------------------------------  -----  ---------  --------  ----------  --------------  -------------------
/opt/airflow/dags/bi_masan_pipeline.py                           1           0  0.10s           2026-06-15T08:04:28
================================================================================
[2026-06-15T08:05:06.455+0000] {manager.py:878} INFO - 
================================================================================
DAG File Processing Stats

File Path                               PID    Runtime      # DAGs    # Errors  Last Runtime    Last Run
--------------------------------------  -----  ---------  --------  ----------  --------------  -------------------
/opt/airflow/dags/bi_masan_pipeline.py                           1           0  0.10s           2026-06-15T08:05:06
================================================================================
[2026-06-15T08:05:37.510+0000] {manager.py:878} INFO - 
================================================================================
DAG File Processing Stats

File Path                               PID    Runtime      # DAGs    # Errors  Last Runtime    Last Run
--------------------------------------  -----  ---------  --------  ----------  --------------  -------------------
/opt/airflow/dags/bi_masan_pipeline.py                           1           0  0.11s           2026-06-15T08:05:37
================================================================================
[2026-06-15T08:06:08.158+0000] {manager.py:878} INFO - 
================================================================================
DAG File Processing Stats

File Path                               PID    Runtime      # DAGs    # Errors  Last Runtime    Last Run
--------------------------------------  -----  ---------  --------  ----------  --------------  -------------------
/opt/airflow/dags/bi_masan_pipeline.py                           1           0  0.11s           2026-06-15T08:06:08
================================================================================
[2026-06-15T08:06:09.940+0000] {manager.py:737} INFO - Searching for files in /opt/airflow/dags
[2026-06-15T08:06:09.941+0000] {manager.py:740} INFO - There are 1 files in /opt/airflow/dags
[2026-06-15T08:06:38.360+0000] {manager.py:878} INFO - 
================================================================================
DAG File Processing Stats

File Path                               PID    Runtime      # DAGs    # Errors  Last Runtime    Last Run
--------------------------------------  -----  ---------  --------  ----------  --------------  -------------------
/opt/airflow/dags/bi_masan_pipeline.py                           1           0  0.10s           2026-06-15T08:06:38
================================================================================
[2026-06-15T08:07:08.602+0000] {manager.py:878} INFO - 
================================================================================
DAG File Processing Stats

File Path                               PID    Runtime      # DAGs    # Errors  Last Runtime    Last Run
--------------------------------------  -----  ---------  --------  ----------  --------------  -------------------
/opt/airflow/dags/bi_masan_pipeline.py                           1           0  0.10s           2026-06-15T08:07:08
================================================================================
[2026-06-15T08:07:38.821+0000] {manager.py:878} INFO - 
================================================================================
DAG File Processing Stats

File Path                               PID    Runtime      # DAGs    # Errors  Last Runtime    Last Run
--------------------------------------  -----  ---------  --------  ----------  --------------  -------------------
/opt/airflow/dags/bi_masan_pipeline.py                           1           0  0.11s           2026-06-15T08:07:38
================================================================================
[2026-06-15T08:08:09.036+0000] {manager.py:878} INFO - 
================================================================================
DAG File Processing Stats

File Path                               PID    Runtime      # DAGs    # Errors  Last Runtime    Last Run
--------------------------------------  -----  ---------  --------  ----------  --------------  -------------------
/opt/airflow/dags/bi_masan_pipeline.py                           1           0  0.11s           2026-06-15T08:08:09
================================================================================
[2026-06-15T08:08:39.219+0000] {manager.py:878} INFO - 
================================================================================
DAG File Processing Stats

File Path                               PID    Runtime      # DAGs    # Errors  Last Runtime    Last Run
--------------------------------------  -----  ---------  --------  ----------  --------------  -------------------
/opt/airflow/dags/bi_masan_pipeline.py                           1           0  0.11s           2026-06-15T08:08:39
================================================================================
[2026-06-15T08:09:09.413+0000] {manager.py:878} INFO - 
================================================================================
DAG File Processing Stats

File Path                               PID    Runtime      # DAGs    # Errors  Last Runtime    Last Run
--------------------------------------  -----  ---------  --------  ----------  --------------  -------------------
/opt/airflow/dags/bi_masan_pipeline.py                           1           0  0.10s           2026-06-15T08:09:09
================================================================================
[2026-06-15T08:09:39.636+0000] {manager.py:878} INFO - 
================================================================================
DAG File Processing Stats

File Path                               PID    Runtime      # DAGs    # Errors  Last Runtime    Last Run
--------------------------------------  -----  ---------  --------  ----------  --------------  -------------------
/opt/airflow/dags/bi_masan_pipeline.py                           1           0  0.11s           2026-06-15T08:09:39
================================================================================
[2026-06-15T08:10:09.862+0000] {manager.py:878} INFO - 
================================================================================
DAG File Processing Stats

File Path                               PID    Runtime      # DAGs    # Errors  Last Runtime    Last Run
--------------------------------------  -----  ---------  --------  ----------  --------------  -------------------
/opt/airflow/dags/bi_masan_pipeline.py                           1           0  0.11s           2026-06-15T08:10:09
================================================================================
[2026-06-15T08:10:40.074+0000] {manager.py:878} INFO - 
================================================================================
DAG File Processing Stats

File Path                               PID    Runtime      # DAGs    # Errors  Last Runtime    Last Run
--------------------------------------  -----  ---------  --------  ----------  --------------  -------------------
/opt/airflow/dags/bi_masan_pipeline.py                           1           0  0.10s           2026-06-15T08:10:40
================================================================================
[2026-06-15T08:11:09.962+0000] {manager.py:737} INFO - Searching for files in /opt/airflow/dags
[2026-06-15T08:11:09.963+0000] {manager.py:740} INFO - There are 1 files in /opt/airflow/dags
[2026-06-15T08:11:10.290+0000] {manager.py:878} INFO - 
================================================================================
DAG File Processing Stats

File Path                               PID    Runtime      # DAGs    # Errors  Last Runtime    Last Run
--------------------------------------  -----  ---------  --------  ----------  --------------  -------------------
/opt/airflow/dags/bi_masan_pipeline.py                           1           0  0.11s           2026-06-15T08:11:10
================================================================================
[2026-06-15T08:11:40.414+0000] {manager.py:878} INFO - 
================================================================================
DAG File Processing Stats

File Path                               PID    Runtime      # DAGs    # Errors  Last Runtime    Last Run
--------------------------------------  -----  ---------  --------  ----------  --------------  -------------------
/opt/airflow/dags/bi_masan_pipeline.py                           1           0  0.11s           2026-06-15T08:11:40
================================================================================
[2026-06-15T08:12:10.617+0000] {manager.py:878} INFO - 
================================================================================
DAG File Processing Stats

File Path                               PID    Runtime      # DAGs    # Errors  Last Runtime    Last Run
--------------------------------------  -----  ---------  --------  ----------  --------------  -------------------
/opt/airflow/dags/bi_masan_pipeline.py                           1           0  0.10s           2026-06-15T08:12:10
================================================================================
[2026-06-15T08:12:40.837+0000] {manager.py:878} INFO - 
================================================================================
DAG File Processing Stats

File Path                               PID    Runtime      # DAGs    # Errors  Last Runtime    Last Run
--------------------------------------  -----  ---------  --------  ----------  --------------  -------------------
/opt/airflow/dags/bi_masan_pipeline.py                           1           0  0.10s           2026-06-15T08:12:40
================================================================================
[2026-06-15T08:13:11.052+0000] {manager.py:878} INFO - 
================================================================================
DAG File Processing Stats

File Path                               PID    Runtime      # DAGs    # Errors  Last Runtime    Last Run
--------------------------------------  -----  ---------  --------  ----------  --------------  -------------------
/opt/airflow/dags/bi_masan_pipeline.py                           1           0  0.10s           2026-06-15T08:13:11
================================================================================
[2026-06-15T08:13:41.218+0000] {manager.py:878} INFO - 
================================================================================
DAG File Processing Stats

File Path                               PID    Runtime      # DAGs    # Errors  Last Runtime    Last Run
--------------------------------------  -----  ---------  --------  ----------  --------------  -------------------
/opt/airflow/dags/bi_masan_pipeline.py                           1           0  0.10s           2026-06-15T08:13:41
================================================================================
[2026-06-15T08:14:11.430+0000] {manager.py:878} INFO - 
================================================================================
DAG File Processing Stats

File Path                               PID    Runtime      # DAGs    # Errors  Last Runtime    Last Run
--------------------------------------  -----  ---------  --------  ----------  --------------  -------------------
/opt/airflow/dags/bi_masan_pipeline.py                           1           0  0.10s           2026-06-15T08:14:11
================================================================================
[2026-06-15T08:14:41.619+0000] {manager.py:878} INFO - 
================================================================================
DAG File Processing Stats

File Path                               PID    Runtime      # DAGs    # Errors  Last Runtime    Last Run
--------------------------------------  -----  ---------  --------  ----------  --------------  -------------------
/opt/airflow/dags/bi_masan_pipeline.py                           1           0  0.10s           2026-06-15T08:14:41
================================================================================
[2026-06-15T08:15:11.829+0000] {manager.py:878} INFO - 
================================================================================
DAG File Processing Stats

File Path                               PID    Runtime      # DAGs    # Errors  Last Runtime    Last Run
--------------------------------------  -----  ---------  --------  ----------  --------------  -------------------
/opt/airflow/dags/bi_masan_pipeline.py                           1           0  0.11s           2026-06-15T08:15:11
================================================================================
[2026-06-15T08:15:42.052+0000] {manager.py:878} INFO - 
================================================================================
DAG File Processing Stats

File Path                               PID    Runtime      # DAGs    # Errors  Last Runtime    Last Run
--------------------------------------  -----  ---------  --------  ----------  --------------  -------------------
/opt/airflow/dags/bi_masan_pipeline.py                           1           0  0.10s           2026-06-15T08:15:42
================================================================================
[2026-06-15T08:16:09.983+0000] {manager.py:737} INFO - Searching for files in /opt/airflow/dags
[2026-06-15T08:16:09.983+0000] {manager.py:740} INFO - There are 1 files in /opt/airflow/dags
[2026-06-15T08:16:12.250+0000] {manager.py:878} INFO - 
================================================================================
DAG File Processing Stats

File Path                               PID    Runtime      # DAGs    # Errors  Last Runtime    Last Run
--------------------------------------  -----  ---------  --------  ----------  --------------  -------------------
/opt/airflow/dags/bi_masan_pipeline.py                           1           0  0.10s           2026-06-15T08:16:12
================================================================================
