[2026-06-15T06:19:56.083+0000] {processor.py:161} INFO - Started process (PID=87) to work on /opt/airflow/dags/bi_masan_pipeline.py
[2026-06-15T06:19:56.083+0000] {processor.py:830} INFO - Processing file /opt/airflow/dags/bi_masan_pipeline.py for tasks to queue
[2026-06-15T06:19:56.084+0000] {logging_mixin.py:188} INFO - [2026-06-15T06:19:56.084+0000] {dagbag.py:545} INFO - Filling up the DagBag from /opt/airflow/dags/bi_masan_pipeline.py
[2026-06-15T06:19:56.091+0000] {processor.py:840} INFO - DAG(s) 'bi_masan_revenue_pipeline' retrieved from /opt/airflow/dags/bi_masan_pipeline.py
[2026-06-15T06:19:56.148+0000] {logging_mixin.py:188} INFO - [2026-06-15T06:19:56.148+0000] {override.py:1858} INFO - Created Permission View: can edit on DAG:bi_masan_revenue_pipeline
[2026-06-15T06:19:56.153+0000] {logging_mixin.py:188} INFO - [2026-06-15T06:19:56.152+0000] {override.py:1858} INFO - Created Permission View: can delete on DAG:bi_masan_revenue_pipeline
[2026-06-15T06:19:56.155+0000] {logging_mixin.py:188} INFO - [2026-06-15T06:19:56.155+0000] {override.py:1858} INFO - Created Permission View: can read on DAG:bi_masan_revenue_pipeline
[2026-06-15T06:19:56.156+0000] {logging_mixin.py:188} INFO - [2026-06-15T06:19:56.156+0000] {dag.py:3089} INFO - Sync 1 DAGs
[2026-06-15T06:19:56.159+0000] {logging_mixin.py:188} INFO - [2026-06-15T06:19:56.159+0000] {dag.py:3111} INFO - Creating ORM DAG for bi_masan_revenue_pipeline
[2026-06-15T06:19:56.163+0000] {logging_mixin.py:188} INFO - [2026-06-15T06:19:56.163+0000] {dag.py:3947} INFO - Setting next_dagrun for bi_masan_revenue_pipeline to 2026-06-14 00:00:00+00:00, run_after=2026-06-15 00:00:00+00:00
[2026-06-15T06:19:56.172+0000] {processor.py:183} INFO - Processing /opt/airflow/dags/bi_masan_pipeline.py took 0.092 seconds
[2026-06-15T06:20:26.216+0000] {processor.py:161} INFO - Started process (PID=119) to work on /opt/airflow/dags/bi_masan_pipeline.py
[2026-06-15T06:20:26.217+0000] {processor.py:830} INFO - Processing file /opt/airflow/dags/bi_masan_pipeline.py for tasks to queue
[2026-06-15T06:20:26.218+0000] {logging_mixin.py:188} INFO - [2026-06-15T06:20:26.218+0000] {dagbag.py:545} INFO - Filling up the DagBag from /opt/airflow/dags/bi_masan_pipeline.py
[2026-06-15T06:20:26.224+0000] {processor.py:840} INFO - DAG(s) 'bi_masan_revenue_pipeline' retrieved from /opt/airflow/dags/bi_masan_pipeline.py
[2026-06-15T06:20:26.236+0000] {logging_mixin.py:188} INFO - [2026-06-15T06:20:26.236+0000] {dag.py:3089} INFO - Sync 1 DAGs
[2026-06-15T06:20:26.243+0000] {logging_mixin.py:188} INFO - [2026-06-15T06:20:26.243+0000] {dag.py:3947} INFO - Setting next_dagrun for bi_masan_revenue_pipeline to 2026-06-14 00:00:00+00:00, run_after=2026-06-15 00:00:00+00:00
[2026-06-15T06:20:26.254+0000] {processor.py:183} INFO - Processing /opt/airflow/dags/bi_masan_pipeline.py took 0.042 seconds
[2026-06-15T06:20:56.615+0000] {processor.py:161} INFO - Started process (PID=120) to work on /opt/airflow/dags/bi_masan_pipeline.py
[2026-06-15T06:20:56.617+0000] {processor.py:830} INFO - Processing file /opt/airflow/dags/bi_masan_pipeline.py for tasks to queue
[2026-06-15T06:20:56.618+0000] {logging_mixin.py:188} INFO - [2026-06-15T06:20:56.618+0000] {dagbag.py:545} INFO - Filling up the DagBag from /opt/airflow/dags/bi_masan_pipeline.py
[2026-06-15T06:20:56.624+0000] {processor.py:840} INFO - DAG(s) 'bi_masan_revenue_pipeline' retrieved from /opt/airflow/dags/bi_masan_pipeline.py
[2026-06-15T06:20:56.638+0000] {logging_mixin.py:188} INFO - [2026-06-15T06:20:56.637+0000] {dag.py:3089} INFO - Sync 1 DAGs
[2026-06-15T06:20:56.646+0000] {logging_mixin.py:188} INFO - [2026-06-15T06:20:56.646+0000] {dag.py:3947} INFO - Setting next_dagrun for bi_masan_revenue_pipeline to 2026-06-14 00:00:00+00:00, run_after=2026-06-15 00:00:00+00:00
[2026-06-15T06:20:56.656+0000] {processor.py:183} INFO - Processing /opt/airflow/dags/bi_masan_pipeline.py took 0.044 seconds
[2026-06-15T06:21:26.963+0000] {processor.py:161} INFO - Started process (PID=121) to work on /opt/airflow/dags/bi_masan_pipeline.py
[2026-06-15T06:21:26.963+0000] {processor.py:830} INFO - Processing file /opt/airflow/dags/bi_masan_pipeline.py for tasks to queue
[2026-06-15T06:21:26.964+0000] {logging_mixin.py:188} INFO - [2026-06-15T06:21:26.964+0000] {dagbag.py:545} INFO - Filling up the DagBag from /opt/airflow/dags/bi_masan_pipeline.py
[2026-06-15T06:21:26.969+0000] {processor.py:840} INFO - DAG(s) 'bi_masan_revenue_pipeline' retrieved from /opt/airflow/dags/bi_masan_pipeline.py
[2026-06-15T06:21:26.981+0000] {logging_mixin.py:188} INFO - [2026-06-15T06:21:26.981+0000] {dag.py:3089} INFO - Sync 1 DAGs
[2026-06-15T06:21:26.988+0000] {logging_mixin.py:188} INFO - [2026-06-15T06:21:26.988+0000] {dag.py:3947} INFO - Setting next_dagrun for bi_masan_revenue_pipeline to 2026-06-14 00:00:00+00:00, run_after=2026-06-15 00:00:00+00:00
[2026-06-15T06:21:26.999+0000] {processor.py:183} INFO - Processing /opt/airflow/dags/bi_masan_pipeline.py took 0.038 seconds
[2026-06-15T06:21:57.304+0000] {processor.py:161} INFO - Started process (PID=122) to work on /opt/airflow/dags/bi_masan_pipeline.py
[2026-06-15T06:21:57.307+0000] {processor.py:830} INFO - Processing file /opt/airflow/dags/bi_masan_pipeline.py for tasks to queue
[2026-06-15T06:21:57.309+0000] {logging_mixin.py:188} INFO - [2026-06-15T06:21:57.308+0000] {dagbag.py:545} INFO - Filling up the DagBag from /opt/airflow/dags/bi_masan_pipeline.py
[2026-06-15T06:21:57.319+0000] {processor.py:840} INFO - DAG(s) 'bi_masan_revenue_pipeline' retrieved from /opt/airflow/dags/bi_masan_pipeline.py
[2026-06-15T06:21:57.331+0000] {logging_mixin.py:188} INFO - [2026-06-15T06:21:57.331+0000] {dag.py:3089} INFO - Sync 1 DAGs
[2026-06-15T06:21:57.339+0000] {logging_mixin.py:188} INFO - [2026-06-15T06:21:57.339+0000] {dag.py:3947} INFO - Setting next_dagrun for bi_masan_revenue_pipeline to 2026-06-14 00:00:00+00:00, run_after=2026-06-15 00:00:00+00:00
[2026-06-15T06:21:57.348+0000] {processor.py:183} INFO - Processing /opt/airflow/dags/bi_masan_pipeline.py took 0.049 seconds
[2026-06-15T06:22:27.532+0000] {processor.py:161} INFO - Started process (PID=123) to work on /opt/airflow/dags/bi_masan_pipeline.py
[2026-06-15T06:22:27.533+0000] {processor.py:830} INFO - Processing file /opt/airflow/dags/bi_masan_pipeline.py for tasks to queue
[2026-06-15T06:22:27.533+0000] {logging_mixin.py:188} INFO - [2026-06-15T06:22:27.533+0000] {dagbag.py:545} INFO - Filling up the DagBag from /opt/airflow/dags/bi_masan_pipeline.py
[2026-06-15T06:22:27.539+0000] {processor.py:840} INFO - DAG(s) 'bi_masan_revenue_pipeline' retrieved from /opt/airflow/dags/bi_masan_pipeline.py
[2026-06-15T06:22:27.551+0000] {logging_mixin.py:188} INFO - [2026-06-15T06:22:27.551+0000] {dag.py:3089} INFO - Sync 1 DAGs
[2026-06-15T06:22:27.558+0000] {logging_mixin.py:188} INFO - [2026-06-15T06:22:27.558+0000] {dag.py:3947} INFO - Setting next_dagrun for bi_masan_revenue_pipeline to 2026-06-14 00:00:00+00:00, run_after=2026-06-15 00:00:00+00:00
[2026-06-15T06:22:27.568+0000] {processor.py:183} INFO - Processing /opt/airflow/dags/bi_masan_pipeline.py took 0.040 seconds
[2026-06-15T06:22:57.884+0000] {processor.py:161} INFO - Started process (PID=124) to work on /opt/airflow/dags/bi_masan_pipeline.py
[2026-06-15T06:22:57.887+0000] {processor.py:830} INFO - Processing file /opt/airflow/dags/bi_masan_pipeline.py for tasks to queue
[2026-06-15T06:22:57.890+0000] {logging_mixin.py:188} INFO - [2026-06-15T06:22:57.889+0000] {dagbag.py:545} INFO - Filling up the DagBag from /opt/airflow/dags/bi_masan_pipeline.py
[2026-06-15T06:22:57.898+0000] {processor.py:840} INFO - DAG(s) 'bi_masan_revenue_pipeline' retrieved from /opt/airflow/dags/bi_masan_pipeline.py
[2026-06-15T06:22:57.910+0000] {logging_mixin.py:188} INFO - [2026-06-15T06:22:57.910+0000] {dag.py:3089} INFO - Sync 1 DAGs
[2026-06-15T06:22:57.918+0000] {logging_mixin.py:188} INFO - [2026-06-15T06:22:57.918+0000] {dag.py:3947} INFO - Setting next_dagrun for bi_masan_revenue_pipeline to 2026-06-14 00:00:00+00:00, run_after=2026-06-15 00:00:00+00:00
[2026-06-15T06:22:57.927+0000] {processor.py:183} INFO - Processing /opt/airflow/dags/bi_masan_pipeline.py took 0.052 seconds
[2026-06-15T06:23:28.232+0000] {processor.py:161} INFO - Started process (PID=126) to work on /opt/airflow/dags/bi_masan_pipeline.py
[2026-06-15T06:23:28.232+0000] {processor.py:830} INFO - Processing file /opt/airflow/dags/bi_masan_pipeline.py for tasks to queue
[2026-06-15T06:23:28.233+0000] {logging_mixin.py:188} INFO - [2026-06-15T06:23:28.233+0000] {dagbag.py:545} INFO - Filling up the DagBag from /opt/airflow/dags/bi_masan_pipeline.py
[2026-06-15T06:23:28.239+0000] {processor.py:840} INFO - DAG(s) 'bi_masan_revenue_pipeline' retrieved from /opt/airflow/dags/bi_masan_pipeline.py
[2026-06-15T06:23:28.252+0000] {logging_mixin.py:188} INFO - [2026-06-15T06:23:28.252+0000] {dag.py:3089} INFO - Sync 1 DAGs
[2026-06-15T06:23:28.261+0000] {logging_mixin.py:188} INFO - [2026-06-15T06:23:28.260+0000] {dag.py:3947} INFO - Setting next_dagrun for bi_masan_revenue_pipeline to 2026-06-14 00:00:00+00:00, run_after=2026-06-15 00:00:00+00:00
[2026-06-15T06:23:28.270+0000] {processor.py:183} INFO - Processing /opt/airflow/dags/bi_masan_pipeline.py took 0.042 seconds
[2026-06-15T06:23:58.842+0000] {processor.py:161} INFO - Started process (PID=379) to work on /opt/airflow/dags/bi_masan_pipeline.py
[2026-06-15T06:23:58.844+0000] {processor.py:830} INFO - Processing file /opt/airflow/dags/bi_masan_pipeline.py for tasks to queue
[2026-06-15T06:23:58.847+0000] {logging_mixin.py:188} INFO - [2026-06-15T06:23:58.846+0000] {dagbag.py:545} INFO - Filling up the DagBag from /opt/airflow/dags/bi_masan_pipeline.py
[2026-06-15T06:23:58.857+0000] {processor.py:840} INFO - DAG(s) 'bi_masan_revenue_pipeline' retrieved from /opt/airflow/dags/bi_masan_pipeline.py
[2026-06-15T06:23:58.868+0000] {logging_mixin.py:188} INFO - [2026-06-15T06:23:58.868+0000] {dag.py:3089} INFO - Sync 1 DAGs
[2026-06-15T06:23:58.877+0000] {logging_mixin.py:188} INFO - [2026-06-15T06:23:58.876+0000] {dag.py:3947} INFO - Setting next_dagrun for bi_masan_revenue_pipeline to 2026-06-15 00:00:00+00:00, run_after=2026-06-16 00:00:00+00:00
[2026-06-15T06:23:58.887+0000] {processor.py:183} INFO - Processing /opt/airflow/dags/bi_masan_pipeline.py took 0.049 seconds
[2026-06-15T06:24:29.080+0000] {processor.py:161} INFO - Started process (PID=380) to work on /opt/airflow/dags/bi_masan_pipeline.py
[2026-06-15T06:24:29.080+0000] {processor.py:830} INFO - Processing file /opt/airflow/dags/bi_masan_pipeline.py for tasks to queue
[2026-06-15T06:24:29.081+0000] {logging_mixin.py:188} INFO - [2026-06-15T06:24:29.080+0000] {dagbag.py:545} INFO - Filling up the DagBag from /opt/airflow/dags/bi_masan_pipeline.py
[2026-06-15T06:24:29.086+0000] {processor.py:840} INFO - DAG(s) 'bi_masan_revenue_pipeline' retrieved from /opt/airflow/dags/bi_masan_pipeline.py
[2026-06-15T06:24:29.098+0000] {logging_mixin.py:188} INFO - [2026-06-15T06:24:29.098+0000] {dag.py:3089} INFO - Sync 1 DAGs
[2026-06-15T06:24:29.106+0000] {logging_mixin.py:188} INFO - [2026-06-15T06:24:29.106+0000] {dag.py:3947} INFO - Setting next_dagrun for bi_masan_revenue_pipeline to 2026-06-15 00:00:00+00:00, run_after=2026-06-16 00:00:00+00:00
[2026-06-15T06:24:29.117+0000] {processor.py:183} INFO - Processing /opt/airflow/dags/bi_masan_pipeline.py took 0.039 seconds
[2026-06-15T06:24:59.381+0000] {processor.py:161} INFO - Started process (PID=381) to work on /opt/airflow/dags/bi_masan_pipeline.py
[2026-06-15T06:24:59.383+0000] {processor.py:830} INFO - Processing file /opt/airflow/dags/bi_masan_pipeline.py for tasks to queue
[2026-06-15T06:24:59.385+0000] {logging_mixin.py:188} INFO - [2026-06-15T06:24:59.384+0000] {dagbag.py:545} INFO - Filling up the DagBag from /opt/airflow/dags/bi_masan_pipeline.py
[2026-06-15T06:24:59.394+0000] {processor.py:840} INFO - DAG(s) 'bi_masan_revenue_pipeline' retrieved from /opt/airflow/dags/bi_masan_pipeline.py
[2026-06-15T06:24:59.407+0000] {logging_mixin.py:188} INFO - [2026-06-15T06:24:59.407+0000] {dag.py:3089} INFO - Sync 1 DAGs
[2026-06-15T06:24:59.417+0000] {logging_mixin.py:188} INFO - [2026-06-15T06:24:59.417+0000] {dag.py:3947} INFO - Setting next_dagrun for bi_masan_revenue_pipeline to 2026-06-15 00:00:00+00:00, run_after=2026-06-16 00:00:00+00:00
[2026-06-15T06:24:59.512+0000] {processor.py:183} INFO - Processing /opt/airflow/dags/bi_masan_pipeline.py took 0.133 seconds
[2026-06-15T06:25:30.087+0000] {processor.py:161} INFO - Started process (PID=508) to work on /opt/airflow/dags/bi_masan_pipeline.py
[2026-06-15T06:25:30.087+0000] {processor.py:830} INFO - Processing file /opt/airflow/dags/bi_masan_pipeline.py for tasks to queue
[2026-06-15T06:25:30.088+0000] {logging_mixin.py:188} INFO - [2026-06-15T06:25:30.088+0000] {dagbag.py:545} INFO - Filling up the DagBag from /opt/airflow/dags/bi_masan_pipeline.py
[2026-06-15T06:25:30.095+0000] {processor.py:840} INFO - DAG(s) 'bi_masan_revenue_pipeline' retrieved from /opt/airflow/dags/bi_masan_pipeline.py
[2026-06-15T06:25:30.108+0000] {logging_mixin.py:188} INFO - [2026-06-15T06:25:30.108+0000] {dag.py:3089} INFO - Sync 1 DAGs
[2026-06-15T06:25:30.186+0000] {logging_mixin.py:188} INFO - [2026-06-15T06:25:30.186+0000] {dag.py:3947} INFO - Setting next_dagrun for bi_masan_revenue_pipeline to 2026-06-15 00:00:00+00:00, run_after=2026-06-16 00:00:00+00:00
[2026-06-15T06:25:30.194+0000] {processor.py:183} INFO - Processing /opt/airflow/dags/bi_masan_pipeline.py took 0.110 seconds
[2026-06-15T06:26:01.234+0000] {processor.py:161} INFO - Started process (PID=509) to work on /opt/airflow/dags/bi_masan_pipeline.py
[2026-06-15T06:26:01.237+0000] {processor.py:830} INFO - Processing file /opt/airflow/dags/bi_masan_pipeline.py for tasks to queue
[2026-06-15T06:26:01.238+0000] {logging_mixin.py:188} INFO - [2026-06-15T06:26:01.238+0000] {dagbag.py:545} INFO - Filling up the DagBag from /opt/airflow/dags/bi_masan_pipeline.py
[2026-06-15T06:26:01.248+0000] {processor.py:840} INFO - DAG(s) 'bi_masan_revenue_pipeline' retrieved from /opt/airflow/dags/bi_masan_pipeline.py
[2026-06-15T06:26:01.263+0000] {logging_mixin.py:188} INFO - [2026-06-15T06:26:01.262+0000] {dag.py:3089} INFO - Sync 1 DAGs
[2026-06-15T06:26:01.340+0000] {logging_mixin.py:188} INFO - [2026-06-15T06:26:01.340+0000] {dag.py:3947} INFO - Setting next_dagrun for bi_masan_revenue_pipeline to 2026-06-15 00:00:00+00:00, run_after=2026-06-16 00:00:00+00:00
[2026-06-15T06:26:01.351+0000] {processor.py:183} INFO - Processing /opt/airflow/dags/bi_masan_pipeline.py took 0.120 seconds
[2026-06-15T06:26:32.227+0000] {processor.py:161} INFO - Started process (PID=510) to work on /opt/airflow/dags/bi_masan_pipeline.py
[2026-06-15T06:26:32.227+0000] {processor.py:830} INFO - Processing file /opt/airflow/dags/bi_masan_pipeline.py for tasks to queue
[2026-06-15T06:26:32.229+0000] {logging_mixin.py:188} INFO - [2026-06-15T06:26:32.228+0000] {dagbag.py:545} INFO - Filling up the DagBag from /opt/airflow/dags/bi_masan_pipeline.py
[2026-06-15T06:26:32.236+0000] {processor.py:840} INFO - DAG(s) 'bi_masan_revenue_pipeline' retrieved from /opt/airflow/dags/bi_masan_pipeline.py
[2026-06-15T06:26:32.324+0000] {logging_mixin.py:188} INFO - [2026-06-15T06:26:32.323+0000] {dag.py:3089} INFO - Sync 1 DAGs
[2026-06-15T06:26:32.332+0000] {logging_mixin.py:188} INFO - [2026-06-15T06:26:32.331+0000] {dag.py:3947} INFO - Setting next_dagrun for bi_masan_revenue_pipeline to 2026-06-15 00:00:00+00:00, run_after=2026-06-16 00:00:00+00:00
[2026-06-15T06:26:32.346+0000] {processor.py:183} INFO - Processing /opt/airflow/dags/bi_masan_pipeline.py took 0.123 seconds
[2026-06-15T06:27:02.448+0000] {processor.py:161} INFO - Started process (PID=511) to work on /opt/airflow/dags/bi_masan_pipeline.py
[2026-06-15T06:27:02.450+0000] {processor.py:830} INFO - Processing file /opt/airflow/dags/bi_masan_pipeline.py for tasks to queue
[2026-06-15T06:27:02.453+0000] {logging_mixin.py:188} INFO - [2026-06-15T06:27:02.452+0000] {dagbag.py:545} INFO - Filling up the DagBag from /opt/airflow/dags/bi_masan_pipeline.py
[2026-06-15T06:27:02.526+0000] {processor.py:840} INFO - DAG(s) 'bi_masan_revenue_pipeline' retrieved from /opt/airflow/dags/bi_masan_pipeline.py
[2026-06-15T06:27:02.536+0000] {logging_mixin.py:188} INFO - [2026-06-15T06:27:02.536+0000] {dag.py:3089} INFO - Sync 1 DAGs
[2026-06-15T06:27:02.543+0000] {logging_mixin.py:188} INFO - [2026-06-15T06:27:02.543+0000] {dag.py:3947} INFO - Setting next_dagrun for bi_masan_revenue_pipeline to 2026-06-15 00:00:00+00:00, run_after=2026-06-16 00:00:00+00:00
[2026-06-15T06:27:02.552+0000] {processor.py:183} INFO - Processing /opt/airflow/dags/bi_masan_pipeline.py took 0.108 seconds
[2026-06-15T06:27:33.035+0000] {processor.py:161} INFO - Started process (PID=512) to work on /opt/airflow/dags/bi_masan_pipeline.py
[2026-06-15T06:27:33.036+0000] {processor.py:830} INFO - Processing file /opt/airflow/dags/bi_masan_pipeline.py for tasks to queue
[2026-06-15T06:27:33.036+0000] {logging_mixin.py:188} INFO - [2026-06-15T06:27:33.036+0000] {dagbag.py:545} INFO - Filling up the DagBag from /opt/airflow/dags/bi_masan_pipeline.py
[2026-06-15T06:27:33.043+0000] {processor.py:840} INFO - DAG(s) 'bi_masan_revenue_pipeline' retrieved from /opt/airflow/dags/bi_masan_pipeline.py
[2026-06-15T06:27:33.055+0000] {logging_mixin.py:188} INFO - [2026-06-15T06:27:33.055+0000] {dag.py:3089} INFO - Sync 1 DAGs
[2026-06-15T06:27:33.063+0000] {logging_mixin.py:188} INFO - [2026-06-15T06:27:33.063+0000] {dag.py:3947} INFO - Setting next_dagrun for bi_masan_revenue_pipeline to 2026-06-15 00:00:00+00:00, run_after=2026-06-16 00:00:00+00:00
[2026-06-15T06:27:33.073+0000] {processor.py:183} INFO - Processing /opt/airflow/dags/bi_masan_pipeline.py took 0.044 seconds
[2026-06-15T06:28:03.441+0000] {processor.py:161} INFO - Started process (PID=513) to work on /opt/airflow/dags/bi_masan_pipeline.py
[2026-06-15T06:28:03.443+0000] {processor.py:830} INFO - Processing file /opt/airflow/dags/bi_masan_pipeline.py for tasks to queue
[2026-06-15T06:28:03.445+0000] {logging_mixin.py:188} INFO - [2026-06-15T06:28:03.444+0000] {dagbag.py:545} INFO - Filling up the DagBag from /opt/airflow/dags/bi_masan_pipeline.py
[2026-06-15T06:28:03.454+0000] {processor.py:840} INFO - DAG(s) 'bi_masan_revenue_pipeline' retrieved from /opt/airflow/dags/bi_masan_pipeline.py
[2026-06-15T06:28:03.468+0000] {logging_mixin.py:188} INFO - [2026-06-15T06:28:03.468+0000] {dag.py:3089} INFO - Sync 1 DAGs
[2026-06-15T06:28:03.477+0000] {logging_mixin.py:188} INFO - [2026-06-15T06:28:03.477+0000] {dag.py:3947} INFO - Setting next_dagrun for bi_masan_revenue_pipeline to 2026-06-15 00:00:00+00:00, run_after=2026-06-16 00:00:00+00:00
[2026-06-15T06:28:03.488+0000] {processor.py:183} INFO - Processing /opt/airflow/dags/bi_masan_pipeline.py took 0.051 seconds
[2026-06-15T06:28:33.833+0000] {processor.py:161} INFO - Started process (PID=514) to work on /opt/airflow/dags/bi_masan_pipeline.py
[2026-06-15T06:28:33.833+0000] {processor.py:830} INFO - Processing file /opt/airflow/dags/bi_masan_pipeline.py for tasks to queue
[2026-06-15T06:28:33.835+0000] {logging_mixin.py:188} INFO - [2026-06-15T06:28:33.834+0000] {dagbag.py:545} INFO - Filling up the DagBag from /opt/airflow/dags/bi_masan_pipeline.py
[2026-06-15T06:28:33.843+0000] {processor.py:840} INFO - DAG(s) 'bi_masan_revenue_pipeline' retrieved from /opt/airflow/dags/bi_masan_pipeline.py
[2026-06-15T06:28:33.856+0000] {logging_mixin.py:188} INFO - [2026-06-15T06:28:33.856+0000] {dag.py:3089} INFO - Sync 1 DAGs
[2026-06-15T06:28:33.864+0000] {logging_mixin.py:188} INFO - [2026-06-15T06:28:33.864+0000] {dag.py:3947} INFO - Setting next_dagrun for bi_masan_revenue_pipeline to 2026-06-15 00:00:00+00:00, run_after=2026-06-16 00:00:00+00:00
[2026-06-15T06:28:33.874+0000] {processor.py:183} INFO - Processing /opt/airflow/dags/bi_masan_pipeline.py took 0.046 seconds
[2026-06-15T06:29:04.422+0000] {processor.py:161} INFO - Started process (PID=767) to work on /opt/airflow/dags/bi_masan_pipeline.py
[2026-06-15T06:29:04.424+0000] {processor.py:830} INFO - Processing file /opt/airflow/dags/bi_masan_pipeline.py for tasks to queue
[2026-06-15T06:29:04.427+0000] {logging_mixin.py:188} INFO - [2026-06-15T06:29:04.426+0000] {dagbag.py:545} INFO - Filling up the DagBag from /opt/airflow/dags/bi_masan_pipeline.py
[2026-06-15T06:29:04.437+0000] {processor.py:840} INFO - DAG(s) 'bi_masan_revenue_pipeline' retrieved from /opt/airflow/dags/bi_masan_pipeline.py
[2026-06-15T06:29:04.449+0000] {logging_mixin.py:188} INFO - [2026-06-15T06:29:04.449+0000] {dag.py:3089} INFO - Sync 1 DAGs
[2026-06-15T06:29:04.458+0000] {logging_mixin.py:188} INFO - [2026-06-15T06:29:04.458+0000] {dag.py:3947} INFO - Setting next_dagrun for bi_masan_revenue_pipeline to 2026-06-15 00:00:00+00:00, run_after=2026-06-16 00:00:00+00:00
[2026-06-15T06:29:04.467+0000] {processor.py:183} INFO - Processing /opt/airflow/dags/bi_masan_pipeline.py took 0.051 seconds
[2026-06-15T06:29:34.666+0000] {processor.py:161} INFO - Started process (PID=768) to work on /opt/airflow/dags/bi_masan_pipeline.py
[2026-06-15T06:29:34.667+0000] {processor.py:830} INFO - Processing file /opt/airflow/dags/bi_masan_pipeline.py for tasks to queue
[2026-06-15T06:29:34.669+0000] {logging_mixin.py:188} INFO - [2026-06-15T06:29:34.669+0000] {dagbag.py:545} INFO - Filling up the DagBag from /opt/airflow/dags/bi_masan_pipeline.py
[2026-06-15T06:29:34.679+0000] {processor.py:840} INFO - DAG(s) 'bi_masan_revenue_pipeline' retrieved from /opt/airflow/dags/bi_masan_pipeline.py
[2026-06-15T06:29:34.693+0000] {logging_mixin.py:188} INFO - [2026-06-15T06:29:34.692+0000] {dag.py:3089} INFO - Sync 1 DAGs
[2026-06-15T06:29:34.701+0000] {logging_mixin.py:188} INFO - [2026-06-15T06:29:34.701+0000] {dag.py:3947} INFO - Setting next_dagrun for bi_masan_revenue_pipeline to 2026-06-15 00:00:00+00:00, run_after=2026-06-16 00:00:00+00:00
[2026-06-15T06:29:34.711+0000] {processor.py:183} INFO - Processing /opt/airflow/dags/bi_masan_pipeline.py took 0.056 seconds
[2026-06-15T06:30:04.935+0000] {processor.py:161} INFO - Started process (PID=811) to work on /opt/airflow/dags/bi_masan_pipeline.py
[2026-06-15T06:30:04.937+0000] {processor.py:830} INFO - Processing file /opt/airflow/dags/bi_masan_pipeline.py for tasks to queue
[2026-06-15T06:30:04.939+0000] {logging_mixin.py:188} INFO - [2026-06-15T06:30:04.939+0000] {dagbag.py:545} INFO - Filling up the DagBag from /opt/airflow/dags/bi_masan_pipeline.py
[2026-06-15T06:30:04.948+0000] {processor.py:840} INFO - DAG(s) 'bi_masan_revenue_pipeline' retrieved from /opt/airflow/dags/bi_masan_pipeline.py
[2026-06-15T06:30:04.961+0000] {logging_mixin.py:188} INFO - [2026-06-15T06:30:04.961+0000] {dag.py:3089} INFO - Sync 1 DAGs
[2026-06-15T06:30:04.969+0000] {logging_mixin.py:188} INFO - [2026-06-15T06:30:04.969+0000] {dag.py:3947} INFO - Setting next_dagrun for bi_masan_revenue_pipeline to 2026-06-15 00:00:00+00:00, run_after=2026-06-16 00:00:00+00:00
[2026-06-15T06:30:04.979+0000] {processor.py:183} INFO - Processing /opt/airflow/dags/bi_masan_pipeline.py took 0.053 seconds
[2026-06-15T06:30:35.919+0000] {processor.py:161} INFO - Started process (PID=896) to work on /opt/airflow/dags/bi_masan_pipeline.py
[2026-06-15T06:30:35.920+0000] {processor.py:830} INFO - Processing file /opt/airflow/dags/bi_masan_pipeline.py for tasks to queue
[2026-06-15T06:30:35.922+0000] {logging_mixin.py:188} INFO - [2026-06-15T06:30:35.922+0000] {dagbag.py:545} INFO - Filling up the DagBag from /opt/airflow/dags/bi_masan_pipeline.py
[2026-06-15T06:30:35.930+0000] {processor.py:840} INFO - DAG(s) 'bi_masan_revenue_pipeline' retrieved from /opt/airflow/dags/bi_masan_pipeline.py
[2026-06-15T06:30:35.942+0000] {logging_mixin.py:188} INFO - [2026-06-15T06:30:35.942+0000] {dag.py:3089} INFO - Sync 1 DAGs
[2026-06-15T06:30:35.950+0000] {logging_mixin.py:188} INFO - [2026-06-15T06:30:35.950+0000] {dag.py:3947} INFO - Setting next_dagrun for bi_masan_revenue_pipeline to 2026-06-15 00:00:00+00:00, run_after=2026-06-16 00:00:00+00:00
[2026-06-15T06:30:35.960+0000] {processor.py:183} INFO - Processing /opt/airflow/dags/bi_masan_pipeline.py took 0.051 seconds
[2026-06-15T06:31:06.182+0000] {processor.py:161} INFO - Started process (PID=897) to work on /opt/airflow/dags/bi_masan_pipeline.py
[2026-06-15T06:31:06.185+0000] {processor.py:830} INFO - Processing file /opt/airflow/dags/bi_masan_pipeline.py for tasks to queue
[2026-06-15T06:31:06.187+0000] {logging_mixin.py:188} INFO - [2026-06-15T06:31:06.187+0000] {dagbag.py:545} INFO - Filling up the DagBag from /opt/airflow/dags/bi_masan_pipeline.py
[2026-06-15T06:31:06.196+0000] {processor.py:840} INFO - DAG(s) 'bi_masan_revenue_pipeline' retrieved from /opt/airflow/dags/bi_masan_pipeline.py
[2026-06-15T06:31:06.210+0000] {logging_mixin.py:188} INFO - [2026-06-15T06:31:06.209+0000] {dag.py:3089} INFO - Sync 1 DAGs
[2026-06-15T06:31:06.218+0000] {logging_mixin.py:188} INFO - [2026-06-15T06:31:06.218+0000] {dag.py:3947} INFO - Setting next_dagrun for bi_masan_revenue_pipeline to 2026-06-15 00:00:00+00:00, run_after=2026-06-16 00:00:00+00:00
[2026-06-15T06:31:06.229+0000] {processor.py:183} INFO - Processing /opt/airflow/dags/bi_masan_pipeline.py took 0.058 seconds
[2026-06-15T06:31:36.427+0000] {processor.py:161} INFO - Started process (PID=898) to work on /opt/airflow/dags/bi_masan_pipeline.py
[2026-06-15T06:31:36.427+0000] {processor.py:830} INFO - Processing file /opt/airflow/dags/bi_masan_pipeline.py for tasks to queue
[2026-06-15T06:31:36.428+0000] {logging_mixin.py:188} INFO - [2026-06-15T06:31:36.428+0000] {dagbag.py:545} INFO - Filling up the DagBag from /opt/airflow/dags/bi_masan_pipeline.py
[2026-06-15T06:31:36.435+0000] {processor.py:840} INFO - DAG(s) 'bi_masan_revenue_pipeline' retrieved from /opt/airflow/dags/bi_masan_pipeline.py
[2026-06-15T06:31:36.450+0000] {logging_mixin.py:188} INFO - [2026-06-15T06:31:36.450+0000] {dag.py:3089} INFO - Sync 1 DAGs
[2026-06-15T06:31:36.459+0000] {logging_mixin.py:188} INFO - [2026-06-15T06:31:36.459+0000] {dag.py:3947} INFO - Setting next_dagrun for bi_masan_revenue_pipeline to 2026-06-15 00:00:00+00:00, run_after=2026-06-16 00:00:00+00:00
[2026-06-15T06:31:36.470+0000] {processor.py:183} INFO - Processing /opt/airflow/dags/bi_masan_pipeline.py took 0.047 seconds
[2026-06-15T06:32:06.666+0000] {processor.py:161} INFO - Started process (PID=899) to work on /opt/airflow/dags/bi_masan_pipeline.py
[2026-06-15T06:32:06.668+0000] {processor.py:830} INFO - Processing file /opt/airflow/dags/bi_masan_pipeline.py for tasks to queue
[2026-06-15T06:32:06.669+0000] {logging_mixin.py:188} INFO - [2026-06-15T06:32:06.669+0000] {dagbag.py:545} INFO - Filling up the DagBag from /opt/airflow/dags/bi_masan_pipeline.py
[2026-06-15T06:32:06.676+0000] {processor.py:840} INFO - DAG(s) 'bi_masan_revenue_pipeline' retrieved from /opt/airflow/dags/bi_masan_pipeline.py
[2026-06-15T06:32:06.688+0000] {logging_mixin.py:188} INFO - [2026-06-15T06:32:06.688+0000] {dag.py:3089} INFO - Sync 1 DAGs
[2026-06-15T06:32:06.696+0000] {logging_mixin.py:188} INFO - [2026-06-15T06:32:06.696+0000] {dag.py:3947} INFO - Setting next_dagrun for bi_masan_revenue_pipeline to 2026-06-15 00:00:00+00:00, run_after=2026-06-16 00:00:00+00:00
[2026-06-15T06:32:06.707+0000] {processor.py:183} INFO - Processing /opt/airflow/dags/bi_masan_pipeline.py took 0.043 seconds
[2026-06-15T06:32:36.924+0000] {processor.py:161} INFO - Started process (PID=900) to work on /opt/airflow/dags/bi_masan_pipeline.py
[2026-06-15T06:32:36.926+0000] {processor.py:830} INFO - Processing file /opt/airflow/dags/bi_masan_pipeline.py for tasks to queue
[2026-06-15T06:32:36.928+0000] {logging_mixin.py:188} INFO - [2026-06-15T06:32:36.927+0000] {dagbag.py:545} INFO - Filling up the DagBag from /opt/airflow/dags/bi_masan_pipeline.py
[2026-06-15T06:32:36.940+0000] {processor.py:840} INFO - DAG(s) 'bi_masan_revenue_pipeline' retrieved from /opt/airflow/dags/bi_masan_pipeline.py
[2026-06-15T06:32:36.953+0000] {logging_mixin.py:188} INFO - [2026-06-15T06:32:36.953+0000] {dag.py:3089} INFO - Sync 1 DAGs
[2026-06-15T06:32:36.961+0000] {logging_mixin.py:188} INFO - [2026-06-15T06:32:36.961+0000] {dag.py:3947} INFO - Setting next_dagrun for bi_masan_revenue_pipeline to 2026-06-15 00:00:00+00:00, run_after=2026-06-16 00:00:00+00:00
[2026-06-15T06:32:36.971+0000] {processor.py:183} INFO - Processing /opt/airflow/dags/bi_masan_pipeline.py took 0.052 seconds
[2026-06-15T06:33:07.132+0000] {processor.py:161} INFO - Started process (PID=901) to work on /opt/airflow/dags/bi_masan_pipeline.py
[2026-06-15T06:33:07.133+0000] {processor.py:830} INFO - Processing file /opt/airflow/dags/bi_masan_pipeline.py for tasks to queue
[2026-06-15T06:33:07.133+0000] {logging_mixin.py:188} INFO - [2026-06-15T06:33:07.133+0000] {dagbag.py:545} INFO - Filling up the DagBag from /opt/airflow/dags/bi_masan_pipeline.py
[2026-06-15T06:33:07.140+0000] {processor.py:840} INFO - DAG(s) 'bi_masan_revenue_pipeline' retrieved from /opt/airflow/dags/bi_masan_pipeline.py
[2026-06-15T06:33:07.153+0000] {logging_mixin.py:188} INFO - [2026-06-15T06:33:07.152+0000] {dag.py:3089} INFO - Sync 1 DAGs
[2026-06-15T06:33:07.161+0000] {logging_mixin.py:188} INFO - [2026-06-15T06:33:07.161+0000] {dag.py:3947} INFO - Setting next_dagrun for bi_masan_revenue_pipeline to 2026-06-15 00:00:00+00:00, run_after=2026-06-16 00:00:00+00:00
[2026-06-15T06:33:07.171+0000] {processor.py:183} INFO - Processing /opt/airflow/dags/bi_masan_pipeline.py took 0.045 seconds
[2026-06-15T06:33:37.381+0000] {processor.py:161} INFO - Started process (PID=902) to work on /opt/airflow/dags/bi_masan_pipeline.py
[2026-06-15T06:33:37.381+0000] {processor.py:830} INFO - Processing file /opt/airflow/dags/bi_masan_pipeline.py for tasks to queue
[2026-06-15T06:33:37.383+0000] {logging_mixin.py:188} INFO - [2026-06-15T06:33:37.383+0000] {dagbag.py:545} INFO - Filling up the DagBag from /opt/airflow/dags/bi_masan_pipeline.py
[2026-06-15T06:33:37.391+0000] {processor.py:840} INFO - DAG(s) 'bi_masan_revenue_pipeline' retrieved from /opt/airflow/dags/bi_masan_pipeline.py
[2026-06-15T06:33:37.404+0000] {logging_mixin.py:188} INFO - [2026-06-15T06:33:37.404+0000] {dag.py:3089} INFO - Sync 1 DAGs
[2026-06-15T06:33:37.414+0000] {logging_mixin.py:188} INFO - [2026-06-15T06:33:37.414+0000] {dag.py:3947} INFO - Setting next_dagrun for bi_masan_revenue_pipeline to 2026-06-15 00:00:00+00:00, run_after=2026-06-16 00:00:00+00:00
[2026-06-15T06:33:37.424+0000] {processor.py:183} INFO - Processing /opt/airflow/dags/bi_masan_pipeline.py took 0.053 seconds
[2026-06-15T06:34:07.596+0000] {processor.py:161} INFO - Started process (PID=903) to work on /opt/airflow/dags/bi_masan_pipeline.py
[2026-06-15T06:34:07.596+0000] {processor.py:830} INFO - Processing file /opt/airflow/dags/bi_masan_pipeline.py for tasks to queue
[2026-06-15T06:34:07.597+0000] {logging_mixin.py:188} INFO - [2026-06-15T06:34:07.597+0000] {dagbag.py:545} INFO - Filling up the DagBag from /opt/airflow/dags/bi_masan_pipeline.py
[2026-06-15T06:34:07.603+0000] {processor.py:840} INFO - DAG(s) 'bi_masan_revenue_pipeline' retrieved from /opt/airflow/dags/bi_masan_pipeline.py
[2026-06-15T06:34:07.615+0000] {logging_mixin.py:188} INFO - [2026-06-15T06:34:07.615+0000] {dag.py:3089} INFO - Sync 1 DAGs
[2026-06-15T06:34:07.623+0000] {logging_mixin.py:188} INFO - [2026-06-15T06:34:07.623+0000] {dag.py:3947} INFO - Setting next_dagrun for bi_masan_revenue_pipeline to 2026-06-15 00:00:00+00:00, run_after=2026-06-16 00:00:00+00:00
[2026-06-15T06:34:07.633+0000] {processor.py:183} INFO - Processing /opt/airflow/dags/bi_masan_pipeline.py took 0.042 seconds
[2026-06-15T06:34:37.823+0000] {processor.py:161} INFO - Started process (PID=904) to work on /opt/airflow/dags/bi_masan_pipeline.py
[2026-06-15T06:34:37.825+0000] {processor.py:830} INFO - Processing file /opt/airflow/dags/bi_masan_pipeline.py for tasks to queue
[2026-06-15T06:34:37.827+0000] {logging_mixin.py:188} INFO - [2026-06-15T06:34:37.826+0000] {dagbag.py:545} INFO - Filling up the DagBag from /opt/airflow/dags/bi_masan_pipeline.py
[2026-06-15T06:34:37.837+0000] {processor.py:840} INFO - DAG(s) 'bi_masan_revenue_pipeline' retrieved from /opt/airflow/dags/bi_masan_pipeline.py
[2026-06-15T06:34:37.850+0000] {logging_mixin.py:188} INFO - [2026-06-15T06:34:37.850+0000] {dag.py:3089} INFO - Sync 1 DAGs
[2026-06-15T06:34:37.860+0000] {logging_mixin.py:188} INFO - [2026-06-15T06:34:37.860+0000] {dag.py:3947} INFO - Setting next_dagrun for bi_masan_revenue_pipeline to 2026-06-15 00:00:00+00:00, run_after=2026-06-16 00:00:00+00:00
[2026-06-15T06:34:37.870+0000] {processor.py:183} INFO - Processing /opt/airflow/dags/bi_masan_pipeline.py took 0.053 seconds
[2026-06-15T06:34:58.653+0000] {processor.py:161} INFO - Started process (PID=905) to work on /opt/airflow/dags/bi_masan_pipeline.py
[2026-06-15T06:34:58.654+0000] {processor.py:830} INFO - Processing file /opt/airflow/dags/bi_masan_pipeline.py for tasks to queue
[2026-06-15T06:34:58.656+0000] {logging_mixin.py:188} INFO - [2026-06-15T06:34:58.656+0000] {dagbag.py:545} INFO - Filling up the DagBag from /opt/airflow/dags/bi_masan_pipeline.py
[2026-06-15T06:34:58.664+0000] {logging_mixin.py:188} INFO - [2026-06-15T06:34:58.663+0000] {dagbag.py:355} ERROR - Failed to import: /opt/airflow/dags/bi_masan_pipeline.py
Traceback (most recent call last):
  File "/home/airflow/.local/lib/python3.11/site-packages/airflow/models/dagbag.py", line 351, in parse
    loader.exec_module(new_module)
  File "<frozen importlib._bootstrap_external>", line 940, in exec_module
  File "<frozen importlib._bootstrap>", line 241, in _call_with_frames_removed
  File "/opt/airflow/dags/bi_masan_pipeline.py", line 124, in <module>
    start >> [load_postgres, load_mysql, load_mongo]
              ^^^^^^^^^^^^^
NameError: name 'load_postgres' is not defined
[2026-06-15T06:34:58.664+0000] {processor.py:842} WARNING - No viable dags retrieved from /opt/airflow/dags/bi_masan_pipeline.py
[2026-06-15T06:34:58.672+0000] {processor.py:183} INFO - Processing /opt/airflow/dags/bi_masan_pipeline.py took 0.028 seconds
[2026-06-15T06:35:02.988+0000] {processor.py:161} INFO - Started process (PID=906) to work on /opt/airflow/dags/bi_masan_pipeline.py
[2026-06-15T06:35:02.989+0000] {processor.py:830} INFO - Processing file /opt/airflow/dags/bi_masan_pipeline.py for tasks to queue
[2026-06-15T06:35:02.990+0000] {logging_mixin.py:188} INFO - [2026-06-15T06:35:02.990+0000] {dagbag.py:545} INFO - Filling up the DagBag from /opt/airflow/dags/bi_masan_pipeline.py
[2026-06-15T06:35:02.998+0000] {logging_mixin.py:188} INFO - [2026-06-15T06:35:02.997+0000] {dagbag.py:355} ERROR - Failed to import: /opt/airflow/dags/bi_masan_pipeline.py
Traceback (most recent call last):
  File "/home/airflow/.local/lib/python3.11/site-packages/airflow/models/dagbag.py", line 351, in parse
    loader.exec_module(new_module)
  File "<frozen importlib._bootstrap_external>", line 940, in exec_module
  File "<frozen importlib._bootstrap>", line 241, in _call_with_frames_removed
  File "/opt/airflow/dags/bi_masan_pipeline.py", line 123, in <module>
    start >> [load_postgres, load_mysql, load_mongo]
              ^^^^^^^^^^^^^
NameError: name 'load_postgres' is not defined
[2026-06-15T06:35:02.998+0000] {processor.py:842} WARNING - No viable dags retrieved from /opt/airflow/dags/bi_masan_pipeline.py
[2026-06-15T06:35:03.007+0000] {processor.py:183} INFO - Processing /opt/airflow/dags/bi_masan_pipeline.py took 0.022 seconds
[2026-06-15T06:35:05.175+0000] {processor.py:161} INFO - Started process (PID=907) to work on /opt/airflow/dags/bi_masan_pipeline.py
[2026-06-15T06:35:05.176+0000] {processor.py:830} INFO - Processing file /opt/airflow/dags/bi_masan_pipeline.py for tasks to queue
[2026-06-15T06:35:05.178+0000] {logging_mixin.py:188} INFO - [2026-06-15T06:35:05.177+0000] {dagbag.py:545} INFO - Filling up the DagBag from /opt/airflow/dags/bi_masan_pipeline.py
[2026-06-15T06:35:05.195+0000] {logging_mixin.py:188} INFO - [2026-06-15T06:35:05.192+0000] {dagbag.py:355} ERROR - Failed to import: /opt/airflow/dags/bi_masan_pipeline.py
Traceback (most recent call last):
  File "/home/airflow/.local/lib/python3.11/site-packages/airflow/models/dagbag.py", line 351, in parse
    loader.exec_module(new_module)
  File "<frozen importlib._bootstrap_external>", line 940, in exec_module
  File "<frozen importlib._bootstrap>", line 241, in _call_with_frames_removed
  File "/opt/airflow/dags/bi_masan_pipeline.py", line 123, in <module>
    start >> [load_postgres, load_mysql, load_mongo]
              ^^^^^^^^^^^^^
NameError: name 'load_postgres' is not defined
[2026-06-15T06:35:05.196+0000] {processor.py:842} WARNING - No viable dags retrieved from /opt/airflow/dags/bi_masan_pipeline.py
[2026-06-15T06:35:05.208+0000] {processor.py:183} INFO - Processing /opt/airflow/dags/bi_masan_pipeline.py took 0.047 seconds
[2026-06-15T06:35:35.272+0000] {processor.py:161} INFO - Started process (PID=908) to work on /opt/airflow/dags/bi_masan_pipeline.py
[2026-06-15T06:35:35.274+0000] {processor.py:830} INFO - Processing file /opt/airflow/dags/bi_masan_pipeline.py for tasks to queue
[2026-06-15T06:35:35.275+0000] {logging_mixin.py:188} INFO - [2026-06-15T06:35:35.275+0000] {dagbag.py:545} INFO - Filling up the DagBag from /opt/airflow/dags/bi_masan_pipeline.py
[2026-06-15T06:35:35.280+0000] {logging_mixin.py:188} INFO - [2026-06-15T06:35:35.279+0000] {dagbag.py:355} ERROR - Failed to import: /opt/airflow/dags/bi_masan_pipeline.py
Traceback (most recent call last):
  File "/home/airflow/.local/lib/python3.11/site-packages/airflow/models/dagbag.py", line 351, in parse
    loader.exec_module(new_module)
  File "<frozen importlib._bootstrap_external>", line 940, in exec_module
  File "<frozen importlib._bootstrap>", line 241, in _call_with_frames_removed
  File "/opt/airflow/dags/bi_masan_pipeline.py", line 123, in <module>
    start >> [load_postgres, load_mysql, load_mongo]
              ^^^^^^^^^^^^^
NameError: name 'load_postgres' is not defined
[2026-06-15T06:35:35.280+0000] {processor.py:842} WARNING - No viable dags retrieved from /opt/airflow/dags/bi_masan_pipeline.py
[2026-06-15T06:35:35.288+0000] {processor.py:183} INFO - Processing /opt/airflow/dags/bi_masan_pipeline.py took 0.020 seconds
[2026-06-15T06:35:45.374+0000] {processor.py:161} INFO - Started process (PID=909) to work on /opt/airflow/dags/bi_masan_pipeline.py
[2026-06-15T06:35:45.375+0000] {processor.py:830} INFO - Processing file /opt/airflow/dags/bi_masan_pipeline.py for tasks to queue
[2026-06-15T06:35:45.376+0000] {logging_mixin.py:188} INFO - [2026-06-15T06:35:45.376+0000] {dagbag.py:545} INFO - Filling up the DagBag from /opt/airflow/dags/bi_masan_pipeline.py
[2026-06-15T06:35:45.378+0000] {logging_mixin.py:188} INFO - [2026-06-15T06:35:45.378+0000] {dagbag.py:355} ERROR - Failed to import: /opt/airflow/dags/bi_masan_pipeline.py
Traceback (most recent call last):
  File "/home/airflow/.local/lib/python3.11/site-packages/airflow/models/dagbag.py", line 351, in parse
    loader.exec_module(new_module)
  File "<frozen importlib._bootstrap_external>", line 936, in exec_module
  File "<frozen importlib._bootstrap_external>", line 1074, in get_code
  File "<frozen importlib._bootstrap_external>", line 1004, in source_to_code
  File "<frozen importlib._bootstrap>", line 241, in _call_with_frames_removed
  File "/opt/airflow/dags/bi_masan_pipeline.py", line 123
    start >> bronze_sales_dim >> bronze_sales_fact >> silver_sales_dim >> silver_sales_fact >> gold_sales
                                                                                                         ^
IndentationError: unindent does not match any outer indentation level
[2026-06-15T06:35:45.378+0000] {processor.py:842} WARNING - No viable dags retrieved from /opt/airflow/dags/bi_masan_pipeline.py
[2026-06-15T06:35:45.391+0000] {processor.py:183} INFO - Processing /opt/airflow/dags/bi_masan_pipeline.py took 0.020 seconds
[2026-06-15T06:35:48.324+0000] {processor.py:161} INFO - Started process (PID=910) to work on /opt/airflow/dags/bi_masan_pipeline.py
[2026-06-15T06:35:48.325+0000] {processor.py:830} INFO - Processing file /opt/airflow/dags/bi_masan_pipeline.py for tasks to queue
[2026-06-15T06:35:48.326+0000] {logging_mixin.py:188} INFO - [2026-06-15T06:35:48.326+0000] {dagbag.py:545} INFO - Filling up the DagBag from /opt/airflow/dags/bi_masan_pipeline.py
[2026-06-15T06:35:48.327+0000] {logging_mixin.py:188} INFO - [2026-06-15T06:35:48.327+0000] {dagbag.py:355} ERROR - Failed to import: /opt/airflow/dags/bi_masan_pipeline.py
Traceback (most recent call last):
  File "/home/airflow/.local/lib/python3.11/site-packages/airflow/models/dagbag.py", line 351, in parse
    loader.exec_module(new_module)
  File "<frozen importlib._bootstrap_external>", line 936, in exec_module
  File "<frozen importlib._bootstrap_external>", line 1074, in get_code
  File "<frozen importlib._bootstrap_external>", line 1004, in source_to_code
  File "<frozen importlib._bootstrap>", line 241, in _call_with_frames_removed
  File "/opt/airflow/dags/bi_masan_pipeline.py", line 123
    start >> bronze_sales_dim >> bronze_sales_fact >> silver_sales_dim >> silver_sales_fact >> gold_sales
                                                                                                         ^
IndentationError: unindent does not match any outer indentation level
[2026-06-15T06:35:48.328+0000] {processor.py:842} WARNING - No viable dags retrieved from /opt/airflow/dags/bi_masan_pipeline.py
[2026-06-15T06:35:48.337+0000] {processor.py:183} INFO - Processing /opt/airflow/dags/bi_masan_pipeline.py took 0.015 seconds
[2026-06-15T06:35:49.450+0000] {processor.py:161} INFO - Started process (PID=911) to work on /opt/airflow/dags/bi_masan_pipeline.py
[2026-06-15T06:35:49.451+0000] {processor.py:830} INFO - Processing file /opt/airflow/dags/bi_masan_pipeline.py for tasks to queue
[2026-06-15T06:35:49.453+0000] {logging_mixin.py:188} INFO - [2026-06-15T06:35:49.452+0000] {dagbag.py:545} INFO - Filling up the DagBag from /opt/airflow/dags/bi_masan_pipeline.py
[2026-06-15T06:35:49.455+0000] {logging_mixin.py:188} INFO - [2026-06-15T06:35:49.454+0000] {dagbag.py:355} ERROR - Failed to import: /opt/airflow/dags/bi_masan_pipeline.py
Traceback (most recent call last):
  File "/home/airflow/.local/lib/python3.11/site-packages/airflow/models/dagbag.py", line 351, in parse
    loader.exec_module(new_module)
  File "<frozen importlib._bootstrap_external>", line 936, in exec_module
  File "<frozen importlib._bootstrap_external>", line 1074, in get_code
  File "<frozen importlib._bootstrap_external>", line 1004, in source_to_code
  File "<frozen importlib._bootstrap>", line 241, in _call_with_frames_removed
  File "/opt/airflow/dags/bi_masan_pipeline.py", line 123
    start >> bronze_sales_dim >> bronze_sales_fact >> silver_sales_dim >> silver_sales_fact >> gold_sales
                                                                                                         ^
IndentationError: unindent does not match any outer indentation level
[2026-06-15T06:35:49.455+0000] {processor.py:842} WARNING - No viable dags retrieved from /opt/airflow/dags/bi_masan_pipeline.py
[2026-06-15T06:35:49.464+0000] {processor.py:183} INFO - Processing /opt/airflow/dags/bi_masan_pipeline.py took 0.017 seconds
[2026-06-15T06:35:50.583+0000] {processor.py:161} INFO - Started process (PID=912) to work on /opt/airflow/dags/bi_masan_pipeline.py
[2026-06-15T06:35:50.583+0000] {processor.py:830} INFO - Processing file /opt/airflow/dags/bi_masan_pipeline.py for tasks to queue
[2026-06-15T06:35:50.585+0000] {logging_mixin.py:188} INFO - [2026-06-15T06:35:50.584+0000] {dagbag.py:545} INFO - Filling up the DagBag from /opt/airflow/dags/bi_masan_pipeline.py
[2026-06-15T06:35:50.586+0000] {logging_mixin.py:188} INFO - [2026-06-15T06:35:50.586+0000] {dagbag.py:355} ERROR - Failed to import: /opt/airflow/dags/bi_masan_pipeline.py
Traceback (most recent call last):
  File "/home/airflow/.local/lib/python3.11/site-packages/airflow/models/dagbag.py", line 351, in parse
    loader.exec_module(new_module)
  File "<frozen importlib._bootstrap_external>", line 936, in exec_module
  File "<frozen importlib._bootstrap_external>", line 1074, in get_code
  File "<frozen importlib._bootstrap_external>", line 1004, in source_to_code
  File "<frozen importlib._bootstrap>", line 241, in _call_with_frames_removed
  File "/opt/airflow/dags/bi_masan_pipeline.py", line 123
    start >> bronze_sales_dim >> bronze_sales_fact >> silver_sales_dim >> silver_sales_fact >> gold_sales
                                                                                                         ^
IndentationError: unindent does not match any outer indentation level
[2026-06-15T06:35:50.587+0000] {processor.py:842} WARNING - No viable dags retrieved from /opt/airflow/dags/bi_masan_pipeline.py
[2026-06-15T06:35:50.595+0000] {processor.py:183} INFO - Processing /opt/airflow/dags/bi_masan_pipeline.py took 0.020 seconds
[2026-06-15T06:35:53.402+0000] {processor.py:161} INFO - Started process (PID=913) to work on /opt/airflow/dags/bi_masan_pipeline.py
[2026-06-15T06:35:53.403+0000] {processor.py:830} INFO - Processing file /opt/airflow/dags/bi_masan_pipeline.py for tasks to queue
[2026-06-15T06:35:53.404+0000] {logging_mixin.py:188} INFO - [2026-06-15T06:35:53.403+0000] {dagbag.py:545} INFO - Filling up the DagBag from /opt/airflow/dags/bi_masan_pipeline.py
[2026-06-15T06:35:53.413+0000] {processor.py:840} INFO - DAG(s) 'bi_masan_revenue_pipeline' retrieved from /opt/airflow/dags/bi_masan_pipeline.py
[2026-06-15T06:35:53.461+0000] {logging_mixin.py:188} INFO - [2026-06-15T06:35:53.461+0000] {dag.py:3089} INFO - Sync 1 DAGs
[2026-06-15T06:35:53.468+0000] {logging_mixin.py:188} INFO - [2026-06-15T06:35:53.468+0000] {dag.py:3947} INFO - Setting next_dagrun for bi_masan_revenue_pipeline to 2026-06-15 00:00:00+00:00, run_after=2026-06-16 00:00:00+00:00
[2026-06-15T06:35:53.481+0000] {processor.py:183} INFO - Processing /opt/airflow/dags/bi_masan_pipeline.py took 0.083 seconds
[2026-06-15T06:36:23.632+0000] {processor.py:161} INFO - Started process (PID=914) to work on /opt/airflow/dags/bi_masan_pipeline.py
[2026-06-15T06:36:23.634+0000] {processor.py:830} INFO - Processing file /opt/airflow/dags/bi_masan_pipeline.py for tasks to queue
[2026-06-15T06:36:23.636+0000] {logging_mixin.py:188} INFO - [2026-06-15T06:36:23.636+0000] {dagbag.py:545} INFO - Filling up the DagBag from /opt/airflow/dags/bi_masan_pipeline.py
[2026-06-15T06:36:23.645+0000] {processor.py:840} INFO - DAG(s) 'bi_masan_revenue_pipeline' retrieved from /opt/airflow/dags/bi_masan_pipeline.py
[2026-06-15T06:36:23.657+0000] {logging_mixin.py:188} INFO - [2026-06-15T06:36:23.657+0000] {dag.py:3089} INFO - Sync 1 DAGs
[2026-06-15T06:36:23.666+0000] {logging_mixin.py:188} INFO - [2026-06-15T06:36:23.666+0000] {dag.py:3947} INFO - Setting next_dagrun for bi_masan_revenue_pipeline to 2026-06-15 00:00:00+00:00, run_after=2026-06-16 00:00:00+00:00
[2026-06-15T06:36:23.675+0000] {processor.py:183} INFO - Processing /opt/airflow/dags/bi_masan_pipeline.py took 0.047 seconds
[2026-06-15T06:36:53.858+0000] {processor.py:161} INFO - Started process (PID=915) to work on /opt/airflow/dags/bi_masan_pipeline.py
[2026-06-15T06:36:53.859+0000] {processor.py:830} INFO - Processing file /opt/airflow/dags/bi_masan_pipeline.py for tasks to queue
[2026-06-15T06:36:53.860+0000] {logging_mixin.py:188} INFO - [2026-06-15T06:36:53.859+0000] {dagbag.py:545} INFO - Filling up the DagBag from /opt/airflow/dags/bi_masan_pipeline.py
[2026-06-15T06:36:53.870+0000] {processor.py:840} INFO - DAG(s) 'bi_masan_revenue_pipeline' retrieved from /opt/airflow/dags/bi_masan_pipeline.py
[2026-06-15T06:36:53.891+0000] {logging_mixin.py:188} INFO - [2026-06-15T06:36:53.891+0000] {dag.py:3089} INFO - Sync 1 DAGs
[2026-06-15T06:36:53.904+0000] {logging_mixin.py:188} INFO - [2026-06-15T06:36:53.904+0000] {dag.py:3947} INFO - Setting next_dagrun for bi_masan_revenue_pipeline to 2026-06-15 00:00:00+00:00, run_after=2026-06-16 00:00:00+00:00
[2026-06-15T06:36:53.919+0000] {processor.py:183} INFO - Processing /opt/airflow/dags/bi_masan_pipeline.py took 0.065 seconds
[2026-06-15T06:37:24.128+0000] {processor.py:161} INFO - Started process (PID=916) to work on /opt/airflow/dags/bi_masan_pipeline.py
[2026-06-15T06:37:24.130+0000] {processor.py:830} INFO - Processing file /opt/airflow/dags/bi_masan_pipeline.py for tasks to queue
[2026-06-15T06:37:24.131+0000] {logging_mixin.py:188} INFO - [2026-06-15T06:37:24.131+0000] {dagbag.py:545} INFO - Filling up the DagBag from /opt/airflow/dags/bi_masan_pipeline.py
[2026-06-15T06:37:24.138+0000] {processor.py:840} INFO - DAG(s) 'bi_masan_revenue_pipeline' retrieved from /opt/airflow/dags/bi_masan_pipeline.py
[2026-06-15T06:37:24.150+0000] {logging_mixin.py:188} INFO - [2026-06-15T06:37:24.150+0000] {dag.py:3089} INFO - Sync 1 DAGs
[2026-06-15T06:37:24.159+0000] {logging_mixin.py:188} INFO - [2026-06-15T06:37:24.159+0000] {dag.py:3947} INFO - Setting next_dagrun for bi_masan_revenue_pipeline to 2026-06-15 00:00:00+00:00, run_after=2026-06-16 00:00:00+00:00
[2026-06-15T06:37:24.169+0000] {processor.py:183} INFO - Processing /opt/airflow/dags/bi_masan_pipeline.py took 0.045 seconds
[2026-06-15T06:37:54.379+0000] {processor.py:161} INFO - Started process (PID=917) to work on /opt/airflow/dags/bi_masan_pipeline.py
[2026-06-15T06:37:54.381+0000] {processor.py:830} INFO - Processing file /opt/airflow/dags/bi_masan_pipeline.py for tasks to queue
[2026-06-15T06:37:54.384+0000] {logging_mixin.py:188} INFO - [2026-06-15T06:37:54.383+0000] {dagbag.py:545} INFO - Filling up the DagBag from /opt/airflow/dags/bi_masan_pipeline.py
[2026-06-15T06:37:54.399+0000] {processor.py:840} INFO - DAG(s) 'bi_masan_revenue_pipeline' retrieved from /opt/airflow/dags/bi_masan_pipeline.py
[2026-06-15T06:37:54.411+0000] {logging_mixin.py:188} INFO - [2026-06-15T06:37:54.411+0000] {dag.py:3089} INFO - Sync 1 DAGs
[2026-06-15T06:37:54.420+0000] {logging_mixin.py:188} INFO - [2026-06-15T06:37:54.420+0000] {dag.py:3947} INFO - Setting next_dagrun for bi_masan_revenue_pipeline to 2026-06-15 00:00:00+00:00, run_after=2026-06-16 00:00:00+00:00
[2026-06-15T06:37:54.431+0000] {processor.py:183} INFO - Processing /opt/airflow/dags/bi_masan_pipeline.py took 0.057 seconds
[2026-06-15T06:38:24.914+0000] {processor.py:161} INFO - Started process (PID=1142) to work on /opt/airflow/dags/bi_masan_pipeline.py
[2026-06-15T06:38:24.915+0000] {processor.py:830} INFO - Processing file /opt/airflow/dags/bi_masan_pipeline.py for tasks to queue
[2026-06-15T06:38:24.916+0000] {logging_mixin.py:188} INFO - [2026-06-15T06:38:24.916+0000] {dagbag.py:545} INFO - Filling up the DagBag from /opt/airflow/dags/bi_masan_pipeline.py
[2026-06-15T06:38:24.927+0000] {processor.py:840} INFO - DAG(s) 'bi_masan_revenue_pipeline' retrieved from /opt/airflow/dags/bi_masan_pipeline.py
[2026-06-15T06:38:24.942+0000] {logging_mixin.py:188} INFO - [2026-06-15T06:38:24.942+0000] {dag.py:3089} INFO - Sync 1 DAGs
[2026-06-15T06:38:24.952+0000] {logging_mixin.py:188} INFO - [2026-06-15T06:38:24.952+0000] {dag.py:3947} INFO - Setting next_dagrun for bi_masan_revenue_pipeline to 2026-06-15 00:00:00+00:00, run_after=2026-06-16 00:00:00+00:00
[2026-06-15T06:38:24.962+0000] {processor.py:183} INFO - Processing /opt/airflow/dags/bi_masan_pipeline.py took 0.052 seconds
[2026-06-15T06:38:55.070+0000] {processor.py:161} INFO - Started process (PID=1143) to work on /opt/airflow/dags/bi_masan_pipeline.py
[2026-06-15T06:38:55.072+0000] {processor.py:830} INFO - Processing file /opt/airflow/dags/bi_masan_pipeline.py for tasks to queue
[2026-06-15T06:38:55.073+0000] {logging_mixin.py:188} INFO - [2026-06-15T06:38:55.073+0000] {dagbag.py:545} INFO - Filling up the DagBag from /opt/airflow/dags/bi_masan_pipeline.py
[2026-06-15T06:38:55.082+0000] {processor.py:840} INFO - DAG(s) 'bi_masan_revenue_pipeline' retrieved from /opt/airflow/dags/bi_masan_pipeline.py
[2026-06-15T06:38:55.094+0000] {logging_mixin.py:188} INFO - [2026-06-15T06:38:55.094+0000] {dag.py:3089} INFO - Sync 1 DAGs
[2026-06-15T06:38:55.103+0000] {logging_mixin.py:188} INFO - [2026-06-15T06:38:55.103+0000] {dag.py:3947} INFO - Setting next_dagrun for bi_masan_revenue_pipeline to 2026-06-15 00:00:00+00:00, run_after=2026-06-16 00:00:00+00:00
[2026-06-15T06:38:55.112+0000] {processor.py:183} INFO - Processing /opt/airflow/dags/bi_masan_pipeline.py took 0.050 seconds
[2026-06-15T06:39:25.349+0000] {processor.py:161} INFO - Started process (PID=1144) to work on /opt/airflow/dags/bi_masan_pipeline.py
[2026-06-15T06:39:25.350+0000] {processor.py:830} INFO - Processing file /opt/airflow/dags/bi_masan_pipeline.py for tasks to queue
[2026-06-15T06:39:25.351+0000] {logging_mixin.py:188} INFO - [2026-06-15T06:39:25.351+0000] {dagbag.py:545} INFO - Filling up the DagBag from /opt/airflow/dags/bi_masan_pipeline.py
[2026-06-15T06:39:25.358+0000] {processor.py:840} INFO - DAG(s) 'bi_masan_revenue_pipeline' retrieved from /opt/airflow/dags/bi_masan_pipeline.py
[2026-06-15T06:39:25.372+0000] {logging_mixin.py:188} INFO - [2026-06-15T06:39:25.371+0000] {dag.py:3089} INFO - Sync 1 DAGs
[2026-06-15T06:39:25.381+0000] {logging_mixin.py:188} INFO - [2026-06-15T06:39:25.380+0000] {dag.py:3947} INFO - Setting next_dagrun for bi_masan_revenue_pipeline to 2026-06-15 00:00:00+00:00, run_after=2026-06-16 00:00:00+00:00
[2026-06-15T06:39:25.391+0000] {processor.py:183} INFO - Processing /opt/airflow/dags/bi_masan_pipeline.py took 0.046 seconds
[2026-06-15T06:39:55.585+0000] {processor.py:161} INFO - Started process (PID=1145) to work on /opt/airflow/dags/bi_masan_pipeline.py
[2026-06-15T06:39:55.587+0000] {processor.py:830} INFO - Processing file /opt/airflow/dags/bi_masan_pipeline.py for tasks to queue
[2026-06-15T06:39:55.589+0000] {logging_mixin.py:188} INFO - [2026-06-15T06:39:55.588+0000] {dagbag.py:545} INFO - Filling up the DagBag from /opt/airflow/dags/bi_masan_pipeline.py
[2026-06-15T06:39:55.600+0000] {processor.py:840} INFO - DAG(s) 'bi_masan_revenue_pipeline' retrieved from /opt/airflow/dags/bi_masan_pipeline.py
[2026-06-15T06:39:55.616+0000] {logging_mixin.py:188} INFO - [2026-06-15T06:39:55.616+0000] {dag.py:3089} INFO - Sync 1 DAGs
[2026-06-15T06:39:55.626+0000] {logging_mixin.py:188} INFO - [2026-06-15T06:39:55.626+0000] {dag.py:3947} INFO - Setting next_dagrun for bi_masan_revenue_pipeline to 2026-06-15 00:00:00+00:00, run_after=2026-06-16 00:00:00+00:00
[2026-06-15T06:39:55.638+0000] {processor.py:183} INFO - Processing /opt/airflow/dags/bi_masan_pipeline.py took 0.058 seconds
[2026-06-15T06:40:25.868+0000] {processor.py:161} INFO - Started process (PID=1146) to work on /opt/airflow/dags/bi_masan_pipeline.py
[2026-06-15T06:40:25.868+0000] {processor.py:830} INFO - Processing file /opt/airflow/dags/bi_masan_pipeline.py for tasks to queue
[2026-06-15T06:40:25.869+0000] {logging_mixin.py:188} INFO - [2026-06-15T06:40:25.869+0000] {dagbag.py:545} INFO - Filling up the DagBag from /opt/airflow/dags/bi_masan_pipeline.py
[2026-06-15T06:40:25.875+0000] {processor.py:840} INFO - DAG(s) 'bi_masan_revenue_pipeline' retrieved from /opt/airflow/dags/bi_masan_pipeline.py
[2026-06-15T06:40:25.887+0000] {logging_mixin.py:188} INFO - [2026-06-15T06:40:25.887+0000] {dag.py:3089} INFO - Sync 1 DAGs
[2026-06-15T06:40:25.896+0000] {logging_mixin.py:188} INFO - [2026-06-15T06:40:25.896+0000] {dag.py:3947} INFO - Setting next_dagrun for bi_masan_revenue_pipeline to 2026-06-15 00:00:00+00:00, run_after=2026-06-16 00:00:00+00:00
[2026-06-15T06:40:25.906+0000] {processor.py:183} INFO - Processing /opt/airflow/dags/bi_masan_pipeline.py took 0.040 seconds
[2026-06-15T06:40:56.133+0000] {processor.py:161} INFO - Started process (PID=1147) to work on /opt/airflow/dags/bi_masan_pipeline.py
[2026-06-15T06:40:56.135+0000] {processor.py:830} INFO - Processing file /opt/airflow/dags/bi_masan_pipeline.py for tasks to queue
[2026-06-15T06:40:56.136+0000] {logging_mixin.py:188} INFO - [2026-06-15T06:40:56.136+0000] {dagbag.py:545} INFO - Filling up the DagBag from /opt/airflow/dags/bi_masan_pipeline.py
[2026-06-15T06:40:56.143+0000] {processor.py:840} INFO - DAG(s) 'bi_masan_revenue_pipeline' retrieved from /opt/airflow/dags/bi_masan_pipeline.py
[2026-06-15T06:40:56.155+0000] {logging_mixin.py:188} INFO - [2026-06-15T06:40:56.155+0000] {dag.py:3089} INFO - Sync 1 DAGs
[2026-06-15T06:40:56.164+0000] {logging_mixin.py:188} INFO - [2026-06-15T06:40:56.164+0000] {dag.py:3947} INFO - Setting next_dagrun for bi_masan_revenue_pipeline to 2026-06-15 00:00:00+00:00, run_after=2026-06-16 00:00:00+00:00
[2026-06-15T06:40:56.174+0000] {processor.py:183} INFO - Processing /opt/airflow/dags/bi_masan_pipeline.py took 0.046 seconds
[2026-06-15T06:41:26.344+0000] {processor.py:161} INFO - Started process (PID=1148) to work on /opt/airflow/dags/bi_masan_pipeline.py
[2026-06-15T06:41:26.345+0000] {processor.py:830} INFO - Processing file /opt/airflow/dags/bi_masan_pipeline.py for tasks to queue
[2026-06-15T06:41:26.345+0000] {logging_mixin.py:188} INFO - [2026-06-15T06:41:26.345+0000] {dagbag.py:545} INFO - Filling up the DagBag from /opt/airflow/dags/bi_masan_pipeline.py
[2026-06-15T06:41:26.352+0000] {processor.py:840} INFO - DAG(s) 'bi_masan_revenue_pipeline' retrieved from /opt/airflow/dags/bi_masan_pipeline.py
[2026-06-15T06:41:26.371+0000] {logging_mixin.py:188} INFO - [2026-06-15T06:41:26.370+0000] {dag.py:3089} INFO - Sync 1 DAGs
[2026-06-15T06:41:26.388+0000] {logging_mixin.py:188} INFO - [2026-06-15T06:41:26.388+0000] {dag.py:3947} INFO - Setting next_dagrun for bi_masan_revenue_pipeline to 2026-06-15 00:00:00+00:00, run_after=2026-06-16 00:00:00+00:00
[2026-06-15T06:41:26.405+0000] {processor.py:183} INFO - Processing /opt/airflow/dags/bi_masan_pipeline.py took 0.063 seconds
[2026-06-15T06:41:56.616+0000] {processor.py:161} INFO - Started process (PID=1149) to work on /opt/airflow/dags/bi_masan_pipeline.py
[2026-06-15T06:41:56.618+0000] {processor.py:830} INFO - Processing file /opt/airflow/dags/bi_masan_pipeline.py for tasks to queue
[2026-06-15T06:41:56.619+0000] {logging_mixin.py:188} INFO - [2026-06-15T06:41:56.619+0000] {dagbag.py:545} INFO - Filling up the DagBag from /opt/airflow/dags/bi_masan_pipeline.py
[2026-06-15T06:41:56.631+0000] {processor.py:840} INFO - DAG(s) 'bi_masan_revenue_pipeline' retrieved from /opt/airflow/dags/bi_masan_pipeline.py
[2026-06-15T06:41:56.644+0000] {logging_mixin.py:188} INFO - [2026-06-15T06:41:56.644+0000] {dag.py:3089} INFO - Sync 1 DAGs
[2026-06-15T06:41:56.654+0000] {logging_mixin.py:188} INFO - [2026-06-15T06:41:56.654+0000] {dag.py:3947} INFO - Setting next_dagrun for bi_masan_revenue_pipeline to 2026-06-15 00:00:00+00:00, run_after=2026-06-16 00:00:00+00:00
[2026-06-15T06:41:56.664+0000] {processor.py:183} INFO - Processing /opt/airflow/dags/bi_masan_pipeline.py took 0.051 seconds
[2026-06-15T06:42:26.880+0000] {processor.py:161} INFO - Started process (PID=1150) to work on /opt/airflow/dags/bi_masan_pipeline.py
[2026-06-15T06:42:26.881+0000] {processor.py:830} INFO - Processing file /opt/airflow/dags/bi_masan_pipeline.py for tasks to queue
[2026-06-15T06:42:26.883+0000] {logging_mixin.py:188} INFO - [2026-06-15T06:42:26.883+0000] {dagbag.py:545} INFO - Filling up the DagBag from /opt/airflow/dags/bi_masan_pipeline.py
[2026-06-15T06:42:26.892+0000] {processor.py:840} INFO - DAG(s) 'bi_masan_revenue_pipeline' retrieved from /opt/airflow/dags/bi_masan_pipeline.py
[2026-06-15T06:42:26.904+0000] {logging_mixin.py:188} INFO - [2026-06-15T06:42:26.904+0000] {dag.py:3089} INFO - Sync 1 DAGs
[2026-06-15T06:42:26.913+0000] {logging_mixin.py:188} INFO - [2026-06-15T06:42:26.913+0000] {dag.py:3947} INFO - Setting next_dagrun for bi_masan_revenue_pipeline to 2026-06-15 00:00:00+00:00, run_after=2026-06-16 00:00:00+00:00
[2026-06-15T06:42:26.923+0000] {processor.py:183} INFO - Processing /opt/airflow/dags/bi_masan_pipeline.py took 0.052 seconds
[2026-06-15T06:42:57.053+0000] {processor.py:161} INFO - Started process (PID=1151) to work on /opt/airflow/dags/bi_masan_pipeline.py
[2026-06-15T06:42:57.055+0000] {processor.py:830} INFO - Processing file /opt/airflow/dags/bi_masan_pipeline.py for tasks to queue
[2026-06-15T06:42:57.056+0000] {logging_mixin.py:188} INFO - [2026-06-15T06:42:57.056+0000] {dagbag.py:545} INFO - Filling up the DagBag from /opt/airflow/dags/bi_masan_pipeline.py
[2026-06-15T06:42:57.065+0000] {processor.py:840} INFO - DAG(s) 'bi_masan_revenue_pipeline' retrieved from /opt/airflow/dags/bi_masan_pipeline.py
[2026-06-15T06:42:57.088+0000] {logging_mixin.py:188} INFO - [2026-06-15T06:42:57.088+0000] {dag.py:3089} INFO - Sync 1 DAGs
[2026-06-15T06:42:57.099+0000] {logging_mixin.py:188} INFO - [2026-06-15T06:42:57.099+0000] {dag.py:3947} INFO - Setting next_dagrun for bi_masan_revenue_pipeline to 2026-06-15 00:00:00+00:00, run_after=2026-06-16 00:00:00+00:00
[2026-06-15T06:42:57.109+0000] {processor.py:183} INFO - Processing /opt/airflow/dags/bi_masan_pipeline.py took 0.060 seconds
[2026-06-15T06:43:27.613+0000] {processor.py:161} INFO - Started process (PID=1379) to work on /opt/airflow/dags/bi_masan_pipeline.py
[2026-06-15T06:43:27.615+0000] {processor.py:830} INFO - Processing file /opt/airflow/dags/bi_masan_pipeline.py for tasks to queue
[2026-06-15T06:43:27.616+0000] {logging_mixin.py:188} INFO - [2026-06-15T06:43:27.616+0000] {dagbag.py:545} INFO - Filling up the DagBag from /opt/airflow/dags/bi_masan_pipeline.py
[2026-06-15T06:43:27.626+0000] {processor.py:840} INFO - DAG(s) 'bi_masan_revenue_pipeline' retrieved from /opt/airflow/dags/bi_masan_pipeline.py
[2026-06-15T06:43:27.638+0000] {logging_mixin.py:188} INFO - [2026-06-15T06:43:27.638+0000] {dag.py:3089} INFO - Sync 1 DAGs
[2026-06-15T06:43:27.647+0000] {logging_mixin.py:188} INFO - [2026-06-15T06:43:27.647+0000] {dag.py:3947} INFO - Setting next_dagrun for bi_masan_revenue_pipeline to 2026-06-15 00:00:00+00:00, run_after=2026-06-16 00:00:00+00:00
[2026-06-15T06:43:27.656+0000] {processor.py:183} INFO - Processing /opt/airflow/dags/bi_masan_pipeline.py took 0.048 seconds
[2026-06-15T06:43:57.849+0000] {processor.py:161} INFO - Started process (PID=1380) to work on /opt/airflow/dags/bi_masan_pipeline.py
[2026-06-15T06:43:57.851+0000] {processor.py:830} INFO - Processing file /opt/airflow/dags/bi_masan_pipeline.py for tasks to queue
[2026-06-15T06:43:57.853+0000] {logging_mixin.py:188} INFO - [2026-06-15T06:43:57.853+0000] {dagbag.py:545} INFO - Filling up the DagBag from /opt/airflow/dags/bi_masan_pipeline.py
[2026-06-15T06:43:57.863+0000] {processor.py:840} INFO - DAG(s) 'bi_masan_revenue_pipeline' retrieved from /opt/airflow/dags/bi_masan_pipeline.py
[2026-06-15T06:43:57.874+0000] {logging_mixin.py:188} INFO - [2026-06-15T06:43:57.874+0000] {dag.py:3089} INFO - Sync 1 DAGs
[2026-06-15T06:43:57.883+0000] {logging_mixin.py:188} INFO - [2026-06-15T06:43:57.883+0000] {dag.py:3947} INFO - Setting next_dagrun for bi_masan_revenue_pipeline to 2026-06-15 00:00:00+00:00, run_after=2026-06-16 00:00:00+00:00
[2026-06-15T06:43:57.892+0000] {processor.py:183} INFO - Processing /opt/airflow/dags/bi_masan_pipeline.py took 0.045 seconds
[2026-06-15T06:44:28.203+0000] {processor.py:161} INFO - Started process (PID=1381) to work on /opt/airflow/dags/bi_masan_pipeline.py
[2026-06-15T06:44:28.203+0000] {processor.py:830} INFO - Processing file /opt/airflow/dags/bi_masan_pipeline.py for tasks to queue
[2026-06-15T06:44:28.204+0000] {logging_mixin.py:188} INFO - [2026-06-15T06:44:28.204+0000] {dagbag.py:545} INFO - Filling up the DagBag from /opt/airflow/dags/bi_masan_pipeline.py
[2026-06-15T06:44:28.215+0000] {processor.py:840} INFO - DAG(s) 'bi_masan_revenue_pipeline' retrieved from /opt/airflow/dags/bi_masan_pipeline.py
[2026-06-15T06:44:28.236+0000] {logging_mixin.py:188} INFO - [2026-06-15T06:44:28.236+0000] {dag.py:3089} INFO - Sync 1 DAGs
[2026-06-15T06:44:28.253+0000] {logging_mixin.py:188} INFO - [2026-06-15T06:44:28.253+0000] {dag.py:3947} INFO - Setting next_dagrun for bi_masan_revenue_pipeline to 2026-06-15 00:00:00+00:00, run_after=2026-06-16 00:00:00+00:00
[2026-06-15T06:44:28.266+0000] {processor.py:183} INFO - Processing /opt/airflow/dags/bi_masan_pipeline.py took 0.067 seconds
[2026-06-15T06:44:58.563+0000] {processor.py:161} INFO - Started process (PID=1382) to work on /opt/airflow/dags/bi_masan_pipeline.py
[2026-06-15T06:44:58.571+0000] {processor.py:830} INFO - Processing file /opt/airflow/dags/bi_masan_pipeline.py for tasks to queue
[2026-06-15T06:44:58.572+0000] {logging_mixin.py:188} INFO - [2026-06-15T06:44:58.572+0000] {dagbag.py:545} INFO - Filling up the DagBag from /opt/airflow/dags/bi_masan_pipeline.py
[2026-06-15T06:44:58.582+0000] {processor.py:840} INFO - DAG(s) 'bi_masan_revenue_pipeline' retrieved from /opt/airflow/dags/bi_masan_pipeline.py
[2026-06-15T06:44:58.594+0000] {logging_mixin.py:188} INFO - [2026-06-15T06:44:58.594+0000] {dag.py:3089} INFO - Sync 1 DAGs
[2026-06-15T06:44:58.603+0000] {logging_mixin.py:188} INFO - [2026-06-15T06:44:58.603+0000] {dag.py:3947} INFO - Setting next_dagrun for bi_masan_revenue_pipeline to 2026-06-15 00:00:00+00:00, run_after=2026-06-16 00:00:00+00:00
[2026-06-15T06:44:58.612+0000] {processor.py:183} INFO - Processing /opt/airflow/dags/bi_masan_pipeline.py took 0.055 seconds
[2026-06-15T06:45:28.909+0000] {processor.py:161} INFO - Started process (PID=1383) to work on /opt/airflow/dags/bi_masan_pipeline.py
[2026-06-15T06:45:28.909+0000] {processor.py:830} INFO - Processing file /opt/airflow/dags/bi_masan_pipeline.py for tasks to queue
[2026-06-15T06:45:28.910+0000] {logging_mixin.py:188} INFO - [2026-06-15T06:45:28.910+0000] {dagbag.py:545} INFO - Filling up the DagBag from /opt/airflow/dags/bi_masan_pipeline.py
[2026-06-15T06:45:28.916+0000] {processor.py:840} INFO - DAG(s) 'bi_masan_revenue_pipeline' retrieved from /opt/airflow/dags/bi_masan_pipeline.py
[2026-06-15T06:45:28.928+0000] {logging_mixin.py:188} INFO - [2026-06-15T06:45:28.928+0000] {dag.py:3089} INFO - Sync 1 DAGs
[2026-06-15T06:45:28.936+0000] {logging_mixin.py:188} INFO - [2026-06-15T06:45:28.936+0000] {dag.py:3947} INFO - Setting next_dagrun for bi_masan_revenue_pipeline to 2026-06-15 00:00:00+00:00, run_after=2026-06-16 00:00:00+00:00
[2026-06-15T06:45:28.947+0000] {processor.py:183} INFO - Processing /opt/airflow/dags/bi_masan_pipeline.py took 0.042 seconds
[2026-06-15T06:45:59.154+0000] {processor.py:161} INFO - Started process (PID=1384) to work on /opt/airflow/dags/bi_masan_pipeline.py
[2026-06-15T06:45:59.156+0000] {processor.py:830} INFO - Processing file /opt/airflow/dags/bi_masan_pipeline.py for tasks to queue
[2026-06-15T06:45:59.157+0000] {logging_mixin.py:188} INFO - [2026-06-15T06:45:59.157+0000] {dagbag.py:545} INFO - Filling up the DagBag from /opt/airflow/dags/bi_masan_pipeline.py
[2026-06-15T06:45:59.164+0000] {processor.py:840} INFO - DAG(s) 'bi_masan_revenue_pipeline' retrieved from /opt/airflow/dags/bi_masan_pipeline.py
[2026-06-15T06:45:59.177+0000] {logging_mixin.py:188} INFO - [2026-06-15T06:45:59.176+0000] {dag.py:3089} INFO - Sync 1 DAGs
[2026-06-15T06:45:59.186+0000] {logging_mixin.py:188} INFO - [2026-06-15T06:45:59.186+0000] {dag.py:3947} INFO - Setting next_dagrun for bi_masan_revenue_pipeline to 2026-06-15 00:00:00+00:00, run_after=2026-06-16 00:00:00+00:00
[2026-06-15T06:45:59.195+0000] {processor.py:183} INFO - Processing /opt/airflow/dags/bi_masan_pipeline.py took 0.045 seconds
[2026-06-15T06:46:29.504+0000] {processor.py:161} INFO - Started process (PID=1385) to work on /opt/airflow/dags/bi_masan_pipeline.py
[2026-06-15T06:46:29.504+0000] {processor.py:830} INFO - Processing file /opt/airflow/dags/bi_masan_pipeline.py for tasks to queue
[2026-06-15T06:46:29.505+0000] {logging_mixin.py:188} INFO - [2026-06-15T06:46:29.505+0000] {dagbag.py:545} INFO - Filling up the DagBag from /opt/airflow/dags/bi_masan_pipeline.py
[2026-06-15T06:46:29.511+0000] {processor.py:840} INFO - DAG(s) 'bi_masan_revenue_pipeline' retrieved from /opt/airflow/dags/bi_masan_pipeline.py
[2026-06-15T06:46:29.524+0000] {logging_mixin.py:188} INFO - [2026-06-15T06:46:29.523+0000] {dag.py:3089} INFO - Sync 1 DAGs
[2026-06-15T06:46:29.532+0000] {logging_mixin.py:188} INFO - [2026-06-15T06:46:29.532+0000] {dag.py:3947} INFO - Setting next_dagrun for bi_masan_revenue_pipeline to 2026-06-15 00:00:00+00:00, run_after=2026-06-16 00:00:00+00:00
[2026-06-15T06:46:29.542+0000] {processor.py:183} INFO - Processing /opt/airflow/dags/bi_masan_pipeline.py took 0.045 seconds
[2026-06-15T06:46:59.867+0000] {processor.py:161} INFO - Started process (PID=1386) to work on /opt/airflow/dags/bi_masan_pipeline.py
[2026-06-15T06:46:59.876+0000] {processor.py:830} INFO - Processing file /opt/airflow/dags/bi_masan_pipeline.py for tasks to queue
[2026-06-15T06:46:59.879+0000] {logging_mixin.py:188} INFO - [2026-06-15T06:46:59.879+0000] {dagbag.py:545} INFO - Filling up the DagBag from /opt/airflow/dags/bi_masan_pipeline.py
[2026-06-15T06:46:59.892+0000] {processor.py:840} INFO - DAG(s) 'bi_masan_revenue_pipeline' retrieved from /opt/airflow/dags/bi_masan_pipeline.py
[2026-06-15T06:46:59.905+0000] {logging_mixin.py:188} INFO - [2026-06-15T06:46:59.905+0000] {dag.py:3089} INFO - Sync 1 DAGs
[2026-06-15T06:46:59.913+0000] {logging_mixin.py:188} INFO - [2026-06-15T06:46:59.913+0000] {dag.py:3947} INFO - Setting next_dagrun for bi_masan_revenue_pipeline to 2026-06-15 00:00:00+00:00, run_after=2026-06-16 00:00:00+00:00
[2026-06-15T06:46:59.923+0000] {processor.py:183} INFO - Processing /opt/airflow/dags/bi_masan_pipeline.py took 0.066 seconds
[2026-06-15T06:47:30.242+0000] {processor.py:161} INFO - Started process (PID=1387) to work on /opt/airflow/dags/bi_masan_pipeline.py
[2026-06-15T06:47:30.242+0000] {processor.py:830} INFO - Processing file /opt/airflow/dags/bi_masan_pipeline.py for tasks to queue
[2026-06-15T06:47:30.244+0000] {logging_mixin.py:188} INFO - [2026-06-15T06:47:30.244+0000] {dagbag.py:545} INFO - Filling up the DagBag from /opt/airflow/dags/bi_masan_pipeline.py
[2026-06-15T06:47:30.251+0000] {processor.py:840} INFO - DAG(s) 'bi_masan_revenue_pipeline' retrieved from /opt/airflow/dags/bi_masan_pipeline.py
[2026-06-15T06:47:30.263+0000] {logging_mixin.py:188} INFO - [2026-06-15T06:47:30.263+0000] {dag.py:3089} INFO - Sync 1 DAGs
[2026-06-15T06:47:30.272+0000] {logging_mixin.py:188} INFO - [2026-06-15T06:47:30.272+0000] {dag.py:3947} INFO - Setting next_dagrun for bi_masan_revenue_pipeline to 2026-06-15 00:00:00+00:00, run_after=2026-06-16 00:00:00+00:00
[2026-06-15T06:47:30.283+0000] {processor.py:183} INFO - Processing /opt/airflow/dags/bi_masan_pipeline.py took 0.050 seconds
[2026-06-15T06:48:00.385+0000] {processor.py:161} INFO - Started process (PID=1388) to work on /opt/airflow/dags/bi_masan_pipeline.py
[2026-06-15T06:48:00.393+0000] {processor.py:830} INFO - Processing file /opt/airflow/dags/bi_masan_pipeline.py for tasks to queue
[2026-06-15T06:48:00.396+0000] {logging_mixin.py:188} INFO - [2026-06-15T06:48:00.395+0000] {dagbag.py:545} INFO - Filling up the DagBag from /opt/airflow/dags/bi_masan_pipeline.py
[2026-06-15T06:48:00.410+0000] {processor.py:840} INFO - DAG(s) 'bi_masan_revenue_pipeline' retrieved from /opt/airflow/dags/bi_masan_pipeline.py
[2026-06-15T06:48:00.423+0000] {logging_mixin.py:188} INFO - [2026-06-15T06:48:00.423+0000] {dag.py:3089} INFO - Sync 1 DAGs
[2026-06-15T06:48:00.432+0000] {logging_mixin.py:188} INFO - [2026-06-15T06:48:00.431+0000] {dag.py:3947} INFO - Setting next_dagrun for bi_masan_revenue_pipeline to 2026-06-15 00:00:00+00:00, run_after=2026-06-16 00:00:00+00:00
[2026-06-15T06:48:00.442+0000] {processor.py:183} INFO - Processing /opt/airflow/dags/bi_masan_pipeline.py took 0.060 seconds
[2026-06-15T06:48:30.519+0000] {processor.py:161} INFO - Started process (PID=1389) to work on /opt/airflow/dags/bi_masan_pipeline.py
[2026-06-15T06:48:30.520+0000] {processor.py:830} INFO - Processing file /opt/airflow/dags/bi_masan_pipeline.py for tasks to queue
[2026-06-15T06:48:30.521+0000] {logging_mixin.py:188} INFO - [2026-06-15T06:48:30.521+0000] {dagbag.py:545} INFO - Filling up the DagBag from /opt/airflow/dags/bi_masan_pipeline.py
[2026-06-15T06:48:30.529+0000] {processor.py:840} INFO - DAG(s) 'bi_masan_revenue_pipeline' retrieved from /opt/airflow/dags/bi_masan_pipeline.py
[2026-06-15T06:48:30.542+0000] {logging_mixin.py:188} INFO - [2026-06-15T06:48:30.542+0000] {dag.py:3089} INFO - Sync 1 DAGs
[2026-06-15T06:48:30.550+0000] {logging_mixin.py:188} INFO - [2026-06-15T06:48:30.550+0000] {dag.py:3947} INFO - Setting next_dagrun for bi_masan_revenue_pipeline to 2026-06-15 00:00:00+00:00, run_after=2026-06-16 00:00:00+00:00
[2026-06-15T06:48:30.560+0000] {processor.py:183} INFO - Processing /opt/airflow/dags/bi_masan_pipeline.py took 0.045 seconds
[2026-06-15T06:49:01.038+0000] {processor.py:161} INFO - Started process (PID=1390) to work on /opt/airflow/dags/bi_masan_pipeline.py
[2026-06-15T06:49:01.040+0000] {processor.py:830} INFO - Processing file /opt/airflow/dags/bi_masan_pipeline.py for tasks to queue
[2026-06-15T06:49:01.042+0000] {logging_mixin.py:188} INFO - [2026-06-15T06:49:01.042+0000] {dagbag.py:545} INFO - Filling up the DagBag from /opt/airflow/dags/bi_masan_pipeline.py
[2026-06-15T06:49:01.050+0000] {processor.py:840} INFO - DAG(s) 'bi_masan_revenue_pipeline' retrieved from /opt/airflow/dags/bi_masan_pipeline.py
[2026-06-15T06:49:01.063+0000] {logging_mixin.py:188} INFO - [2026-06-15T06:49:01.062+0000] {dag.py:3089} INFO - Sync 1 DAGs
[2026-06-15T06:49:01.071+0000] {logging_mixin.py:188} INFO - [2026-06-15T06:49:01.071+0000] {dag.py:3947} INFO - Setting next_dagrun for bi_masan_revenue_pipeline to 2026-06-15 00:00:00+00:00, run_after=2026-06-16 00:00:00+00:00
[2026-06-15T06:49:01.082+0000] {processor.py:183} INFO - Processing /opt/airflow/dags/bi_masan_pipeline.py took 0.052 seconds
[2026-06-15T06:49:31.371+0000] {processor.py:161} INFO - Started process (PID=1391) to work on /opt/airflow/dags/bi_masan_pipeline.py
[2026-06-15T06:49:31.371+0000] {processor.py:830} INFO - Processing file /opt/airflow/dags/bi_masan_pipeline.py for tasks to queue
[2026-06-15T06:49:31.372+0000] {logging_mixin.py:188} INFO - [2026-06-15T06:49:31.372+0000] {dagbag.py:545} INFO - Filling up the DagBag from /opt/airflow/dags/bi_masan_pipeline.py
[2026-06-15T06:49:31.383+0000] {processor.py:840} INFO - DAG(s) 'bi_masan_revenue_pipeline' retrieved from /opt/airflow/dags/bi_masan_pipeline.py
[2026-06-15T06:49:31.395+0000] {logging_mixin.py:188} INFO - [2026-06-15T06:49:31.395+0000] {dag.py:3089} INFO - Sync 1 DAGs
[2026-06-15T06:49:31.404+0000] {logging_mixin.py:188} INFO - [2026-06-15T06:49:31.404+0000] {dag.py:3947} INFO - Setting next_dagrun for bi_masan_revenue_pipeline to 2026-06-15 00:00:00+00:00, run_after=2026-06-16 00:00:00+00:00
[2026-06-15T06:49:31.414+0000] {processor.py:183} INFO - Processing /opt/airflow/dags/bi_masan_pipeline.py took 0.047 seconds
[2026-06-15T06:50:01.492+0000] {processor.py:161} INFO - Started process (PID=1392) to work on /opt/airflow/dags/bi_masan_pipeline.py
[2026-06-15T06:50:01.495+0000] {processor.py:830} INFO - Processing file /opt/airflow/dags/bi_masan_pipeline.py for tasks to queue
[2026-06-15T06:50:01.498+0000] {logging_mixin.py:188} INFO - [2026-06-15T06:50:01.497+0000] {dagbag.py:545} INFO - Filling up the DagBag from /opt/airflow/dags/bi_masan_pipeline.py
[2026-06-15T06:50:01.509+0000] {processor.py:840} INFO - DAG(s) 'bi_masan_revenue_pipeline' retrieved from /opt/airflow/dags/bi_masan_pipeline.py
[2026-06-15T06:50:01.522+0000] {logging_mixin.py:188} INFO - [2026-06-15T06:50:01.521+0000] {dag.py:3089} INFO - Sync 1 DAGs
[2026-06-15T06:50:01.531+0000] {logging_mixin.py:188} INFO - [2026-06-15T06:50:01.531+0000] {dag.py:3947} INFO - Setting next_dagrun for bi_masan_revenue_pipeline to 2026-06-15 00:00:00+00:00, run_after=2026-06-16 00:00:00+00:00
[2026-06-15T06:50:01.540+0000] {processor.py:183} INFO - Processing /opt/airflow/dags/bi_masan_pipeline.py took 0.057 seconds
[2026-06-15T06:50:31.910+0000] {processor.py:161} INFO - Started process (PID=1393) to work on /opt/airflow/dags/bi_masan_pipeline.py
[2026-06-15T06:50:31.911+0000] {processor.py:830} INFO - Processing file /opt/airflow/dags/bi_masan_pipeline.py for tasks to queue
[2026-06-15T06:50:31.912+0000] {logging_mixin.py:188} INFO - [2026-06-15T06:50:31.911+0000] {dagbag.py:545} INFO - Filling up the DagBag from /opt/airflow/dags/bi_masan_pipeline.py
[2026-06-15T06:50:31.921+0000] {processor.py:840} INFO - DAG(s) 'bi_masan_revenue_pipeline' retrieved from /opt/airflow/dags/bi_masan_pipeline.py
[2026-06-15T06:50:31.933+0000] {logging_mixin.py:188} INFO - [2026-06-15T06:50:31.933+0000] {dag.py:3089} INFO - Sync 1 DAGs
[2026-06-15T06:50:31.941+0000] {logging_mixin.py:188} INFO - [2026-06-15T06:50:31.941+0000] {dag.py:3947} INFO - Setting next_dagrun for bi_masan_revenue_pipeline to 2026-06-15 00:00:00+00:00, run_after=2026-06-16 00:00:00+00:00
[2026-06-15T06:50:31.952+0000] {processor.py:183} INFO - Processing /opt/airflow/dags/bi_masan_pipeline.py took 0.046 seconds
[2026-06-15T06:51:02.279+0000] {processor.py:161} INFO - Started process (PID=1394) to work on /opt/airflow/dags/bi_masan_pipeline.py
[2026-06-15T06:51:02.282+0000] {processor.py:830} INFO - Processing file /opt/airflow/dags/bi_masan_pipeline.py for tasks to queue
[2026-06-15T06:51:02.284+0000] {logging_mixin.py:188} INFO - [2026-06-15T06:51:02.283+0000] {dagbag.py:545} INFO - Filling up the DagBag from /opt/airflow/dags/bi_masan_pipeline.py
[2026-06-15T06:51:02.293+0000] {processor.py:840} INFO - DAG(s) 'bi_masan_revenue_pipeline' retrieved from /opt/airflow/dags/bi_masan_pipeline.py
[2026-06-15T06:51:02.305+0000] {logging_mixin.py:188} INFO - [2026-06-15T06:51:02.305+0000] {dag.py:3089} INFO - Sync 1 DAGs
[2026-06-15T06:51:02.314+0000] {logging_mixin.py:188} INFO - [2026-06-15T06:51:02.314+0000] {dag.py:3947} INFO - Setting next_dagrun for bi_masan_revenue_pipeline to 2026-06-15 00:00:00+00:00, run_after=2026-06-16 00:00:00+00:00
[2026-06-15T06:51:02.324+0000] {processor.py:183} INFO - Processing /opt/airflow/dags/bi_masan_pipeline.py took 0.055 seconds
[2026-06-15T06:51:32.618+0000] {processor.py:161} INFO - Started process (PID=1395) to work on /opt/airflow/dags/bi_masan_pipeline.py
[2026-06-15T06:51:32.619+0000] {processor.py:830} INFO - Processing file /opt/airflow/dags/bi_masan_pipeline.py for tasks to queue
[2026-06-15T06:51:32.620+0000] {logging_mixin.py:188} INFO - [2026-06-15T06:51:32.620+0000] {dagbag.py:545} INFO - Filling up the DagBag from /opt/airflow/dags/bi_masan_pipeline.py
[2026-06-15T06:51:32.628+0000] {processor.py:840} INFO - DAG(s) 'bi_masan_revenue_pipeline' retrieved from /opt/airflow/dags/bi_masan_pipeline.py
[2026-06-15T06:51:32.641+0000] {logging_mixin.py:188} INFO - [2026-06-15T06:51:32.641+0000] {dag.py:3089} INFO - Sync 1 DAGs
[2026-06-15T06:51:32.650+0000] {logging_mixin.py:188} INFO - [2026-06-15T06:51:32.650+0000] {dag.py:3947} INFO - Setting next_dagrun for bi_masan_revenue_pipeline to 2026-06-15 00:00:00+00:00, run_after=2026-06-16 00:00:00+00:00
[2026-06-15T06:51:32.659+0000] {processor.py:183} INFO - Processing /opt/airflow/dags/bi_masan_pipeline.py took 0.045 seconds
[2026-06-15T06:52:03.463+0000] {processor.py:161} INFO - Started process (PID=1619) to work on /opt/airflow/dags/bi_masan_pipeline.py
[2026-06-15T06:52:03.465+0000] {processor.py:830} INFO - Processing file /opt/airflow/dags/bi_masan_pipeline.py for tasks to queue
[2026-06-15T06:52:03.466+0000] {logging_mixin.py:188} INFO - [2026-06-15T06:52:03.466+0000] {dagbag.py:545} INFO - Filling up the DagBag from /opt/airflow/dags/bi_masan_pipeline.py
[2026-06-15T06:52:03.476+0000] {processor.py:840} INFO - DAG(s) 'bi_masan_revenue_pipeline' retrieved from /opt/airflow/dags/bi_masan_pipeline.py
[2026-06-15T06:52:03.488+0000] {logging_mixin.py:188} INFO - [2026-06-15T06:52:03.488+0000] {dag.py:3089} INFO - Sync 1 DAGs
[2026-06-15T06:52:03.497+0000] {logging_mixin.py:188} INFO - [2026-06-15T06:52:03.497+0000] {dag.py:3947} INFO - Setting next_dagrun for bi_masan_revenue_pipeline to 2026-06-15 00:00:00+00:00, run_after=2026-06-16 00:00:00+00:00
[2026-06-15T06:52:03.506+0000] {processor.py:183} INFO - Processing /opt/airflow/dags/bi_masan_pipeline.py took 0.049 seconds
[2026-06-15T06:52:33.614+0000] {processor.py:161} INFO - Started process (PID=1620) to work on /opt/airflow/dags/bi_masan_pipeline.py
[2026-06-15T06:52:33.615+0000] {processor.py:830} INFO - Processing file /opt/airflow/dags/bi_masan_pipeline.py for tasks to queue
[2026-06-15T06:52:33.616+0000] {logging_mixin.py:188} INFO - [2026-06-15T06:52:33.615+0000] {dagbag.py:545} INFO - Filling up the DagBag from /opt/airflow/dags/bi_masan_pipeline.py
[2026-06-15T06:52:33.622+0000] {processor.py:840} INFO - DAG(s) 'bi_masan_revenue_pipeline' retrieved from /opt/airflow/dags/bi_masan_pipeline.py
[2026-06-15T06:52:33.634+0000] {logging_mixin.py:188} INFO - [2026-06-15T06:52:33.634+0000] {dag.py:3089} INFO - Sync 1 DAGs
[2026-06-15T06:52:33.642+0000] {logging_mixin.py:188} INFO - [2026-06-15T06:52:33.642+0000] {dag.py:3947} INFO - Setting next_dagrun for bi_masan_revenue_pipeline to 2026-06-15 00:00:00+00:00, run_after=2026-06-16 00:00:00+00:00
[2026-06-15T06:52:33.653+0000] {processor.py:183} INFO - Processing /opt/airflow/dags/bi_masan_pipeline.py took 0.044 seconds
[2026-06-15T06:53:03.849+0000] {processor.py:161} INFO - Started process (PID=1621) to work on /opt/airflow/dags/bi_masan_pipeline.py
[2026-06-15T06:53:03.852+0000] {processor.py:830} INFO - Processing file /opt/airflow/dags/bi_masan_pipeline.py for tasks to queue
[2026-06-15T06:53:03.853+0000] {logging_mixin.py:188} INFO - [2026-06-15T06:53:03.853+0000] {dagbag.py:545} INFO - Filling up the DagBag from /opt/airflow/dags/bi_masan_pipeline.py
[2026-06-15T06:53:03.868+0000] {processor.py:840} INFO - DAG(s) 'bi_masan_revenue_pipeline' retrieved from /opt/airflow/dags/bi_masan_pipeline.py
[2026-06-15T06:53:03.881+0000] {logging_mixin.py:188} INFO - [2026-06-15T06:53:03.881+0000] {dag.py:3089} INFO - Sync 1 DAGs
[2026-06-15T06:53:03.890+0000] {logging_mixin.py:188} INFO - [2026-06-15T06:53:03.890+0000] {dag.py:3947} INFO - Setting next_dagrun for bi_masan_revenue_pipeline to 2026-06-15 00:00:00+00:00, run_after=2026-06-16 00:00:00+00:00
[2026-06-15T06:53:03.900+0000] {processor.py:183} INFO - Processing /opt/airflow/dags/bi_masan_pipeline.py took 0.056 seconds
[2026-06-15T06:53:34.020+0000] {processor.py:161} INFO - Started process (PID=1622) to work on /opt/airflow/dags/bi_masan_pipeline.py
[2026-06-15T06:53:34.021+0000] {processor.py:830} INFO - Processing file /opt/airflow/dags/bi_masan_pipeline.py for tasks to queue
[2026-06-15T06:53:34.023+0000] {logging_mixin.py:188} INFO - [2026-06-15T06:53:34.023+0000] {dagbag.py:545} INFO - Filling up the DagBag from /opt/airflow/dags/bi_masan_pipeline.py
[2026-06-15T06:53:34.030+0000] {processor.py:840} INFO - DAG(s) 'bi_masan_revenue_pipeline' retrieved from /opt/airflow/dags/bi_masan_pipeline.py
[2026-06-15T06:53:34.042+0000] {logging_mixin.py:188} INFO - [2026-06-15T06:53:34.042+0000] {dag.py:3089} INFO - Sync 1 DAGs
[2026-06-15T06:53:34.051+0000] {logging_mixin.py:188} INFO - [2026-06-15T06:53:34.051+0000] {dag.py:3947} INFO - Setting next_dagrun for bi_masan_revenue_pipeline to 2026-06-15 00:00:00+00:00, run_after=2026-06-16 00:00:00+00:00
[2026-06-15T06:53:34.060+0000] {processor.py:183} INFO - Processing /opt/airflow/dags/bi_masan_pipeline.py took 0.046 seconds
[2026-06-15T06:54:04.217+0000] {processor.py:161} INFO - Started process (PID=1623) to work on /opt/airflow/dags/bi_masan_pipeline.py
[2026-06-15T06:54:04.219+0000] {processor.py:830} INFO - Processing file /opt/airflow/dags/bi_masan_pipeline.py for tasks to queue
[2026-06-15T06:54:04.221+0000] {logging_mixin.py:188} INFO - [2026-06-15T06:54:04.221+0000] {dagbag.py:545} INFO - Filling up the DagBag from /opt/airflow/dags/bi_masan_pipeline.py
[2026-06-15T06:54:04.231+0000] {processor.py:840} INFO - DAG(s) 'bi_masan_revenue_pipeline' retrieved from /opt/airflow/dags/bi_masan_pipeline.py
[2026-06-15T06:54:04.244+0000] {logging_mixin.py:188} INFO - [2026-06-15T06:54:04.244+0000] {dag.py:3089} INFO - Sync 1 DAGs
[2026-06-15T06:54:04.253+0000] {logging_mixin.py:188} INFO - [2026-06-15T06:54:04.253+0000] {dag.py:3947} INFO - Setting next_dagrun for bi_masan_revenue_pipeline to 2026-06-15 00:00:00+00:00, run_after=2026-06-16 00:00:00+00:00
[2026-06-15T06:54:04.264+0000] {processor.py:183} INFO - Processing /opt/airflow/dags/bi_masan_pipeline.py took 0.052 seconds
[2026-06-15T06:54:34.419+0000] {processor.py:161} INFO - Started process (PID=1624) to work on /opt/airflow/dags/bi_masan_pipeline.py
[2026-06-15T06:54:34.421+0000] {processor.py:830} INFO - Processing file /opt/airflow/dags/bi_masan_pipeline.py for tasks to queue
[2026-06-15T06:54:34.423+0000] {logging_mixin.py:188} INFO - [2026-06-15T06:54:34.423+0000] {dagbag.py:545} INFO - Filling up the DagBag from /opt/airflow/dags/bi_masan_pipeline.py
[2026-06-15T06:54:34.434+0000] {processor.py:840} INFO - DAG(s) 'bi_masan_revenue_pipeline' retrieved from /opt/airflow/dags/bi_masan_pipeline.py
[2026-06-15T06:54:34.446+0000] {logging_mixin.py:188} INFO - [2026-06-15T06:54:34.446+0000] {dag.py:3089} INFO - Sync 1 DAGs
[2026-06-15T06:54:34.455+0000] {logging_mixin.py:188} INFO - [2026-06-15T06:54:34.455+0000] {dag.py:3947} INFO - Setting next_dagrun for bi_masan_revenue_pipeline to 2026-06-15 00:00:00+00:00, run_after=2026-06-16 00:00:00+00:00
[2026-06-15T06:54:34.465+0000] {processor.py:183} INFO - Processing /opt/airflow/dags/bi_masan_pipeline.py took 0.054 seconds
[2026-06-15T06:55:04.603+0000] {processor.py:161} INFO - Started process (PID=1625) to work on /opt/airflow/dags/bi_masan_pipeline.py
[2026-06-15T06:55:04.605+0000] {processor.py:830} INFO - Processing file /opt/airflow/dags/bi_masan_pipeline.py for tasks to queue
[2026-06-15T06:55:04.607+0000] {logging_mixin.py:188} INFO - [2026-06-15T06:55:04.606+0000] {dagbag.py:545} INFO - Filling up the DagBag from /opt/airflow/dags/bi_masan_pipeline.py
[2026-06-15T06:55:04.614+0000] {processor.py:840} INFO - DAG(s) 'bi_masan_revenue_pipeline' retrieved from /opt/airflow/dags/bi_masan_pipeline.py
[2026-06-15T06:55:04.627+0000] {logging_mixin.py:188} INFO - [2026-06-15T06:55:04.627+0000] {dag.py:3089} INFO - Sync 1 DAGs
[2026-06-15T06:55:04.636+0000] {logging_mixin.py:188} INFO - [2026-06-15T06:55:04.636+0000] {dag.py:3947} INFO - Setting next_dagrun for bi_masan_revenue_pipeline to 2026-06-15 00:00:00+00:00, run_after=2026-06-16 00:00:00+00:00
[2026-06-15T06:55:04.646+0000] {processor.py:183} INFO - Processing /opt/airflow/dags/bi_masan_pipeline.py took 0.050 seconds
[2026-06-15T06:55:34.784+0000] {processor.py:161} INFO - Started process (PID=1626) to work on /opt/airflow/dags/bi_masan_pipeline.py
[2026-06-15T06:55:34.784+0000] {processor.py:830} INFO - Processing file /opt/airflow/dags/bi_masan_pipeline.py for tasks to queue
[2026-06-15T06:55:34.785+0000] {logging_mixin.py:188} INFO - [2026-06-15T06:55:34.785+0000] {dagbag.py:545} INFO - Filling up the DagBag from /opt/airflow/dags/bi_masan_pipeline.py
[2026-06-15T06:55:34.791+0000] {processor.py:840} INFO - DAG(s) 'bi_masan_revenue_pipeline' retrieved from /opt/airflow/dags/bi_masan_pipeline.py
[2026-06-15T06:55:34.804+0000] {logging_mixin.py:188} INFO - [2026-06-15T06:55:34.804+0000] {dag.py:3089} INFO - Sync 1 DAGs
[2026-06-15T06:55:34.813+0000] {logging_mixin.py:188} INFO - [2026-06-15T06:55:34.813+0000] {dag.py:3947} INFO - Setting next_dagrun for bi_masan_revenue_pipeline to 2026-06-15 00:00:00+00:00, run_after=2026-06-16 00:00:00+00:00
[2026-06-15T06:55:34.823+0000] {processor.py:183} INFO - Processing /opt/airflow/dags/bi_masan_pipeline.py took 0.043 seconds
[2026-06-15T06:56:05.896+0000] {processor.py:161} INFO - Started process (PID=1850) to work on /opt/airflow/dags/bi_masan_pipeline.py
[2026-06-15T06:56:05.898+0000] {processor.py:830} INFO - Processing file /opt/airflow/dags/bi_masan_pipeline.py for tasks to queue
[2026-06-15T06:56:05.901+0000] {logging_mixin.py:188} INFO - [2026-06-15T06:56:05.900+0000] {dagbag.py:545} INFO - Filling up the DagBag from /opt/airflow/dags/bi_masan_pipeline.py
[2026-06-15T06:56:05.917+0000] {processor.py:840} INFO - DAG(s) 'bi_masan_revenue_pipeline' retrieved from /opt/airflow/dags/bi_masan_pipeline.py
[2026-06-15T06:56:05.930+0000] {logging_mixin.py:188} INFO - [2026-06-15T06:56:05.930+0000] {dag.py:3089} INFO - Sync 1 DAGs
[2026-06-15T06:56:05.938+0000] {logging_mixin.py:188} INFO - [2026-06-15T06:56:05.938+0000] {dag.py:3947} INFO - Setting next_dagrun for bi_masan_revenue_pipeline to 2026-06-15 00:00:00+00:00, run_after=2026-06-16 00:00:00+00:00
[2026-06-15T06:56:05.948+0000] {processor.py:183} INFO - Processing /opt/airflow/dags/bi_masan_pipeline.py took 0.056 seconds
[2026-06-15T06:56:36.071+0000] {processor.py:161} INFO - Started process (PID=1851) to work on /opt/airflow/dags/bi_masan_pipeline.py
[2026-06-15T06:56:36.072+0000] {processor.py:830} INFO - Processing file /opt/airflow/dags/bi_masan_pipeline.py for tasks to queue
[2026-06-15T06:56:36.074+0000] {logging_mixin.py:188} INFO - [2026-06-15T06:56:36.074+0000] {dagbag.py:545} INFO - Filling up the DagBag from /opt/airflow/dags/bi_masan_pipeline.py
[2026-06-15T06:56:36.084+0000] {processor.py:840} INFO - DAG(s) 'bi_masan_revenue_pipeline' retrieved from /opt/airflow/dags/bi_masan_pipeline.py
[2026-06-15T06:56:36.096+0000] {logging_mixin.py:188} INFO - [2026-06-15T06:56:36.096+0000] {dag.py:3089} INFO - Sync 1 DAGs
[2026-06-15T06:56:36.106+0000] {logging_mixin.py:188} INFO - [2026-06-15T06:56:36.106+0000] {dag.py:3947} INFO - Setting next_dagrun for bi_masan_revenue_pipeline to 2026-06-15 00:00:00+00:00, run_after=2026-06-16 00:00:00+00:00
[2026-06-15T06:56:36.116+0000] {processor.py:183} INFO - Processing /opt/airflow/dags/bi_masan_pipeline.py took 0.055 seconds
[2026-06-15T06:57:06.384+0000] {processor.py:161} INFO - Started process (PID=1852) to work on /opt/airflow/dags/bi_masan_pipeline.py
[2026-06-15T06:57:06.387+0000] {processor.py:830} INFO - Processing file /opt/airflow/dags/bi_masan_pipeline.py for tasks to queue
[2026-06-15T06:57:06.390+0000] {logging_mixin.py:188} INFO - [2026-06-15T06:57:06.389+0000] {dagbag.py:545} INFO - Filling up the DagBag from /opt/airflow/dags/bi_masan_pipeline.py
[2026-06-15T06:57:06.399+0000] {processor.py:840} INFO - DAG(s) 'bi_masan_revenue_pipeline' retrieved from /opt/airflow/dags/bi_masan_pipeline.py
[2026-06-15T06:57:06.412+0000] {logging_mixin.py:188} INFO - [2026-06-15T06:57:06.412+0000] {dag.py:3089} INFO - Sync 1 DAGs
[2026-06-15T06:57:06.421+0000] {logging_mixin.py:188} INFO - [2026-06-15T06:57:06.421+0000] {dag.py:3947} INFO - Setting next_dagrun for bi_masan_revenue_pipeline to 2026-06-15 00:00:00+00:00, run_after=2026-06-16 00:00:00+00:00
[2026-06-15T06:57:06.431+0000] {processor.py:183} INFO - Processing /opt/airflow/dags/bi_masan_pipeline.py took 0.057 seconds
[2026-06-15T06:57:21.129+0000] {processor.py:161} INFO - Started process (PID=87) to work on /opt/airflow/dags/bi_masan_pipeline.py
[2026-06-15T06:57:21.131+0000] {processor.py:830} INFO - Processing file /opt/airflow/dags/bi_masan_pipeline.py for tasks to queue
[2026-06-15T06:57:21.132+0000] {logging_mixin.py:188} INFO - [2026-06-15T06:57:21.132+0000] {dagbag.py:545} INFO - Filling up the DagBag from /opt/airflow/dags/bi_masan_pipeline.py
[2026-06-15T06:57:21.138+0000] {processor.py:840} INFO - DAG(s) 'bi_masan_revenue_pipeline' retrieved from /opt/airflow/dags/bi_masan_pipeline.py
[2026-06-15T06:57:21.195+0000] {logging_mixin.py:188} INFO - [2026-06-15T06:57:21.195+0000] {override.py:1858} INFO - Created Permission View: can read on DAG:bi_masan_revenue_pipeline
[2026-06-15T06:57:21.199+0000] {logging_mixin.py:188} INFO - [2026-06-15T06:57:21.199+0000] {override.py:1858} INFO - Created Permission View: can delete on DAG:bi_masan_revenue_pipeline
[2026-06-15T06:57:21.202+0000] {logging_mixin.py:188} INFO - [2026-06-15T06:57:21.202+0000] {override.py:1858} INFO - Created Permission View: can edit on DAG:bi_masan_revenue_pipeline
[2026-06-15T06:57:21.202+0000] {logging_mixin.py:188} INFO - [2026-06-15T06:57:21.202+0000] {dag.py:3089} INFO - Sync 1 DAGs
[2026-06-15T06:57:21.207+0000] {logging_mixin.py:188} INFO - [2026-06-15T06:57:21.206+0000] {dag.py:3111} INFO - Creating ORM DAG for bi_masan_revenue_pipeline
[2026-06-15T06:57:21.211+0000] {logging_mixin.py:188} INFO - [2026-06-15T06:57:21.211+0000] {dag.py:3947} INFO - Setting next_dagrun for bi_masan_revenue_pipeline to 2026-06-14 00:00:00+00:00, run_after=2026-06-15 00:00:00+00:00
[2026-06-15T06:57:21.219+0000] {processor.py:183} INFO - Processing /opt/airflow/dags/bi_masan_pipeline.py took 0.092 seconds
[2026-06-15T06:57:51.355+0000] {processor.py:161} INFO - Started process (PID=119) to work on /opt/airflow/dags/bi_masan_pipeline.py
[2026-06-15T06:57:51.356+0000] {processor.py:830} INFO - Processing file /opt/airflow/dags/bi_masan_pipeline.py for tasks to queue
[2026-06-15T06:57:51.357+0000] {logging_mixin.py:188} INFO - [2026-06-15T06:57:51.356+0000] {dagbag.py:545} INFO - Filling up the DagBag from /opt/airflow/dags/bi_masan_pipeline.py
[2026-06-15T06:57:51.364+0000] {processor.py:840} INFO - DAG(s) 'bi_masan_revenue_pipeline' retrieved from /opt/airflow/dags/bi_masan_pipeline.py
[2026-06-15T06:57:51.383+0000] {logging_mixin.py:188} INFO - [2026-06-15T06:57:51.383+0000] {dag.py:3089} INFO - Sync 1 DAGs
[2026-06-15T06:57:51.394+0000] {logging_mixin.py:188} INFO - [2026-06-15T06:57:51.394+0000] {dag.py:3947} INFO - Setting next_dagrun for bi_masan_revenue_pipeline to 2026-06-14 00:00:00+00:00, run_after=2026-06-15 00:00:00+00:00
[2026-06-15T06:57:51.405+0000] {processor.py:183} INFO - Processing /opt/airflow/dags/bi_masan_pipeline.py took 0.053 seconds
[2026-06-15T06:58:21.792+0000] {processor.py:161} INFO - Started process (PID=121) to work on /opt/airflow/dags/bi_masan_pipeline.py
[2026-06-15T06:58:21.794+0000] {processor.py:830} INFO - Processing file /opt/airflow/dags/bi_masan_pipeline.py for tasks to queue
[2026-06-15T06:58:21.795+0000] {logging_mixin.py:188} INFO - [2026-06-15T06:58:21.795+0000] {dagbag.py:545} INFO - Filling up the DagBag from /opt/airflow/dags/bi_masan_pipeline.py
[2026-06-15T06:58:21.802+0000] {processor.py:840} INFO - DAG(s) 'bi_masan_revenue_pipeline' retrieved from /opt/airflow/dags/bi_masan_pipeline.py
[2026-06-15T06:58:21.815+0000] {logging_mixin.py:188} INFO - [2026-06-15T06:58:21.815+0000] {dag.py:3089} INFO - Sync 1 DAGs
[2026-06-15T06:58:21.824+0000] {logging_mixin.py:188} INFO - [2026-06-15T06:58:21.824+0000] {dag.py:3947} INFO - Setting next_dagrun for bi_masan_revenue_pipeline to 2026-06-14 00:00:00+00:00, run_after=2026-06-15 00:00:00+00:00
[2026-06-15T06:58:21.837+0000] {processor.py:183} INFO - Processing /opt/airflow/dags/bi_masan_pipeline.py took 0.049 seconds
[2026-06-15T06:58:52.344+0000] {processor.py:161} INFO - Started process (PID=571) to work on /opt/airflow/dags/bi_masan_pipeline.py
[2026-06-15T06:58:52.345+0000] {processor.py:830} INFO - Processing file /opt/airflow/dags/bi_masan_pipeline.py for tasks to queue
[2026-06-15T06:58:52.346+0000] {logging_mixin.py:188} INFO - [2026-06-15T06:58:52.345+0000] {dagbag.py:545} INFO - Filling up the DagBag from /opt/airflow/dags/bi_masan_pipeline.py
[2026-06-15T06:58:52.358+0000] {processor.py:840} INFO - DAG(s) 'bi_masan_revenue_pipeline' retrieved from /opt/airflow/dags/bi_masan_pipeline.py
[2026-06-15T06:58:52.372+0000] {logging_mixin.py:188} INFO - [2026-06-15T06:58:52.372+0000] {dag.py:3089} INFO - Sync 1 DAGs
[2026-06-15T06:58:52.381+0000] {logging_mixin.py:188} INFO - [2026-06-15T06:58:52.381+0000] {dag.py:3947} INFO - Setting next_dagrun for bi_masan_revenue_pipeline to 2026-06-15 00:00:00+00:00, run_after=2026-06-16 00:00:00+00:00
[2026-06-15T06:58:52.391+0000] {processor.py:183} INFO - Processing /opt/airflow/dags/bi_masan_pipeline.py took 0.051 seconds
[2026-06-15T06:59:23.011+0000] {processor.py:161} INFO - Started process (PID=572) to work on /opt/airflow/dags/bi_masan_pipeline.py
[2026-06-15T06:59:23.013+0000] {processor.py:830} INFO - Processing file /opt/airflow/dags/bi_masan_pipeline.py for tasks to queue
[2026-06-15T06:59:23.015+0000] {logging_mixin.py:188} INFO - [2026-06-15T06:59:23.014+0000] {dagbag.py:545} INFO - Filling up the DagBag from /opt/airflow/dags/bi_masan_pipeline.py
[2026-06-15T06:59:23.028+0000] {processor.py:840} INFO - DAG(s) 'bi_masan_revenue_pipeline' retrieved from /opt/airflow/dags/bi_masan_pipeline.py
[2026-06-15T06:59:23.043+0000] {logging_mixin.py:188} INFO - [2026-06-15T06:59:23.043+0000] {dag.py:3089} INFO - Sync 1 DAGs
[2026-06-15T06:59:23.055+0000] {logging_mixin.py:188} INFO - [2026-06-15T06:59:23.055+0000] {dag.py:3947} INFO - Setting next_dagrun for bi_masan_revenue_pipeline to 2026-06-15 00:00:00+00:00, run_after=2026-06-16 00:00:00+00:00
[2026-06-15T06:59:23.066+0000] {processor.py:183} INFO - Processing /opt/airflow/dags/bi_masan_pipeline.py took 0.057 seconds
[2026-06-15T06:59:53.258+0000] {processor.py:161} INFO - Started process (PID=573) to work on /opt/airflow/dags/bi_masan_pipeline.py
[2026-06-15T06:59:53.258+0000] {processor.py:830} INFO - Processing file /opt/airflow/dags/bi_masan_pipeline.py for tasks to queue
[2026-06-15T06:59:53.259+0000] {logging_mixin.py:188} INFO - [2026-06-15T06:59:53.259+0000] {dagbag.py:545} INFO - Filling up the DagBag from /opt/airflow/dags/bi_masan_pipeline.py
[2026-06-15T06:59:53.269+0000] {processor.py:840} INFO - DAG(s) 'bi_masan_revenue_pipeline' retrieved from /opt/airflow/dags/bi_masan_pipeline.py
[2026-06-15T06:59:53.281+0000] {logging_mixin.py:188} INFO - [2026-06-15T06:59:53.281+0000] {dag.py:3089} INFO - Sync 1 DAGs
[2026-06-15T06:59:53.290+0000] {logging_mixin.py:188} INFO - [2026-06-15T06:59:53.290+0000] {dag.py:3947} INFO - Setting next_dagrun for bi_masan_revenue_pipeline to 2026-06-15 00:00:00+00:00, run_after=2026-06-16 00:00:00+00:00
[2026-06-15T06:59:53.300+0000] {processor.py:183} INFO - Processing /opt/airflow/dags/bi_masan_pipeline.py took 0.046 seconds
[2026-06-15T07:00:23.496+0000] {processor.py:161} INFO - Started process (PID=574) to work on /opt/airflow/dags/bi_masan_pipeline.py
[2026-06-15T07:00:23.497+0000] {processor.py:830} INFO - Processing file /opt/airflow/dags/bi_masan_pipeline.py for tasks to queue
[2026-06-15T07:00:23.498+0000] {logging_mixin.py:188} INFO - [2026-06-15T07:00:23.497+0000] {dagbag.py:545} INFO - Filling up the DagBag from /opt/airflow/dags/bi_masan_pipeline.py
[2026-06-15T07:00:23.503+0000] {processor.py:840} INFO - DAG(s) 'bi_masan_revenue_pipeline' retrieved from /opt/airflow/dags/bi_masan_pipeline.py
[2026-06-15T07:00:23.515+0000] {logging_mixin.py:188} INFO - [2026-06-15T07:00:23.515+0000] {dag.py:3089} INFO - Sync 1 DAGs
[2026-06-15T07:00:23.523+0000] {logging_mixin.py:188} INFO - [2026-06-15T07:00:23.523+0000] {dag.py:3947} INFO - Setting next_dagrun for bi_masan_revenue_pipeline to 2026-06-15 00:00:00+00:00, run_after=2026-06-16 00:00:00+00:00
[2026-06-15T07:00:23.532+0000] {processor.py:183} INFO - Processing /opt/airflow/dags/bi_masan_pipeline.py took 0.039 seconds
[2026-06-15T07:00:53.728+0000] {processor.py:161} INFO - Started process (PID=575) to work on /opt/airflow/dags/bi_masan_pipeline.py
[2026-06-15T07:00:53.729+0000] {processor.py:830} INFO - Processing file /opt/airflow/dags/bi_masan_pipeline.py for tasks to queue
[2026-06-15T07:00:53.730+0000] {logging_mixin.py:188} INFO - [2026-06-15T07:00:53.730+0000] {dagbag.py:545} INFO - Filling up the DagBag from /opt/airflow/dags/bi_masan_pipeline.py
[2026-06-15T07:00:53.740+0000] {processor.py:840} INFO - DAG(s) 'bi_masan_revenue_pipeline' retrieved from /opt/airflow/dags/bi_masan_pipeline.py
[2026-06-15T07:00:53.758+0000] {logging_mixin.py:188} INFO - [2026-06-15T07:00:53.758+0000] {dag.py:3089} INFO - Sync 1 DAGs
[2026-06-15T07:00:53.768+0000] {logging_mixin.py:188} INFO - [2026-06-15T07:00:53.768+0000] {dag.py:3947} INFO - Setting next_dagrun for bi_masan_revenue_pipeline to 2026-06-15 00:00:00+00:00, run_after=2026-06-16 00:00:00+00:00
[2026-06-15T07:00:53.778+0000] {processor.py:183} INFO - Processing /opt/airflow/dags/bi_masan_pipeline.py took 0.054 seconds
[2026-06-15T07:01:23.961+0000] {processor.py:161} INFO - Started process (PID=576) to work on /opt/airflow/dags/bi_masan_pipeline.py
[2026-06-15T07:01:23.963+0000] {processor.py:830} INFO - Processing file /opt/airflow/dags/bi_masan_pipeline.py for tasks to queue
[2026-06-15T07:01:23.964+0000] {logging_mixin.py:188} INFO - [2026-06-15T07:01:23.964+0000] {dagbag.py:545} INFO - Filling up the DagBag from /opt/airflow/dags/bi_masan_pipeline.py
[2026-06-15T07:01:23.971+0000] {processor.py:840} INFO - DAG(s) 'bi_masan_revenue_pipeline' retrieved from /opt/airflow/dags/bi_masan_pipeline.py
[2026-06-15T07:01:23.983+0000] {logging_mixin.py:188} INFO - [2026-06-15T07:01:23.982+0000] {dag.py:3089} INFO - Sync 1 DAGs
[2026-06-15T07:01:23.991+0000] {logging_mixin.py:188} INFO - [2026-06-15T07:01:23.991+0000] {dag.py:3947} INFO - Setting next_dagrun for bi_masan_revenue_pipeline to 2026-06-15 00:00:00+00:00, run_after=2026-06-16 00:00:00+00:00
[2026-06-15T07:01:24.000+0000] {processor.py:183} INFO - Processing /opt/airflow/dags/bi_masan_pipeline.py took 0.043 seconds
[2026-06-15T07:01:54.209+0000] {processor.py:161} INFO - Started process (PID=577) to work on /opt/airflow/dags/bi_masan_pipeline.py
[2026-06-15T07:01:54.209+0000] {processor.py:830} INFO - Processing file /opt/airflow/dags/bi_masan_pipeline.py for tasks to queue
[2026-06-15T07:01:54.210+0000] {logging_mixin.py:188} INFO - [2026-06-15T07:01:54.210+0000] {dagbag.py:545} INFO - Filling up the DagBag from /opt/airflow/dags/bi_masan_pipeline.py
[2026-06-15T07:01:54.225+0000] {processor.py:840} INFO - DAG(s) 'bi_masan_revenue_pipeline' retrieved from /opt/airflow/dags/bi_masan_pipeline.py
[2026-06-15T07:01:54.237+0000] {logging_mixin.py:188} INFO - [2026-06-15T07:01:54.237+0000] {dag.py:3089} INFO - Sync 1 DAGs
[2026-06-15T07:01:54.246+0000] {logging_mixin.py:188} INFO - [2026-06-15T07:01:54.246+0000] {dag.py:3947} INFO - Setting next_dagrun for bi_masan_revenue_pipeline to 2026-06-15 00:00:00+00:00, run_after=2026-06-16 00:00:00+00:00
[2026-06-15T07:01:54.256+0000] {processor.py:183} INFO - Processing /opt/airflow/dags/bi_masan_pipeline.py took 0.051 seconds
[2026-06-15T07:02:24.455+0000] {processor.py:161} INFO - Started process (PID=578) to work on /opt/airflow/dags/bi_masan_pipeline.py
[2026-06-15T07:02:24.456+0000] {processor.py:830} INFO - Processing file /opt/airflow/dags/bi_masan_pipeline.py for tasks to queue
[2026-06-15T07:02:24.457+0000] {logging_mixin.py:188} INFO - [2026-06-15T07:02:24.457+0000] {dagbag.py:545} INFO - Filling up the DagBag from /opt/airflow/dags/bi_masan_pipeline.py
[2026-06-15T07:02:24.465+0000] {processor.py:840} INFO - DAG(s) 'bi_masan_revenue_pipeline' retrieved from /opt/airflow/dags/bi_masan_pipeline.py
[2026-06-15T07:02:24.479+0000] {logging_mixin.py:188} INFO - [2026-06-15T07:02:24.479+0000] {dag.py:3089} INFO - Sync 1 DAGs
[2026-06-15T07:02:24.488+0000] {logging_mixin.py:188} INFO - [2026-06-15T07:02:24.488+0000] {dag.py:3947} INFO - Setting next_dagrun for bi_masan_revenue_pipeline to 2026-06-15 00:00:00+00:00, run_after=2026-06-16 00:00:00+00:00
[2026-06-15T07:02:24.503+0000] {processor.py:183} INFO - Processing /opt/airflow/dags/bi_masan_pipeline.py took 0.052 seconds
[2026-06-15T07:02:54.705+0000] {processor.py:161} INFO - Started process (PID=579) to work on /opt/airflow/dags/bi_masan_pipeline.py
[2026-06-15T07:02:54.708+0000] {processor.py:830} INFO - Processing file /opt/airflow/dags/bi_masan_pipeline.py for tasks to queue
[2026-06-15T07:02:54.710+0000] {logging_mixin.py:188} INFO - [2026-06-15T07:02:54.710+0000] {dagbag.py:545} INFO - Filling up the DagBag from /opt/airflow/dags/bi_masan_pipeline.py
[2026-06-15T07:02:54.722+0000] {processor.py:840} INFO - DAG(s) 'bi_masan_revenue_pipeline' retrieved from /opt/airflow/dags/bi_masan_pipeline.py
[2026-06-15T07:02:54.734+0000] {logging_mixin.py:188} INFO - [2026-06-15T07:02:54.734+0000] {dag.py:3089} INFO - Sync 1 DAGs
[2026-06-15T07:02:54.743+0000] {logging_mixin.py:188} INFO - [2026-06-15T07:02:54.743+0000] {dag.py:3947} INFO - Setting next_dagrun for bi_masan_revenue_pipeline to 2026-06-15 00:00:00+00:00, run_after=2026-06-16 00:00:00+00:00
[2026-06-15T07:02:54.754+0000] {processor.py:183} INFO - Processing /opt/airflow/dags/bi_masan_pipeline.py took 0.053 seconds
[2026-06-15T07:03:24.932+0000] {processor.py:161} INFO - Started process (PID=580) to work on /opt/airflow/dags/bi_masan_pipeline.py
[2026-06-15T07:03:24.933+0000] {processor.py:830} INFO - Processing file /opt/airflow/dags/bi_masan_pipeline.py for tasks to queue
[2026-06-15T07:03:24.934+0000] {logging_mixin.py:188} INFO - [2026-06-15T07:03:24.934+0000] {dagbag.py:545} INFO - Filling up the DagBag from /opt/airflow/dags/bi_masan_pipeline.py
[2026-06-15T07:03:24.942+0000] {processor.py:840} INFO - DAG(s) 'bi_masan_revenue_pipeline' retrieved from /opt/airflow/dags/bi_masan_pipeline.py
[2026-06-15T07:03:24.956+0000] {logging_mixin.py:188} INFO - [2026-06-15T07:03:24.956+0000] {dag.py:3089} INFO - Sync 1 DAGs
[2026-06-15T07:03:24.964+0000] {logging_mixin.py:188} INFO - [2026-06-15T07:03:24.964+0000] {dag.py:3947} INFO - Setting next_dagrun for bi_masan_revenue_pipeline to 2026-06-15 00:00:00+00:00, run_after=2026-06-16 00:00:00+00:00
[2026-06-15T07:03:25.039+0000] {processor.py:183} INFO - Processing /opt/airflow/dags/bi_masan_pipeline.py took 0.111 seconds
[2026-06-15T07:03:56.090+0000] {processor.py:161} INFO - Started process (PID=1030) to work on /opt/airflow/dags/bi_masan_pipeline.py
[2026-06-15T07:03:56.092+0000] {processor.py:830} INFO - Processing file /opt/airflow/dags/bi_masan_pipeline.py for tasks to queue
[2026-06-15T07:03:56.093+0000] {logging_mixin.py:188} INFO - [2026-06-15T07:03:56.093+0000] {dagbag.py:545} INFO - Filling up the DagBag from /opt/airflow/dags/bi_masan_pipeline.py
[2026-06-15T07:03:56.102+0000] {processor.py:840} INFO - DAG(s) 'bi_masan_revenue_pipeline' retrieved from /opt/airflow/dags/bi_masan_pipeline.py
[2026-06-15T07:03:56.116+0000] {logging_mixin.py:188} INFO - [2026-06-15T07:03:56.115+0000] {dag.py:3089} INFO - Sync 1 DAGs
[2026-06-15T07:03:56.197+0000] {logging_mixin.py:188} INFO - [2026-06-15T07:03:56.197+0000] {dag.py:3947} INFO - Setting next_dagrun for bi_masan_revenue_pipeline to 2026-06-15 00:00:00+00:00, run_after=2026-06-16 00:00:00+00:00
[2026-06-15T07:03:56.207+0000] {processor.py:183} INFO - Processing /opt/airflow/dags/bi_masan_pipeline.py took 0.121 seconds
[2026-06-15T07:04:26.327+0000] {processor.py:161} INFO - Started process (PID=1031) to work on /opt/airflow/dags/bi_masan_pipeline.py
[2026-06-15T07:04:26.328+0000] {processor.py:830} INFO - Processing file /opt/airflow/dags/bi_masan_pipeline.py for tasks to queue
[2026-06-15T07:04:26.329+0000] {logging_mixin.py:188} INFO - [2026-06-15T07:04:26.329+0000] {dagbag.py:545} INFO - Filling up the DagBag from /opt/airflow/dags/bi_masan_pipeline.py
[2026-06-15T07:04:26.339+0000] {processor.py:840} INFO - DAG(s) 'bi_masan_revenue_pipeline' retrieved from /opt/airflow/dags/bi_masan_pipeline.py
[2026-06-15T07:04:26.351+0000] {logging_mixin.py:188} INFO - [2026-06-15T07:04:26.351+0000] {dag.py:3089} INFO - Sync 1 DAGs
[2026-06-15T07:04:26.446+0000] {logging_mixin.py:188} INFO - [2026-06-15T07:04:26.446+0000] {dag.py:3947} INFO - Setting next_dagrun for bi_masan_revenue_pipeline to 2026-06-15 00:00:00+00:00, run_after=2026-06-16 00:00:00+00:00
[2026-06-15T07:04:26.456+0000] {processor.py:183} INFO - Processing /opt/airflow/dags/bi_masan_pipeline.py took 0.132 seconds
[2026-06-15T07:04:56.547+0000] {processor.py:161} INFO - Started process (PID=1032) to work on /opt/airflow/dags/bi_masan_pipeline.py
[2026-06-15T07:04:56.550+0000] {processor.py:830} INFO - Processing file /opt/airflow/dags/bi_masan_pipeline.py for tasks to queue
[2026-06-15T07:04:56.552+0000] {logging_mixin.py:188} INFO - [2026-06-15T07:04:56.551+0000] {dagbag.py:545} INFO - Filling up the DagBag from /opt/airflow/dags/bi_masan_pipeline.py
[2026-06-15T07:04:56.560+0000] {processor.py:840} INFO - DAG(s) 'bi_masan_revenue_pipeline' retrieved from /opt/airflow/dags/bi_masan_pipeline.py
[2026-06-15T07:04:56.639+0000] {logging_mixin.py:188} INFO - [2026-06-15T07:04:56.639+0000] {dag.py:3089} INFO - Sync 1 DAGs
[2026-06-15T07:04:56.647+0000] {logging_mixin.py:188} INFO - [2026-06-15T07:04:56.647+0000] {dag.py:3947} INFO - Setting next_dagrun for bi_masan_revenue_pipeline to 2026-06-15 00:00:00+00:00, run_after=2026-06-16 00:00:00+00:00
[2026-06-15T07:04:56.656+0000] {processor.py:183} INFO - Processing /opt/airflow/dags/bi_masan_pipeline.py took 0.118 seconds
[2026-06-15T07:05:26.773+0000] {processor.py:161} INFO - Started process (PID=1033) to work on /opt/airflow/dags/bi_masan_pipeline.py
[2026-06-15T07:05:26.774+0000] {processor.py:830} INFO - Processing file /opt/airflow/dags/bi_masan_pipeline.py for tasks to queue
[2026-06-15T07:05:26.774+0000] {logging_mixin.py:188} INFO - [2026-06-15T07:05:26.774+0000] {dagbag.py:545} INFO - Filling up the DagBag from /opt/airflow/dags/bi_masan_pipeline.py
[2026-06-15T07:05:26.781+0000] {processor.py:840} INFO - DAG(s) 'bi_masan_revenue_pipeline' retrieved from /opt/airflow/dags/bi_masan_pipeline.py
[2026-06-15T07:05:26.868+0000] {logging_mixin.py:188} INFO - [2026-06-15T07:05:26.868+0000] {dag.py:3089} INFO - Sync 1 DAGs
[2026-06-15T07:05:26.876+0000] {logging_mixin.py:188} INFO - [2026-06-15T07:05:26.876+0000] {dag.py:3947} INFO - Setting next_dagrun for bi_masan_revenue_pipeline to 2026-06-15 00:00:00+00:00, run_after=2026-06-16 00:00:00+00:00
[2026-06-15T07:05:26.886+0000] {processor.py:183} INFO - Processing /opt/airflow/dags/bi_masan_pipeline.py took 0.117 seconds
[2026-06-15T07:05:57.065+0000] {processor.py:161} INFO - Started process (PID=1034) to work on /opt/airflow/dags/bi_masan_pipeline.py
[2026-06-15T07:05:57.067+0000] {processor.py:830} INFO - Processing file /opt/airflow/dags/bi_masan_pipeline.py for tasks to queue
[2026-06-15T07:05:57.068+0000] {logging_mixin.py:188} INFO - [2026-06-15T07:05:57.068+0000] {dagbag.py:545} INFO - Filling up the DagBag from /opt/airflow/dags/bi_masan_pipeline.py
[2026-06-15T07:05:57.074+0000] {processor.py:840} INFO - DAG(s) 'bi_masan_revenue_pipeline' retrieved from /opt/airflow/dags/bi_masan_pipeline.py
[2026-06-15T07:05:57.087+0000] {logging_mixin.py:188} INFO - [2026-06-15T07:05:57.087+0000] {dag.py:3089} INFO - Sync 1 DAGs
[2026-06-15T07:05:57.096+0000] {logging_mixin.py:188} INFO - [2026-06-15T07:05:57.096+0000] {dag.py:3947} INFO - Setting next_dagrun for bi_masan_revenue_pipeline to 2026-06-15 00:00:00+00:00, run_after=2026-06-16 00:00:00+00:00
[2026-06-15T07:05:57.105+0000] {processor.py:183} INFO - Processing /opt/airflow/dags/bi_masan_pipeline.py took 0.043 seconds
[2026-06-15T07:06:27.229+0000] {processor.py:161} INFO - Started process (PID=1035) to work on /opt/airflow/dags/bi_masan_pipeline.py
[2026-06-15T07:06:27.229+0000] {processor.py:830} INFO - Processing file /opt/airflow/dags/bi_masan_pipeline.py for tasks to queue
[2026-06-15T07:06:27.230+0000] {logging_mixin.py:188} INFO - [2026-06-15T07:06:27.230+0000] {dagbag.py:545} INFO - Filling up the DagBag from /opt/airflow/dags/bi_masan_pipeline.py
[2026-06-15T07:06:27.237+0000] {processor.py:840} INFO - DAG(s) 'bi_masan_revenue_pipeline' retrieved from /opt/airflow/dags/bi_masan_pipeline.py
[2026-06-15T07:06:27.249+0000] {logging_mixin.py:188} INFO - [2026-06-15T07:06:27.249+0000] {dag.py:3089} INFO - Sync 1 DAGs
[2026-06-15T07:06:27.258+0000] {logging_mixin.py:188} INFO - [2026-06-15T07:06:27.258+0000] {dag.py:3947} INFO - Setting next_dagrun for bi_masan_revenue_pipeline to 2026-06-15 00:00:00+00:00, run_after=2026-06-16 00:00:00+00:00
[2026-06-15T07:06:27.268+0000] {processor.py:183} INFO - Processing /opt/airflow/dags/bi_masan_pipeline.py took 0.044 seconds
[2026-06-15T07:06:57.475+0000] {processor.py:161} INFO - Started process (PID=1036) to work on /opt/airflow/dags/bi_masan_pipeline.py
[2026-06-15T07:06:57.476+0000] {processor.py:830} INFO - Processing file /opt/airflow/dags/bi_masan_pipeline.py for tasks to queue
[2026-06-15T07:06:57.477+0000] {logging_mixin.py:188} INFO - [2026-06-15T07:06:57.477+0000] {dagbag.py:545} INFO - Filling up the DagBag from /opt/airflow/dags/bi_masan_pipeline.py
[2026-06-15T07:06:57.484+0000] {processor.py:840} INFO - DAG(s) 'bi_masan_revenue_pipeline' retrieved from /opt/airflow/dags/bi_masan_pipeline.py
[2026-06-15T07:06:57.497+0000] {logging_mixin.py:188} INFO - [2026-06-15T07:06:57.497+0000] {dag.py:3089} INFO - Sync 1 DAGs
[2026-06-15T07:06:57.507+0000] {logging_mixin.py:188} INFO - [2026-06-15T07:06:57.507+0000] {dag.py:3947} INFO - Setting next_dagrun for bi_masan_revenue_pipeline to 2026-06-15 00:00:00+00:00, run_after=2026-06-16 00:00:00+00:00
[2026-06-15T07:06:57.519+0000] {processor.py:183} INFO - Processing /opt/airflow/dags/bi_masan_pipeline.py took 0.047 seconds
[2026-06-15T07:07:27.707+0000] {processor.py:161} INFO - Started process (PID=1037) to work on /opt/airflow/dags/bi_masan_pipeline.py
[2026-06-15T07:07:27.707+0000] {processor.py:830} INFO - Processing file /opt/airflow/dags/bi_masan_pipeline.py for tasks to queue
[2026-06-15T07:07:27.708+0000] {logging_mixin.py:188} INFO - [2026-06-15T07:07:27.708+0000] {dagbag.py:545} INFO - Filling up the DagBag from /opt/airflow/dags/bi_masan_pipeline.py
[2026-06-15T07:07:27.714+0000] {processor.py:840} INFO - DAG(s) 'bi_masan_revenue_pipeline' retrieved from /opt/airflow/dags/bi_masan_pipeline.py
[2026-06-15T07:07:27.725+0000] {logging_mixin.py:188} INFO - [2026-06-15T07:07:27.725+0000] {dag.py:3089} INFO - Sync 1 DAGs
[2026-06-15T07:07:27.734+0000] {logging_mixin.py:188} INFO - [2026-06-15T07:07:27.734+0000] {dag.py:3947} INFO - Setting next_dagrun for bi_masan_revenue_pipeline to 2026-06-15 00:00:00+00:00, run_after=2026-06-16 00:00:00+00:00
[2026-06-15T07:07:27.744+0000] {processor.py:183} INFO - Processing /opt/airflow/dags/bi_masan_pipeline.py took 0.039 seconds
[2026-06-15T07:07:57.911+0000] {processor.py:161} INFO - Started process (PID=1038) to work on /opt/airflow/dags/bi_masan_pipeline.py
[2026-06-15T07:07:57.919+0000] {processor.py:830} INFO - Processing file /opt/airflow/dags/bi_masan_pipeline.py for tasks to queue
[2026-06-15T07:07:57.923+0000] {logging_mixin.py:188} INFO - [2026-06-15T07:07:57.922+0000] {dagbag.py:545} INFO - Filling up the DagBag from /opt/airflow/dags/bi_masan_pipeline.py
[2026-06-15T07:07:57.937+0000] {processor.py:840} INFO - DAG(s) 'bi_masan_revenue_pipeline' retrieved from /opt/airflow/dags/bi_masan_pipeline.py
[2026-06-15T07:07:57.949+0000] {logging_mixin.py:188} INFO - [2026-06-15T07:07:57.949+0000] {dag.py:3089} INFO - Sync 1 DAGs
[2026-06-15T07:07:57.957+0000] {logging_mixin.py:188} INFO - [2026-06-15T07:07:57.957+0000] {dag.py:3947} INFO - Setting next_dagrun for bi_masan_revenue_pipeline to 2026-06-15 00:00:00+00:00, run_after=2026-06-16 00:00:00+00:00
[2026-06-15T07:07:57.967+0000] {processor.py:183} INFO - Processing /opt/airflow/dags/bi_masan_pipeline.py took 0.066 seconds
[2026-06-15T07:08:28.126+0000] {processor.py:161} INFO - Started process (PID=1039) to work on /opt/airflow/dags/bi_masan_pipeline.py
[2026-06-15T07:08:28.127+0000] {processor.py:830} INFO - Processing file /opt/airflow/dags/bi_masan_pipeline.py for tasks to queue
[2026-06-15T07:08:28.128+0000] {logging_mixin.py:188} INFO - [2026-06-15T07:08:28.128+0000] {dagbag.py:545} INFO - Filling up the DagBag from /opt/airflow/dags/bi_masan_pipeline.py
[2026-06-15T07:08:28.139+0000] {processor.py:840} INFO - DAG(s) 'bi_masan_revenue_pipeline' retrieved from /opt/airflow/dags/bi_masan_pipeline.py
[2026-06-15T07:08:28.160+0000] {logging_mixin.py:188} INFO - [2026-06-15T07:08:28.160+0000] {dag.py:3089} INFO - Sync 1 DAGs
[2026-06-15T07:08:28.175+0000] {logging_mixin.py:188} INFO - [2026-06-15T07:08:28.175+0000] {dag.py:3947} INFO - Setting next_dagrun for bi_masan_revenue_pipeline to 2026-06-15 00:00:00+00:00, run_after=2026-06-16 00:00:00+00:00
[2026-06-15T07:08:28.187+0000] {processor.py:183} INFO - Processing /opt/airflow/dags/bi_masan_pipeline.py took 0.065 seconds
[2026-06-15T07:08:58.330+0000] {processor.py:161} INFO - Started process (PID=1040) to work on /opt/airflow/dags/bi_masan_pipeline.py
[2026-06-15T07:08:58.333+0000] {processor.py:830} INFO - Processing file /opt/airflow/dags/bi_masan_pipeline.py for tasks to queue
[2026-06-15T07:08:58.334+0000] {logging_mixin.py:188} INFO - [2026-06-15T07:08:58.334+0000] {dagbag.py:545} INFO - Filling up the DagBag from /opt/airflow/dags/bi_masan_pipeline.py
[2026-06-15T07:08:58.343+0000] {processor.py:840} INFO - DAG(s) 'bi_masan_revenue_pipeline' retrieved from /opt/airflow/dags/bi_masan_pipeline.py
[2026-06-15T07:08:58.355+0000] {logging_mixin.py:188} INFO - [2026-06-15T07:08:58.355+0000] {dag.py:3089} INFO - Sync 1 DAGs
[2026-06-15T07:08:58.364+0000] {logging_mixin.py:188} INFO - [2026-06-15T07:08:58.363+0000] {dag.py:3947} INFO - Setting next_dagrun for bi_masan_revenue_pipeline to 2026-06-15 00:00:00+00:00, run_after=2026-06-16 00:00:00+00:00
[2026-06-15T07:08:58.374+0000] {processor.py:183} INFO - Processing /opt/airflow/dags/bi_masan_pipeline.py took 0.047 seconds
[2026-06-15T07:10:59.150+0000] {processor.py:161} INFO - Started process (PID=87) to work on /opt/airflow/dags/bi_masan_pipeline.py
[2026-06-15T07:10:59.151+0000] {processor.py:830} INFO - Processing file /opt/airflow/dags/bi_masan_pipeline.py for tasks to queue
[2026-06-15T07:10:59.152+0000] {logging_mixin.py:188} INFO - [2026-06-15T07:10:59.152+0000] {dagbag.py:545} INFO - Filling up the DagBag from /opt/airflow/dags/bi_masan_pipeline.py
[2026-06-15T07:10:59.158+0000] {processor.py:840} INFO - DAG(s) 'bi_masan_revenue_pipeline' retrieved from /opt/airflow/dags/bi_masan_pipeline.py
[2026-06-15T07:10:59.215+0000] {logging_mixin.py:188} INFO - [2026-06-15T07:10:59.214+0000] {override.py:1858} INFO - Created Permission View: can read on DAG:bi_masan_revenue_pipeline
[2026-06-15T07:10:59.219+0000] {logging_mixin.py:188} INFO - [2026-06-15T07:10:59.219+0000] {override.py:1858} INFO - Created Permission View: can edit on DAG:bi_masan_revenue_pipeline
[2026-06-15T07:10:59.222+0000] {logging_mixin.py:188} INFO - [2026-06-15T07:10:59.222+0000] {override.py:1858} INFO - Created Permission View: can delete on DAG:bi_masan_revenue_pipeline
[2026-06-15T07:10:59.222+0000] {logging_mixin.py:188} INFO - [2026-06-15T07:10:59.222+0000] {dag.py:3089} INFO - Sync 1 DAGs
[2026-06-15T07:10:59.226+0000] {logging_mixin.py:188} INFO - [2026-06-15T07:10:59.226+0000] {dag.py:3111} INFO - Creating ORM DAG for bi_masan_revenue_pipeline
[2026-06-15T07:10:59.230+0000] {logging_mixin.py:188} INFO - [2026-06-15T07:10:59.230+0000] {dag.py:3947} INFO - Setting next_dagrun for bi_masan_revenue_pipeline to 2026-06-14 00:00:00+00:00, run_after=2026-06-15 00:00:00+00:00
[2026-06-15T07:10:59.239+0000] {processor.py:183} INFO - Processing /opt/airflow/dags/bi_masan_pipeline.py took 0.092 seconds
[2026-06-15T07:11:29.271+0000] {processor.py:161} INFO - Started process (PID=119) to work on /opt/airflow/dags/bi_masan_pipeline.py
[2026-06-15T07:11:29.271+0000] {processor.py:830} INFO - Processing file /opt/airflow/dags/bi_masan_pipeline.py for tasks to queue
[2026-06-15T07:11:29.272+0000] {logging_mixin.py:188} INFO - [2026-06-15T07:11:29.272+0000] {dagbag.py:545} INFO - Filling up the DagBag from /opt/airflow/dags/bi_masan_pipeline.py
[2026-06-15T07:11:29.280+0000] {processor.py:840} INFO - DAG(s) 'bi_masan_revenue_pipeline' retrieved from /opt/airflow/dags/bi_masan_pipeline.py
[2026-06-15T07:11:29.295+0000] {logging_mixin.py:188} INFO - [2026-06-15T07:11:29.295+0000] {dag.py:3089} INFO - Sync 1 DAGs
[2026-06-15T07:11:29.306+0000] {logging_mixin.py:188} INFO - [2026-06-15T07:11:29.305+0000] {dag.py:3947} INFO - Setting next_dagrun for bi_masan_revenue_pipeline to 2026-06-14 00:00:00+00:00, run_after=2026-06-15 00:00:00+00:00
[2026-06-15T07:11:29.316+0000] {processor.py:183} INFO - Processing /opt/airflow/dags/bi_masan_pipeline.py took 0.049 seconds
[2026-06-15T07:11:59.715+0000] {processor.py:161} INFO - Started process (PID=121) to work on /opt/airflow/dags/bi_masan_pipeline.py
[2026-06-15T07:11:59.718+0000] {processor.py:830} INFO - Processing file /opt/airflow/dags/bi_masan_pipeline.py for tasks to queue
[2026-06-15T07:11:59.721+0000] {logging_mixin.py:188} INFO - [2026-06-15T07:11:59.720+0000] {dagbag.py:545} INFO - Filling up the DagBag from /opt/airflow/dags/bi_masan_pipeline.py
[2026-06-15T07:11:59.731+0000] {processor.py:840} INFO - DAG(s) 'bi_masan_revenue_pipeline' retrieved from /opt/airflow/dags/bi_masan_pipeline.py
[2026-06-15T07:11:59.742+0000] {logging_mixin.py:188} INFO - [2026-06-15T07:11:59.742+0000] {dag.py:3089} INFO - Sync 1 DAGs
[2026-06-15T07:11:59.750+0000] {logging_mixin.py:188} INFO - [2026-06-15T07:11:59.750+0000] {dag.py:3947} INFO - Setting next_dagrun for bi_masan_revenue_pipeline to 2026-06-14 00:00:00+00:00, run_after=2026-06-15 00:00:00+00:00
[2026-06-15T07:11:59.761+0000] {processor.py:183} INFO - Processing /opt/airflow/dags/bi_masan_pipeline.py took 0.056 seconds
[2026-06-15T07:12:38.162+0000] {processor.py:161} INFO - Started process (PID=1500) to work on /opt/airflow/dags/bi_masan_pipeline.py
[2026-06-15T07:12:38.164+0000] {processor.py:830} INFO - Processing file /opt/airflow/dags/bi_masan_pipeline.py for tasks to queue
[2026-06-15T07:12:38.166+0000] {logging_mixin.py:188} INFO - [2026-06-15T07:12:38.166+0000] {dagbag.py:545} INFO - Filling up the DagBag from /opt/airflow/dags/bi_masan_pipeline.py
[2026-06-15T07:12:38.174+0000] {processor.py:840} INFO - DAG(s) 'bi_masan_revenue_pipeline' retrieved from /opt/airflow/dags/bi_masan_pipeline.py
[2026-06-15T07:12:38.186+0000] {logging_mixin.py:188} INFO - [2026-06-15T07:12:38.186+0000] {dag.py:3089} INFO - Sync 1 DAGs
[2026-06-15T07:12:38.195+0000] {logging_mixin.py:188} INFO - [2026-06-15T07:12:38.194+0000] {dag.py:3947} INFO - Setting next_dagrun for bi_masan_revenue_pipeline to 2026-06-15 00:00:00+00:00, run_after=2026-06-16 00:00:00+00:00
[2026-06-15T07:12:38.205+0000] {processor.py:183} INFO - Processing /opt/airflow/dags/bi_masan_pipeline.py took 0.049 seconds
[2026-06-15T07:13:08.417+0000] {processor.py:161} INFO - Started process (PID=1728) to work on /opt/airflow/dags/bi_masan_pipeline.py
[2026-06-15T07:13:08.418+0000] {processor.py:830} INFO - Processing file /opt/airflow/dags/bi_masan_pipeline.py for tasks to queue
[2026-06-15T07:13:08.418+0000] {logging_mixin.py:188} INFO - [2026-06-15T07:13:08.418+0000] {dagbag.py:545} INFO - Filling up the DagBag from /opt/airflow/dags/bi_masan_pipeline.py
[2026-06-15T07:13:08.425+0000] {processor.py:840} INFO - DAG(s) 'bi_masan_revenue_pipeline' retrieved from /opt/airflow/dags/bi_masan_pipeline.py
[2026-06-15T07:13:08.437+0000] {logging_mixin.py:188} INFO - [2026-06-15T07:13:08.437+0000] {dag.py:3089} INFO - Sync 1 DAGs
[2026-06-15T07:13:08.446+0000] {logging_mixin.py:188} INFO - [2026-06-15T07:13:08.446+0000] {dag.py:3947} INFO - Setting next_dagrun for bi_masan_revenue_pipeline to 2026-06-15 00:00:00+00:00, run_after=2026-06-16 00:00:00+00:00
[2026-06-15T07:13:08.456+0000] {processor.py:183} INFO - Processing /opt/airflow/dags/bi_masan_pipeline.py took 0.044 seconds
[2026-06-15T07:13:38.835+0000] {processor.py:161} INFO - Started process (PID=1729) to work on /opt/airflow/dags/bi_masan_pipeline.py
[2026-06-15T07:13:38.838+0000] {processor.py:830} INFO - Processing file /opt/airflow/dags/bi_masan_pipeline.py for tasks to queue
[2026-06-15T07:13:38.841+0000] {logging_mixin.py:188} INFO - [2026-06-15T07:13:38.840+0000] {dagbag.py:545} INFO - Filling up the DagBag from /opt/airflow/dags/bi_masan_pipeline.py
[2026-06-15T07:13:38.855+0000] {processor.py:840} INFO - DAG(s) 'bi_masan_revenue_pipeline' retrieved from /opt/airflow/dags/bi_masan_pipeline.py
[2026-06-15T07:13:38.867+0000] {logging_mixin.py:188} INFO - [2026-06-15T07:13:38.867+0000] {dag.py:3089} INFO - Sync 1 DAGs
[2026-06-15T07:13:38.875+0000] {logging_mixin.py:188} INFO - [2026-06-15T07:13:38.875+0000] {dag.py:3947} INFO - Setting next_dagrun for bi_masan_revenue_pipeline to 2026-06-15 00:00:00+00:00, run_after=2026-06-16 00:00:00+00:00
[2026-06-15T07:13:38.885+0000] {processor.py:183} INFO - Processing /opt/airflow/dags/bi_masan_pipeline.py took 0.056 seconds
[2026-06-15T07:14:09.213+0000] {processor.py:161} INFO - Started process (PID=1730) to work on /opt/airflow/dags/bi_masan_pipeline.py
[2026-06-15T07:14:09.214+0000] {processor.py:830} INFO - Processing file /opt/airflow/dags/bi_masan_pipeline.py for tasks to queue
[2026-06-15T07:14:09.215+0000] {logging_mixin.py:188} INFO - [2026-06-15T07:14:09.214+0000] {dagbag.py:545} INFO - Filling up the DagBag from /opt/airflow/dags/bi_masan_pipeline.py
[2026-06-15T07:14:09.221+0000] {processor.py:840} INFO - DAG(s) 'bi_masan_revenue_pipeline' retrieved from /opt/airflow/dags/bi_masan_pipeline.py
[2026-06-15T07:14:09.234+0000] {logging_mixin.py:188} INFO - [2026-06-15T07:14:09.233+0000] {dag.py:3089} INFO - Sync 1 DAGs
[2026-06-15T07:14:09.242+0000] {logging_mixin.py:188} INFO - [2026-06-15T07:14:09.242+0000] {dag.py:3947} INFO - Setting next_dagrun for bi_masan_revenue_pipeline to 2026-06-15 00:00:00+00:00, run_after=2026-06-16 00:00:00+00:00
[2026-06-15T07:14:09.252+0000] {processor.py:183} INFO - Processing /opt/airflow/dags/bi_masan_pipeline.py took 0.044 seconds
[2026-06-15T07:14:39.598+0000] {processor.py:161} INFO - Started process (PID=1731) to work on /opt/airflow/dags/bi_masan_pipeline.py
[2026-06-15T07:14:39.600+0000] {processor.py:830} INFO - Processing file /opt/airflow/dags/bi_masan_pipeline.py for tasks to queue
[2026-06-15T07:14:39.602+0000] {logging_mixin.py:188} INFO - [2026-06-15T07:14:39.601+0000] {dagbag.py:545} INFO - Filling up the DagBag from /opt/airflow/dags/bi_masan_pipeline.py
[2026-06-15T07:14:39.611+0000] {processor.py:840} INFO - DAG(s) 'bi_masan_revenue_pipeline' retrieved from /opt/airflow/dags/bi_masan_pipeline.py
[2026-06-15T07:14:39.627+0000] {logging_mixin.py:188} INFO - [2026-06-15T07:14:39.627+0000] {dag.py:3089} INFO - Sync 1 DAGs
[2026-06-15T07:14:39.635+0000] {logging_mixin.py:188} INFO - [2026-06-15T07:14:39.635+0000] {dag.py:3947} INFO - Setting next_dagrun for bi_masan_revenue_pipeline to 2026-06-15 00:00:00+00:00, run_after=2026-06-16 00:00:00+00:00
[2026-06-15T07:14:39.645+0000] {processor.py:183} INFO - Processing /opt/airflow/dags/bi_masan_pipeline.py took 0.051 seconds
[2026-06-15T07:15:09.762+0000] {processor.py:161} INFO - Started process (PID=1732) to work on /opt/airflow/dags/bi_masan_pipeline.py
[2026-06-15T07:15:09.763+0000] {processor.py:830} INFO - Processing file /opt/airflow/dags/bi_masan_pipeline.py for tasks to queue
[2026-06-15T07:15:09.764+0000] {logging_mixin.py:188} INFO - [2026-06-15T07:15:09.764+0000] {dagbag.py:545} INFO - Filling up the DagBag from /opt/airflow/dags/bi_masan_pipeline.py
[2026-06-15T07:15:09.771+0000] {processor.py:840} INFO - DAG(s) 'bi_masan_revenue_pipeline' retrieved from /opt/airflow/dags/bi_masan_pipeline.py
[2026-06-15T07:15:09.785+0000] {logging_mixin.py:188} INFO - [2026-06-15T07:15:09.785+0000] {dag.py:3089} INFO - Sync 1 DAGs
[2026-06-15T07:15:09.794+0000] {logging_mixin.py:188} INFO - [2026-06-15T07:15:09.794+0000] {dag.py:3947} INFO - Setting next_dagrun for bi_masan_revenue_pipeline to 2026-06-15 00:00:00+00:00, run_after=2026-06-16 00:00:00+00:00
[2026-06-15T07:15:09.804+0000] {processor.py:183} INFO - Processing /opt/airflow/dags/bi_masan_pipeline.py took 0.046 seconds
[2026-06-15T07:15:39.890+0000] {processor.py:161} INFO - Started process (PID=1733) to work on /opt/airflow/dags/bi_masan_pipeline.py
[2026-06-15T07:15:39.893+0000] {processor.py:830} INFO - Processing file /opt/airflow/dags/bi_masan_pipeline.py for tasks to queue
[2026-06-15T07:15:39.895+0000] {logging_mixin.py:188} INFO - [2026-06-15T07:15:39.894+0000] {dagbag.py:545} INFO - Filling up the DagBag from /opt/airflow/dags/bi_masan_pipeline.py
[2026-06-15T07:15:39.905+0000] {processor.py:840} INFO - DAG(s) 'bi_masan_revenue_pipeline' retrieved from /opt/airflow/dags/bi_masan_pipeline.py
[2026-06-15T07:15:39.916+0000] {logging_mixin.py:188} INFO - [2026-06-15T07:15:39.916+0000] {dag.py:3089} INFO - Sync 1 DAGs
[2026-06-15T07:15:39.924+0000] {logging_mixin.py:188} INFO - [2026-06-15T07:15:39.924+0000] {dag.py:3947} INFO - Setting next_dagrun for bi_masan_revenue_pipeline to 2026-06-15 00:00:00+00:00, run_after=2026-06-16 00:00:00+00:00
[2026-06-15T07:15:39.934+0000] {processor.py:183} INFO - Processing /opt/airflow/dags/bi_masan_pipeline.py took 0.049 seconds
[2026-06-15T07:16:10.027+0000] {processor.py:161} INFO - Started process (PID=1734) to work on /opt/airflow/dags/bi_masan_pipeline.py
[2026-06-15T07:16:10.028+0000] {processor.py:830} INFO - Processing file /opt/airflow/dags/bi_masan_pipeline.py for tasks to queue
[2026-06-15T07:16:10.031+0000] {logging_mixin.py:188} INFO - [2026-06-15T07:16:10.030+0000] {dagbag.py:545} INFO - Filling up the DagBag from /opt/airflow/dags/bi_masan_pipeline.py
[2026-06-15T07:16:10.040+0000] {processor.py:840} INFO - DAG(s) 'bi_masan_revenue_pipeline' retrieved from /opt/airflow/dags/bi_masan_pipeline.py
[2026-06-15T07:16:10.053+0000] {logging_mixin.py:188} INFO - [2026-06-15T07:16:10.053+0000] {dag.py:3089} INFO - Sync 1 DAGs
[2026-06-15T07:16:10.061+0000] {logging_mixin.py:188} INFO - [2026-06-15T07:16:10.061+0000] {dag.py:3947} INFO - Setting next_dagrun for bi_masan_revenue_pipeline to 2026-06-15 00:00:00+00:00, run_after=2026-06-16 00:00:00+00:00
[2026-06-15T07:16:10.072+0000] {processor.py:183} INFO - Processing /opt/airflow/dags/bi_masan_pipeline.py took 0.053 seconds
[2026-06-15T07:16:40.867+0000] {processor.py:161} INFO - Started process (PID=1735) to work on /opt/airflow/dags/bi_masan_pipeline.py
[2026-06-15T07:16:40.869+0000] {processor.py:830} INFO - Processing file /opt/airflow/dags/bi_masan_pipeline.py for tasks to queue
[2026-06-15T07:16:40.871+0000] {logging_mixin.py:188} INFO - [2026-06-15T07:16:40.871+0000] {dagbag.py:545} INFO - Filling up the DagBag from /opt/airflow/dags/bi_masan_pipeline.py
[2026-06-15T07:16:40.881+0000] {processor.py:840} INFO - DAG(s) 'bi_masan_revenue_pipeline' retrieved from /opt/airflow/dags/bi_masan_pipeline.py
[2026-06-15T07:16:40.893+0000] {logging_mixin.py:188} INFO - [2026-06-15T07:16:40.893+0000] {dag.py:3089} INFO - Sync 1 DAGs
[2026-06-15T07:16:40.908+0000] {logging_mixin.py:188} INFO - [2026-06-15T07:16:40.908+0000] {dag.py:3947} INFO - Setting next_dagrun for bi_masan_revenue_pipeline to 2026-06-15 00:00:00+00:00, run_after=2026-06-16 00:00:00+00:00
[2026-06-15T07:16:41.004+0000] {processor.py:183} INFO - Processing /opt/airflow/dags/bi_masan_pipeline.py took 0.143 seconds
[2026-06-15T07:17:11.300+0000] {processor.py:161} INFO - Started process (PID=1736) to work on /opt/airflow/dags/bi_masan_pipeline.py
[2026-06-15T07:17:11.301+0000] {processor.py:830} INFO - Processing file /opt/airflow/dags/bi_masan_pipeline.py for tasks to queue
[2026-06-15T07:17:11.302+0000] {logging_mixin.py:188} INFO - [2026-06-15T07:17:11.301+0000] {dagbag.py:545} INFO - Filling up the DagBag from /opt/airflow/dags/bi_masan_pipeline.py
[2026-06-15T07:17:11.310+0000] {processor.py:840} INFO - DAG(s) 'bi_masan_revenue_pipeline' retrieved from /opt/airflow/dags/bi_masan_pipeline.py
[2026-06-15T07:17:11.324+0000] {logging_mixin.py:188} INFO - [2026-06-15T07:17:11.324+0000] {dag.py:3089} INFO - Sync 1 DAGs
[2026-06-15T07:17:11.401+0000] {logging_mixin.py:188} INFO - [2026-06-15T07:17:11.401+0000] {dag.py:3947} INFO - Setting next_dagrun for bi_masan_revenue_pipeline to 2026-06-15 00:00:00+00:00, run_after=2026-06-16 00:00:00+00:00
[2026-06-15T07:17:11.411+0000] {processor.py:183} INFO - Processing /opt/airflow/dags/bi_masan_pipeline.py took 0.117 seconds
[2026-06-15T07:17:43.206+0000] {processor.py:161} INFO - Started process (PID=1963) to work on /opt/airflow/dags/bi_masan_pipeline.py
[2026-06-15T07:17:43.208+0000] {processor.py:830} INFO - Processing file /opt/airflow/dags/bi_masan_pipeline.py for tasks to queue
[2026-06-15T07:17:43.209+0000] {logging_mixin.py:188} INFO - [2026-06-15T07:17:43.208+0000] {dagbag.py:545} INFO - Filling up the DagBag from /opt/airflow/dags/bi_masan_pipeline.py
[2026-06-15T07:17:43.214+0000] {processor.py:840} INFO - DAG(s) 'bi_masan_revenue_pipeline' retrieved from /opt/airflow/dags/bi_masan_pipeline.py
[2026-06-15T07:17:43.226+0000] {logging_mixin.py:188} INFO - [2026-06-15T07:17:43.226+0000] {dag.py:3089} INFO - Sync 1 DAGs
[2026-06-15T07:17:43.297+0000] {logging_mixin.py:188} INFO - [2026-06-15T07:17:43.296+0000] {dag.py:3947} INFO - Setting next_dagrun for bi_masan_revenue_pipeline to 2026-06-15 00:00:00+00:00, run_after=2026-06-16 00:00:00+00:00
[2026-06-15T07:17:43.306+0000] {processor.py:183} INFO - Processing /opt/airflow/dags/bi_masan_pipeline.py took 0.103 seconds
[2026-06-15T07:18:14.422+0000] {processor.py:161} INFO - Started process (PID=2190) to work on /opt/airflow/dags/bi_masan_pipeline.py
[2026-06-15T07:18:14.423+0000] {processor.py:830} INFO - Processing file /opt/airflow/dags/bi_masan_pipeline.py for tasks to queue
[2026-06-15T07:18:14.423+0000] {logging_mixin.py:188} INFO - [2026-06-15T07:18:14.423+0000] {dagbag.py:545} INFO - Filling up the DagBag from /opt/airflow/dags/bi_masan_pipeline.py
[2026-06-15T07:18:14.429+0000] {processor.py:840} INFO - DAG(s) 'bi_masan_revenue_pipeline' retrieved from /opt/airflow/dags/bi_masan_pipeline.py
[2026-06-15T07:18:14.505+0000] {logging_mixin.py:188} INFO - [2026-06-15T07:18:14.504+0000] {dag.py:3089} INFO - Sync 1 DAGs
[2026-06-15T07:18:14.512+0000] {logging_mixin.py:188} INFO - [2026-06-15T07:18:14.512+0000] {dag.py:3947} INFO - Setting next_dagrun for bi_masan_revenue_pipeline to 2026-06-15 00:00:00+00:00, run_after=2026-06-16 00:00:00+00:00
[2026-06-15T07:18:14.521+0000] {processor.py:183} INFO - Processing /opt/airflow/dags/bi_masan_pipeline.py took 0.104 seconds
[2026-06-15T07:18:44.692+0000] {processor.py:161} INFO - Started process (PID=2191) to work on /opt/airflow/dags/bi_masan_pipeline.py
[2026-06-15T07:18:44.694+0000] {processor.py:830} INFO - Processing file /opt/airflow/dags/bi_masan_pipeline.py for tasks to queue
[2026-06-15T07:18:44.695+0000] {logging_mixin.py:188} INFO - [2026-06-15T07:18:44.695+0000] {dagbag.py:545} INFO - Filling up the DagBag from /opt/airflow/dags/bi_masan_pipeline.py
[2026-06-15T07:18:44.702+0000] {processor.py:840} INFO - DAG(s) 'bi_masan_revenue_pipeline' retrieved from /opt/airflow/dags/bi_masan_pipeline.py
[2026-06-15T07:18:44.804+0000] {logging_mixin.py:188} INFO - [2026-06-15T07:18:44.804+0000] {dag.py:3089} INFO - Sync 1 DAGs
[2026-06-15T07:18:44.815+0000] {logging_mixin.py:188} INFO - [2026-06-15T07:18:44.815+0000] {dag.py:3947} INFO - Setting next_dagrun for bi_masan_revenue_pipeline to 2026-06-15 00:00:00+00:00, run_after=2026-06-16 00:00:00+00:00
[2026-06-15T07:18:44.825+0000] {processor.py:183} INFO - Processing /opt/airflow/dags/bi_masan_pipeline.py took 0.138 seconds
[2026-06-15T07:19:15.016+0000] {processor.py:161} INFO - Started process (PID=2192) to work on /opt/airflow/dags/bi_masan_pipeline.py
[2026-06-15T07:19:15.016+0000] {processor.py:830} INFO - Processing file /opt/airflow/dags/bi_masan_pipeline.py for tasks to queue
[2026-06-15T07:19:15.017+0000] {logging_mixin.py:188} INFO - [2026-06-15T07:19:15.017+0000] {dagbag.py:545} INFO - Filling up the DagBag from /opt/airflow/dags/bi_masan_pipeline.py
[2026-06-15T07:19:15.023+0000] {processor.py:840} INFO - DAG(s) 'bi_masan_revenue_pipeline' retrieved from /opt/airflow/dags/bi_masan_pipeline.py
[2026-06-15T07:19:15.035+0000] {logging_mixin.py:188} INFO - [2026-06-15T07:19:15.035+0000] {dag.py:3089} INFO - Sync 1 DAGs
[2026-06-15T07:19:15.044+0000] {logging_mixin.py:188} INFO - [2026-06-15T07:19:15.044+0000] {dag.py:3947} INFO - Setting next_dagrun for bi_masan_revenue_pipeline to 2026-06-15 00:00:00+00:00, run_after=2026-06-16 00:00:00+00:00
[2026-06-15T07:19:15.053+0000] {processor.py:183} INFO - Processing /opt/airflow/dags/bi_masan_pipeline.py took 0.040 seconds
[2026-06-15T07:19:45.167+0000] {processor.py:161} INFO - Started process (PID=2193) to work on /opt/airflow/dags/bi_masan_pipeline.py
[2026-06-15T07:19:45.169+0000] {processor.py:830} INFO - Processing file /opt/airflow/dags/bi_masan_pipeline.py for tasks to queue
[2026-06-15T07:19:45.171+0000] {logging_mixin.py:188} INFO - [2026-06-15T07:19:45.170+0000] {dagbag.py:545} INFO - Filling up the DagBag from /opt/airflow/dags/bi_masan_pipeline.py
[2026-06-15T07:19:45.180+0000] {processor.py:840} INFO - DAG(s) 'bi_masan_revenue_pipeline' retrieved from /opt/airflow/dags/bi_masan_pipeline.py
[2026-06-15T07:19:45.193+0000] {logging_mixin.py:188} INFO - [2026-06-15T07:19:45.193+0000] {dag.py:3089} INFO - Sync 1 DAGs
[2026-06-15T07:19:45.203+0000] {logging_mixin.py:188} INFO - [2026-06-15T07:19:45.203+0000] {dag.py:3947} INFO - Setting next_dagrun for bi_masan_revenue_pipeline to 2026-06-15 00:00:00+00:00, run_after=2026-06-16 00:00:00+00:00
[2026-06-15T07:19:45.215+0000] {processor.py:183} INFO - Processing /opt/airflow/dags/bi_masan_pipeline.py took 0.052 seconds
[2026-06-15T07:20:15.405+0000] {processor.py:161} INFO - Started process (PID=2194) to work on /opt/airflow/dags/bi_masan_pipeline.py
[2026-06-15T07:20:15.405+0000] {processor.py:830} INFO - Processing file /opt/airflow/dags/bi_masan_pipeline.py for tasks to queue
[2026-06-15T07:20:15.406+0000] {logging_mixin.py:188} INFO - [2026-06-15T07:20:15.406+0000] {dagbag.py:545} INFO - Filling up the DagBag from /opt/airflow/dags/bi_masan_pipeline.py
[2026-06-15T07:20:15.412+0000] {processor.py:840} INFO - DAG(s) 'bi_masan_revenue_pipeline' retrieved from /opt/airflow/dags/bi_masan_pipeline.py
[2026-06-15T07:20:15.423+0000] {logging_mixin.py:188} INFO - [2026-06-15T07:20:15.423+0000] {dag.py:3089} INFO - Sync 1 DAGs
[2026-06-15T07:20:15.432+0000] {logging_mixin.py:188} INFO - [2026-06-15T07:20:15.432+0000] {dag.py:3947} INFO - Setting next_dagrun for bi_masan_revenue_pipeline to 2026-06-15 00:00:00+00:00, run_after=2026-06-16 00:00:00+00:00
[2026-06-15T07:20:15.443+0000] {processor.py:183} INFO - Processing /opt/airflow/dags/bi_masan_pipeline.py took 0.043 seconds
[2026-06-15T07:20:45.627+0000] {processor.py:161} INFO - Started process (PID=2195) to work on /opt/airflow/dags/bi_masan_pipeline.py
[2026-06-15T07:20:45.627+0000] {processor.py:830} INFO - Processing file /opt/airflow/dags/bi_masan_pipeline.py for tasks to queue
[2026-06-15T07:20:45.628+0000] {logging_mixin.py:188} INFO - [2026-06-15T07:20:45.628+0000] {dagbag.py:545} INFO - Filling up the DagBag from /opt/airflow/dags/bi_masan_pipeline.py
[2026-06-15T07:20:45.635+0000] {processor.py:840} INFO - DAG(s) 'bi_masan_revenue_pipeline' retrieved from /opt/airflow/dags/bi_masan_pipeline.py
[2026-06-15T07:20:45.648+0000] {logging_mixin.py:188} INFO - [2026-06-15T07:20:45.647+0000] {dag.py:3089} INFO - Sync 1 DAGs
[2026-06-15T07:20:45.657+0000] {logging_mixin.py:188} INFO - [2026-06-15T07:20:45.657+0000] {dag.py:3947} INFO - Setting next_dagrun for bi_masan_revenue_pipeline to 2026-06-15 00:00:00+00:00, run_after=2026-06-16 00:00:00+00:00
[2026-06-15T07:20:45.665+0000] {processor.py:183} INFO - Processing /opt/airflow/dags/bi_masan_pipeline.py took 0.043 seconds
[2026-06-15T07:21:21.592+0000] {processor.py:161} INFO - Started process (PID=3327) to work on /opt/airflow/dags/bi_masan_pipeline.py
[2026-06-15T07:21:21.594+0000] {processor.py:830} INFO - Processing file /opt/airflow/dags/bi_masan_pipeline.py for tasks to queue
[2026-06-15T07:21:21.595+0000] {logging_mixin.py:188} INFO - [2026-06-15T07:21:21.594+0000] {dagbag.py:545} INFO - Filling up the DagBag from /opt/airflow/dags/bi_masan_pipeline.py
[2026-06-15T07:21:21.601+0000] {processor.py:840} INFO - DAG(s) 'bi_masan_revenue_pipeline' retrieved from /opt/airflow/dags/bi_masan_pipeline.py
[2026-06-15T07:21:21.614+0000] {logging_mixin.py:188} INFO - [2026-06-15T07:21:21.613+0000] {dag.py:3089} INFO - Sync 1 DAGs
[2026-06-15T07:21:21.623+0000] {logging_mixin.py:188} INFO - [2026-06-15T07:21:21.622+0000] {dag.py:3947} INFO - Setting next_dagrun for bi_masan_revenue_pipeline to 2026-06-15 00:00:00+00:00, run_after=2026-06-16 00:00:00+00:00
[2026-06-15T07:21:21.632+0000] {processor.py:183} INFO - Processing /opt/airflow/dags/bi_masan_pipeline.py took 0.042 seconds
[2026-06-15T07:21:58.259+0000] {processor.py:161} INFO - Started process (PID=5206) to work on /opt/airflow/dags/bi_masan_pipeline.py
[2026-06-15T07:21:58.260+0000] {processor.py:830} INFO - Processing file /opt/airflow/dags/bi_masan_pipeline.py for tasks to queue
[2026-06-15T07:21:58.260+0000] {logging_mixin.py:188} INFO - [2026-06-15T07:21:58.260+0000] {dagbag.py:545} INFO - Filling up the DagBag from /opt/airflow/dags/bi_masan_pipeline.py
[2026-06-15T07:21:58.267+0000] {processor.py:840} INFO - DAG(s) 'bi_masan_revenue_pipeline' retrieved from /opt/airflow/dags/bi_masan_pipeline.py
[2026-06-15T07:21:58.281+0000] {logging_mixin.py:188} INFO - [2026-06-15T07:21:58.281+0000] {dag.py:3089} INFO - Sync 1 DAGs
[2026-06-15T07:21:58.291+0000] {logging_mixin.py:188} INFO - [2026-06-15T07:21:58.291+0000] {dag.py:3947} INFO - Setting next_dagrun for bi_masan_revenue_pipeline to 2026-06-15 00:00:00+00:00, run_after=2026-06-16 00:00:00+00:00
[2026-06-15T07:21:58.301+0000] {processor.py:183} INFO - Processing /opt/airflow/dags/bi_masan_pipeline.py took 0.045 seconds
[2026-06-15T07:22:28.444+0000] {processor.py:161} INFO - Started process (PID=6188) to work on /opt/airflow/dags/bi_masan_pipeline.py
[2026-06-15T07:22:28.444+0000] {processor.py:830} INFO - Processing file /opt/airflow/dags/bi_masan_pipeline.py for tasks to queue
[2026-06-15T07:22:28.445+0000] {logging_mixin.py:188} INFO - [2026-06-15T07:22:28.445+0000] {dagbag.py:545} INFO - Filling up the DagBag from /opt/airflow/dags/bi_masan_pipeline.py
[2026-06-15T07:22:28.451+0000] {processor.py:840} INFO - DAG(s) 'bi_masan_revenue_pipeline' retrieved from /opt/airflow/dags/bi_masan_pipeline.py
[2026-06-15T07:22:28.464+0000] {logging_mixin.py:188} INFO - [2026-06-15T07:22:28.464+0000] {dag.py:3089} INFO - Sync 1 DAGs
[2026-06-15T07:22:28.473+0000] {logging_mixin.py:188} INFO - [2026-06-15T07:22:28.473+0000] {dag.py:3947} INFO - Setting next_dagrun for bi_masan_revenue_pipeline to 2026-06-15 00:00:00+00:00, run_after=2026-06-16 00:00:00+00:00
[2026-06-15T07:22:28.483+0000] {processor.py:183} INFO - Processing /opt/airflow/dags/bi_masan_pipeline.py took 0.042 seconds
[2026-06-15T07:22:58.759+0000] {processor.py:161} INFO - Started process (PID=6189) to work on /opt/airflow/dags/bi_masan_pipeline.py
[2026-06-15T07:22:58.761+0000] {processor.py:830} INFO - Processing file /opt/airflow/dags/bi_masan_pipeline.py for tasks to queue
[2026-06-15T07:22:58.762+0000] {logging_mixin.py:188} INFO - [2026-06-15T07:22:58.762+0000] {dagbag.py:545} INFO - Filling up the DagBag from /opt/airflow/dags/bi_masan_pipeline.py
[2026-06-15T07:22:58.771+0000] {processor.py:840} INFO - DAG(s) 'bi_masan_revenue_pipeline' retrieved from /opt/airflow/dags/bi_masan_pipeline.py
[2026-06-15T07:22:58.786+0000] {logging_mixin.py:188} INFO - [2026-06-15T07:22:58.785+0000] {dag.py:3089} INFO - Sync 1 DAGs
[2026-06-15T07:22:58.794+0000] {logging_mixin.py:188} INFO - [2026-06-15T07:22:58.794+0000] {dag.py:3947} INFO - Setting next_dagrun for bi_masan_revenue_pipeline to 2026-06-15 00:00:00+00:00, run_after=2026-06-16 00:00:00+00:00
[2026-06-15T07:22:58.804+0000] {processor.py:183} INFO - Processing /opt/airflow/dags/bi_masan_pipeline.py took 0.050 seconds
[2026-06-15T07:23:28.970+0000] {processor.py:161} INFO - Started process (PID=6190) to work on /opt/airflow/dags/bi_masan_pipeline.py
[2026-06-15T07:23:28.971+0000] {processor.py:830} INFO - Processing file /opt/airflow/dags/bi_masan_pipeline.py for tasks to queue
[2026-06-15T07:23:28.972+0000] {logging_mixin.py:188} INFO - [2026-06-15T07:23:28.972+0000] {dagbag.py:545} INFO - Filling up the DagBag from /opt/airflow/dags/bi_masan_pipeline.py
[2026-06-15T07:23:28.981+0000] {processor.py:840} INFO - DAG(s) 'bi_masan_revenue_pipeline' retrieved from /opt/airflow/dags/bi_masan_pipeline.py
[2026-06-15T07:23:28.995+0000] {logging_mixin.py:188} INFO - [2026-06-15T07:23:28.995+0000] {dag.py:3089} INFO - Sync 1 DAGs
[2026-06-15T07:23:29.004+0000] {logging_mixin.py:188} INFO - [2026-06-15T07:23:29.004+0000] {dag.py:3947} INFO - Setting next_dagrun for bi_masan_revenue_pipeline to 2026-06-15 00:00:00+00:00, run_after=2026-06-16 00:00:00+00:00
[2026-06-15T07:23:29.013+0000] {processor.py:183} INFO - Processing /opt/airflow/dags/bi_masan_pipeline.py took 0.047 seconds
[2026-06-15T07:23:59.330+0000] {processor.py:161} INFO - Started process (PID=6191) to work on /opt/airflow/dags/bi_masan_pipeline.py
[2026-06-15T07:23:59.332+0000] {processor.py:830} INFO - Processing file /opt/airflow/dags/bi_masan_pipeline.py for tasks to queue
[2026-06-15T07:23:59.333+0000] {logging_mixin.py:188} INFO - [2026-06-15T07:23:59.333+0000] {dagbag.py:545} INFO - Filling up the DagBag from /opt/airflow/dags/bi_masan_pipeline.py
[2026-06-15T07:23:59.340+0000] {processor.py:840} INFO - DAG(s) 'bi_masan_revenue_pipeline' retrieved from /opt/airflow/dags/bi_masan_pipeline.py
[2026-06-15T07:23:59.352+0000] {logging_mixin.py:188} INFO - [2026-06-15T07:23:59.352+0000] {dag.py:3089} INFO - Sync 1 DAGs
[2026-06-15T07:23:59.360+0000] {logging_mixin.py:188} INFO - [2026-06-15T07:23:59.360+0000] {dag.py:3947} INFO - Setting next_dagrun for bi_masan_revenue_pipeline to 2026-06-15 00:00:00+00:00, run_after=2026-06-16 00:00:00+00:00
[2026-06-15T07:23:59.370+0000] {processor.py:183} INFO - Processing /opt/airflow/dags/bi_masan_pipeline.py took 0.046 seconds
[2026-06-15T07:24:29.571+0000] {processor.py:161} INFO - Started process (PID=6192) to work on /opt/airflow/dags/bi_masan_pipeline.py
[2026-06-15T07:24:29.571+0000] {processor.py:830} INFO - Processing file /opt/airflow/dags/bi_masan_pipeline.py for tasks to queue
[2026-06-15T07:24:29.572+0000] {logging_mixin.py:188} INFO - [2026-06-15T07:24:29.572+0000] {dagbag.py:545} INFO - Filling up the DagBag from /opt/airflow/dags/bi_masan_pipeline.py
[2026-06-15T07:24:29.579+0000] {processor.py:840} INFO - DAG(s) 'bi_masan_revenue_pipeline' retrieved from /opt/airflow/dags/bi_masan_pipeline.py
[2026-06-15T07:24:29.592+0000] {logging_mixin.py:188} INFO - [2026-06-15T07:24:29.592+0000] {dag.py:3089} INFO - Sync 1 DAGs
[2026-06-15T07:24:29.601+0000] {logging_mixin.py:188} INFO - [2026-06-15T07:24:29.601+0000] {dag.py:3947} INFO - Setting next_dagrun for bi_masan_revenue_pipeline to 2026-06-15 00:00:00+00:00, run_after=2026-06-16 00:00:00+00:00
[2026-06-15T07:24:29.611+0000] {processor.py:183} INFO - Processing /opt/airflow/dags/bi_masan_pipeline.py took 0.043 seconds
[2026-06-15T07:25:00.417+0000] {processor.py:161} INFO - Started process (PID=6193) to work on /opt/airflow/dags/bi_masan_pipeline.py
[2026-06-15T07:25:00.419+0000] {processor.py:830} INFO - Processing file /opt/airflow/dags/bi_masan_pipeline.py for tasks to queue
[2026-06-15T07:25:00.420+0000] {logging_mixin.py:188} INFO - [2026-06-15T07:25:00.420+0000] {dagbag.py:545} INFO - Filling up the DagBag from /opt/airflow/dags/bi_masan_pipeline.py
[2026-06-15T07:25:00.426+0000] {processor.py:840} INFO - DAG(s) 'bi_masan_revenue_pipeline' retrieved from /opt/airflow/dags/bi_masan_pipeline.py
[2026-06-15T07:25:00.439+0000] {logging_mixin.py:188} INFO - [2026-06-15T07:25:00.439+0000] {dag.py:3089} INFO - Sync 1 DAGs
[2026-06-15T07:25:00.448+0000] {logging_mixin.py:188} INFO - [2026-06-15T07:25:00.448+0000] {dag.py:3947} INFO - Setting next_dagrun for bi_masan_revenue_pipeline to 2026-06-15 00:00:00+00:00, run_after=2026-06-16 00:00:00+00:00
[2026-06-15T07:25:00.457+0000] {processor.py:183} INFO - Processing /opt/airflow/dags/bi_masan_pipeline.py took 0.045 seconds
[2026-06-15T07:25:31.037+0000] {processor.py:161} INFO - Started process (PID=6194) to work on /opt/airflow/dags/bi_masan_pipeline.py
[2026-06-15T07:25:31.038+0000] {processor.py:830} INFO - Processing file /opt/airflow/dags/bi_masan_pipeline.py for tasks to queue
[2026-06-15T07:25:31.040+0000] {logging_mixin.py:188} INFO - [2026-06-15T07:25:31.039+0000] {dagbag.py:545} INFO - Filling up the DagBag from /opt/airflow/dags/bi_masan_pipeline.py
[2026-06-15T07:25:31.048+0000] {processor.py:840} INFO - DAG(s) 'bi_masan_revenue_pipeline' retrieved from /opt/airflow/dags/bi_masan_pipeline.py
[2026-06-15T07:25:31.061+0000] {logging_mixin.py:188} INFO - [2026-06-15T07:25:31.061+0000] {dag.py:3089} INFO - Sync 1 DAGs
[2026-06-15T07:25:31.071+0000] {logging_mixin.py:188} INFO - [2026-06-15T07:25:31.071+0000] {dag.py:3947} INFO - Setting next_dagrun for bi_masan_revenue_pipeline to 2026-06-15 00:00:00+00:00, run_after=2026-06-16 00:00:00+00:00
[2026-06-15T07:25:31.082+0000] {processor.py:183} INFO - Processing /opt/airflow/dags/bi_masan_pipeline.py took 0.055 seconds
[2026-06-15T07:26:01.368+0000] {processor.py:161} INFO - Started process (PID=6195) to work on /opt/airflow/dags/bi_masan_pipeline.py
[2026-06-15T07:26:01.371+0000] {processor.py:830} INFO - Processing file /opt/airflow/dags/bi_masan_pipeline.py for tasks to queue
[2026-06-15T07:26:01.374+0000] {logging_mixin.py:188} INFO - [2026-06-15T07:26:01.373+0000] {dagbag.py:545} INFO - Filling up the DagBag from /opt/airflow/dags/bi_masan_pipeline.py
[2026-06-15T07:26:01.398+0000] {processor.py:840} INFO - DAG(s) 'bi_masan_revenue_pipeline' retrieved from /opt/airflow/dags/bi_masan_pipeline.py
[2026-06-15T07:26:01.415+0000] {logging_mixin.py:188} INFO - [2026-06-15T07:26:01.415+0000] {dag.py:3089} INFO - Sync 1 DAGs
[2026-06-15T07:26:01.425+0000] {logging_mixin.py:188} INFO - [2026-06-15T07:26:01.425+0000] {dag.py:3947} INFO - Setting next_dagrun for bi_masan_revenue_pipeline to 2026-06-15 00:00:00+00:00, run_after=2026-06-16 00:00:00+00:00
[2026-06-15T07:26:01.435+0000] {processor.py:183} INFO - Processing /opt/airflow/dags/bi_masan_pipeline.py took 0.078 seconds
[2026-06-15T07:26:31.743+0000] {processor.py:161} INFO - Started process (PID=6196) to work on /opt/airflow/dags/bi_masan_pipeline.py
[2026-06-15T07:26:31.744+0000] {processor.py:830} INFO - Processing file /opt/airflow/dags/bi_masan_pipeline.py for tasks to queue
[2026-06-15T07:26:31.745+0000] {logging_mixin.py:188} INFO - [2026-06-15T07:26:31.745+0000] {dagbag.py:545} INFO - Filling up the DagBag from /opt/airflow/dags/bi_masan_pipeline.py
[2026-06-15T07:26:31.757+0000] {processor.py:840} INFO - DAG(s) 'bi_masan_revenue_pipeline' retrieved from /opt/airflow/dags/bi_masan_pipeline.py
[2026-06-15T07:26:31.773+0000] {logging_mixin.py:188} INFO - [2026-06-15T07:26:31.773+0000] {dag.py:3089} INFO - Sync 1 DAGs
[2026-06-15T07:26:31.784+0000] {logging_mixin.py:188} INFO - [2026-06-15T07:26:31.784+0000] {dag.py:3947} INFO - Setting next_dagrun for bi_masan_revenue_pipeline to 2026-06-15 00:00:00+00:00, run_after=2026-06-16 00:00:00+00:00
[2026-06-15T07:26:31.794+0000] {processor.py:183} INFO - Processing /opt/airflow/dags/bi_masan_pipeline.py took 0.057 seconds
[2026-06-15T07:27:02.103+0000] {processor.py:161} INFO - Started process (PID=6197) to work on /opt/airflow/dags/bi_masan_pipeline.py
[2026-06-15T07:27:02.105+0000] {processor.py:830} INFO - Processing file /opt/airflow/dags/bi_masan_pipeline.py for tasks to queue
[2026-06-15T07:27:02.107+0000] {logging_mixin.py:188} INFO - [2026-06-15T07:27:02.106+0000] {dagbag.py:545} INFO - Filling up the DagBag from /opt/airflow/dags/bi_masan_pipeline.py
[2026-06-15T07:27:02.117+0000] {processor.py:840} INFO - DAG(s) 'bi_masan_revenue_pipeline' retrieved from /opt/airflow/dags/bi_masan_pipeline.py
[2026-06-15T07:27:02.131+0000] {logging_mixin.py:188} INFO - [2026-06-15T07:27:02.131+0000] {dag.py:3089} INFO - Sync 1 DAGs
[2026-06-15T07:27:02.140+0000] {logging_mixin.py:188} INFO - [2026-06-15T07:27:02.140+0000] {dag.py:3947} INFO - Setting next_dagrun for bi_masan_revenue_pipeline to 2026-06-15 00:00:00+00:00, run_after=2026-06-16 00:00:00+00:00
[2026-06-15T07:27:02.150+0000] {processor.py:183} INFO - Processing /opt/airflow/dags/bi_masan_pipeline.py took 0.053 seconds
[2026-06-15T07:27:32.486+0000] {processor.py:161} INFO - Started process (PID=6472) to work on /opt/airflow/dags/bi_masan_pipeline.py
[2026-06-15T07:27:32.487+0000] {processor.py:830} INFO - Processing file /opt/airflow/dags/bi_masan_pipeline.py for tasks to queue
[2026-06-15T07:27:32.488+0000] {logging_mixin.py:188} INFO - [2026-06-15T07:27:32.488+0000] {dagbag.py:545} INFO - Filling up the DagBag from /opt/airflow/dags/bi_masan_pipeline.py
[2026-06-15T07:27:32.498+0000] {processor.py:840} INFO - DAG(s) 'bi_masan_revenue_pipeline' retrieved from /opt/airflow/dags/bi_masan_pipeline.py
[2026-06-15T07:27:32.512+0000] {logging_mixin.py:188} INFO - [2026-06-15T07:27:32.512+0000] {dag.py:3089} INFO - Sync 1 DAGs
[2026-06-15T07:27:32.521+0000] {logging_mixin.py:188} INFO - [2026-06-15T07:27:32.521+0000] {dag.py:3947} INFO - Setting next_dagrun for bi_masan_revenue_pipeline to 2026-06-15 00:00:00+00:00, run_after=2026-06-16 00:00:00+00:00
[2026-06-15T07:27:32.531+0000] {processor.py:183} INFO - Processing /opt/airflow/dags/bi_masan_pipeline.py took 0.048 seconds
[2026-06-15T07:28:02.669+0000] {processor.py:161} INFO - Started process (PID=6473) to work on /opt/airflow/dags/bi_masan_pipeline.py
[2026-06-15T07:28:02.671+0000] {processor.py:830} INFO - Processing file /opt/airflow/dags/bi_masan_pipeline.py for tasks to queue
[2026-06-15T07:28:02.672+0000] {logging_mixin.py:188} INFO - [2026-06-15T07:28:02.672+0000] {dagbag.py:545} INFO - Filling up the DagBag from /opt/airflow/dags/bi_masan_pipeline.py
[2026-06-15T07:28:02.678+0000] {processor.py:840} INFO - DAG(s) 'bi_masan_revenue_pipeline' retrieved from /opt/airflow/dags/bi_masan_pipeline.py
[2026-06-15T07:28:02.692+0000] {logging_mixin.py:188} INFO - [2026-06-15T07:28:02.692+0000] {dag.py:3089} INFO - Sync 1 DAGs
[2026-06-15T07:28:02.702+0000] {logging_mixin.py:188} INFO - [2026-06-15T07:28:02.702+0000] {dag.py:3947} INFO - Setting next_dagrun for bi_masan_revenue_pipeline to 2026-06-15 00:00:00+00:00, run_after=2026-06-16 00:00:00+00:00
[2026-06-15T07:28:02.713+0000] {processor.py:183} INFO - Processing /opt/airflow/dags/bi_masan_pipeline.py took 0.048 seconds
[2026-06-15T07:28:32.942+0000] {processor.py:161} INFO - Started process (PID=6474) to work on /opt/airflow/dags/bi_masan_pipeline.py
[2026-06-15T07:28:32.943+0000] {processor.py:830} INFO - Processing file /opt/airflow/dags/bi_masan_pipeline.py for tasks to queue
[2026-06-15T07:28:32.945+0000] {logging_mixin.py:188} INFO - [2026-06-15T07:28:32.944+0000] {dagbag.py:545} INFO - Filling up the DagBag from /opt/airflow/dags/bi_masan_pipeline.py
[2026-06-15T07:28:32.953+0000] {processor.py:840} INFO - DAG(s) 'bi_masan_revenue_pipeline' retrieved from /opt/airflow/dags/bi_masan_pipeline.py
[2026-06-15T07:28:32.966+0000] {logging_mixin.py:188} INFO - [2026-06-15T07:28:32.966+0000] {dag.py:3089} INFO - Sync 1 DAGs
[2026-06-15T07:28:32.974+0000] {logging_mixin.py:188} INFO - [2026-06-15T07:28:32.974+0000] {dag.py:3947} INFO - Setting next_dagrun for bi_masan_revenue_pipeline to 2026-06-15 00:00:00+00:00, run_after=2026-06-16 00:00:00+00:00
[2026-06-15T07:28:32.985+0000] {processor.py:183} INFO - Processing /opt/airflow/dags/bi_masan_pipeline.py took 0.053 seconds
[2026-06-15T07:29:03.159+0000] {processor.py:161} INFO - Started process (PID=6475) to work on /opt/airflow/dags/bi_masan_pipeline.py
[2026-06-15T07:29:03.161+0000] {processor.py:830} INFO - Processing file /opt/airflow/dags/bi_masan_pipeline.py for tasks to queue
[2026-06-15T07:29:03.162+0000] {logging_mixin.py:188} INFO - [2026-06-15T07:29:03.162+0000] {dagbag.py:545} INFO - Filling up the DagBag from /opt/airflow/dags/bi_masan_pipeline.py
[2026-06-15T07:29:03.171+0000] {processor.py:840} INFO - DAG(s) 'bi_masan_revenue_pipeline' retrieved from /opt/airflow/dags/bi_masan_pipeline.py
[2026-06-15T07:29:03.184+0000] {logging_mixin.py:188} INFO - [2026-06-15T07:29:03.184+0000] {dag.py:3089} INFO - Sync 1 DAGs
[2026-06-15T07:29:03.193+0000] {logging_mixin.py:188} INFO - [2026-06-15T07:29:03.193+0000] {dag.py:3947} INFO - Setting next_dagrun for bi_masan_revenue_pipeline to 2026-06-15 00:00:00+00:00, run_after=2026-06-16 00:00:00+00:00
[2026-06-15T07:29:03.203+0000] {processor.py:183} INFO - Processing /opt/airflow/dags/bi_masan_pipeline.py took 0.046 seconds
[2026-06-15T07:29:33.372+0000] {processor.py:161} INFO - Started process (PID=6476) to work on /opt/airflow/dags/bi_masan_pipeline.py
[2026-06-15T07:29:33.373+0000] {processor.py:830} INFO - Processing file /opt/airflow/dags/bi_masan_pipeline.py for tasks to queue
[2026-06-15T07:29:33.374+0000] {logging_mixin.py:188} INFO - [2026-06-15T07:29:33.374+0000] {dagbag.py:545} INFO - Filling up the DagBag from /opt/airflow/dags/bi_masan_pipeline.py
[2026-06-15T07:29:33.381+0000] {processor.py:840} INFO - DAG(s) 'bi_masan_revenue_pipeline' retrieved from /opt/airflow/dags/bi_masan_pipeline.py
[2026-06-15T07:29:33.396+0000] {logging_mixin.py:188} INFO - [2026-06-15T07:29:33.396+0000] {dag.py:3089} INFO - Sync 1 DAGs
[2026-06-15T07:29:33.406+0000] {logging_mixin.py:188} INFO - [2026-06-15T07:29:33.406+0000] {dag.py:3947} INFO - Setting next_dagrun for bi_masan_revenue_pipeline to 2026-06-15 00:00:00+00:00, run_after=2026-06-16 00:00:00+00:00
[2026-06-15T07:29:33.417+0000] {processor.py:183} INFO - Processing /opt/airflow/dags/bi_masan_pipeline.py took 0.048 seconds
[2026-06-15T07:30:03.628+0000] {processor.py:161} INFO - Started process (PID=6477) to work on /opt/airflow/dags/bi_masan_pipeline.py
[2026-06-15T07:30:03.631+0000] {processor.py:830} INFO - Processing file /opt/airflow/dags/bi_masan_pipeline.py for tasks to queue
[2026-06-15T07:30:03.632+0000] {logging_mixin.py:188} INFO - [2026-06-15T07:30:03.632+0000] {dagbag.py:545} INFO - Filling up the DagBag from /opt/airflow/dags/bi_masan_pipeline.py
[2026-06-15T07:30:03.645+0000] {processor.py:840} INFO - DAG(s) 'bi_masan_revenue_pipeline' retrieved from /opt/airflow/dags/bi_masan_pipeline.py
[2026-06-15T07:30:03.658+0000] {logging_mixin.py:188} INFO - [2026-06-15T07:30:03.658+0000] {dag.py:3089} INFO - Sync 1 DAGs
[2026-06-15T07:30:03.666+0000] {logging_mixin.py:188} INFO - [2026-06-15T07:30:03.666+0000] {dag.py:3947} INFO - Setting next_dagrun for bi_masan_revenue_pipeline to 2026-06-15 00:00:00+00:00, run_after=2026-06-16 00:00:00+00:00
[2026-06-15T07:30:03.676+0000] {processor.py:183} INFO - Processing /opt/airflow/dags/bi_masan_pipeline.py took 0.053 seconds
[2026-06-15T07:30:33.882+0000] {processor.py:161} INFO - Started process (PID=6478) to work on /opt/airflow/dags/bi_masan_pipeline.py
[2026-06-15T07:30:33.882+0000] {processor.py:830} INFO - Processing file /opt/airflow/dags/bi_masan_pipeline.py for tasks to queue
[2026-06-15T07:30:33.883+0000] {logging_mixin.py:188} INFO - [2026-06-15T07:30:33.883+0000] {dagbag.py:545} INFO - Filling up the DagBag from /opt/airflow/dags/bi_masan_pipeline.py
[2026-06-15T07:30:33.890+0000] {processor.py:840} INFO - DAG(s) 'bi_masan_revenue_pipeline' retrieved from /opt/airflow/dags/bi_masan_pipeline.py
[2026-06-15T07:30:33.903+0000] {logging_mixin.py:188} INFO - [2026-06-15T07:30:33.903+0000] {dag.py:3089} INFO - Sync 1 DAGs
[2026-06-15T07:30:33.912+0000] {logging_mixin.py:188} INFO - [2026-06-15T07:30:33.912+0000] {dag.py:3947} INFO - Setting next_dagrun for bi_masan_revenue_pipeline to 2026-06-15 00:00:00+00:00, run_after=2026-06-16 00:00:00+00:00
[2026-06-15T07:30:33.922+0000] {processor.py:183} INFO - Processing /opt/airflow/dags/bi_masan_pipeline.py took 0.044 seconds
[2026-06-15T07:31:04.122+0000] {processor.py:161} INFO - Started process (PID=6479) to work on /opt/airflow/dags/bi_masan_pipeline.py
[2026-06-15T07:31:04.124+0000] {processor.py:830} INFO - Processing file /opt/airflow/dags/bi_masan_pipeline.py for tasks to queue
[2026-06-15T07:31:04.125+0000] {logging_mixin.py:188} INFO - [2026-06-15T07:31:04.125+0000] {dagbag.py:545} INFO - Filling up the DagBag from /opt/airflow/dags/bi_masan_pipeline.py
[2026-06-15T07:31:04.133+0000] {processor.py:840} INFO - DAG(s) 'bi_masan_revenue_pipeline' retrieved from /opt/airflow/dags/bi_masan_pipeline.py
[2026-06-15T07:31:04.148+0000] {logging_mixin.py:188} INFO - [2026-06-15T07:31:04.147+0000] {dag.py:3089} INFO - Sync 1 DAGs
[2026-06-15T07:31:04.157+0000] {logging_mixin.py:188} INFO - [2026-06-15T07:31:04.157+0000] {dag.py:3947} INFO - Setting next_dagrun for bi_masan_revenue_pipeline to 2026-06-15 00:00:00+00:00, run_after=2026-06-16 00:00:00+00:00
[2026-06-15T07:31:04.168+0000] {processor.py:183} INFO - Processing /opt/airflow/dags/bi_masan_pipeline.py took 0.052 seconds
[2026-06-15T07:31:34.335+0000] {processor.py:161} INFO - Started process (PID=6480) to work on /opt/airflow/dags/bi_masan_pipeline.py
[2026-06-15T07:31:34.336+0000] {processor.py:830} INFO - Processing file /opt/airflow/dags/bi_masan_pipeline.py for tasks to queue
[2026-06-15T07:31:34.337+0000] {logging_mixin.py:188} INFO - [2026-06-15T07:31:34.336+0000] {dagbag.py:545} INFO - Filling up the DagBag from /opt/airflow/dags/bi_masan_pipeline.py
[2026-06-15T07:31:34.343+0000] {processor.py:840} INFO - DAG(s) 'bi_masan_revenue_pipeline' retrieved from /opt/airflow/dags/bi_masan_pipeline.py
[2026-06-15T07:31:34.356+0000] {logging_mixin.py:188} INFO - [2026-06-15T07:31:34.356+0000] {dag.py:3089} INFO - Sync 1 DAGs
[2026-06-15T07:31:34.365+0000] {logging_mixin.py:188} INFO - [2026-06-15T07:31:34.365+0000] {dag.py:3947} INFO - Setting next_dagrun for bi_masan_revenue_pipeline to 2026-06-15 00:00:00+00:00, run_after=2026-06-16 00:00:00+00:00
[2026-06-15T07:31:34.378+0000] {processor.py:183} INFO - Processing /opt/airflow/dags/bi_masan_pipeline.py took 0.047 seconds
[2026-06-15T07:32:04.543+0000] {processor.py:161} INFO - Started process (PID=6481) to work on /opt/airflow/dags/bi_masan_pipeline.py
[2026-06-15T07:32:04.545+0000] {processor.py:830} INFO - Processing file /opt/airflow/dags/bi_masan_pipeline.py for tasks to queue
[2026-06-15T07:32:04.547+0000] {logging_mixin.py:188} INFO - [2026-06-15T07:32:04.546+0000] {dagbag.py:545} INFO - Filling up the DagBag from /opt/airflow/dags/bi_masan_pipeline.py
[2026-06-15T07:32:04.555+0000] {processor.py:840} INFO - DAG(s) 'bi_masan_revenue_pipeline' retrieved from /opt/airflow/dags/bi_masan_pipeline.py
[2026-06-15T07:32:04.568+0000] {logging_mixin.py:188} INFO - [2026-06-15T07:32:04.568+0000] {dag.py:3089} INFO - Sync 1 DAGs
[2026-06-15T07:32:04.578+0000] {logging_mixin.py:188} INFO - [2026-06-15T07:32:04.578+0000] {dag.py:3947} INFO - Setting next_dagrun for bi_masan_revenue_pipeline to 2026-06-15 00:00:00+00:00, run_after=2026-06-16 00:00:00+00:00
[2026-06-15T07:32:04.588+0000] {processor.py:183} INFO - Processing /opt/airflow/dags/bi_masan_pipeline.py took 0.050 seconds
[2026-06-15T07:32:34.776+0000] {processor.py:161} INFO - Started process (PID=6482) to work on /opt/airflow/dags/bi_masan_pipeline.py
[2026-06-15T07:32:34.777+0000] {processor.py:830} INFO - Processing file /opt/airflow/dags/bi_masan_pipeline.py for tasks to queue
[2026-06-15T07:32:34.778+0000] {logging_mixin.py:188} INFO - [2026-06-15T07:32:34.778+0000] {dagbag.py:545} INFO - Filling up the DagBag from /opt/airflow/dags/bi_masan_pipeline.py
[2026-06-15T07:32:34.793+0000] {processor.py:840} INFO - DAG(s) 'bi_masan_revenue_pipeline' retrieved from /opt/airflow/dags/bi_masan_pipeline.py
[2026-06-15T07:32:34.818+0000] {logging_mixin.py:188} INFO - [2026-06-15T07:32:34.818+0000] {dag.py:3089} INFO - Sync 1 DAGs
[2026-06-15T07:32:34.830+0000] {logging_mixin.py:188} INFO - [2026-06-15T07:32:34.830+0000] {dag.py:3947} INFO - Setting next_dagrun for bi_masan_revenue_pipeline to 2026-06-15 00:00:00+00:00, run_after=2026-06-16 00:00:00+00:00
[2026-06-15T07:32:34.840+0000] {processor.py:183} INFO - Processing /opt/airflow/dags/bi_masan_pipeline.py took 0.068 seconds
[2026-06-15T07:33:04.980+0000] {processor.py:161} INFO - Started process (PID=6483) to work on /opt/airflow/dags/bi_masan_pipeline.py
[2026-06-15T07:33:04.982+0000] {processor.py:830} INFO - Processing file /opt/airflow/dags/bi_masan_pipeline.py for tasks to queue
[2026-06-15T07:33:04.983+0000] {logging_mixin.py:188} INFO - [2026-06-15T07:33:04.983+0000] {dagbag.py:545} INFO - Filling up the DagBag from /opt/airflow/dags/bi_masan_pipeline.py
[2026-06-15T07:33:04.990+0000] {processor.py:840} INFO - DAG(s) 'bi_masan_revenue_pipeline' retrieved from /opt/airflow/dags/bi_masan_pipeline.py
[2026-06-15T07:33:05.003+0000] {logging_mixin.py:188} INFO - [2026-06-15T07:33:05.003+0000] {dag.py:3089} INFO - Sync 1 DAGs
[2026-06-15T07:33:05.012+0000] {logging_mixin.py:188} INFO - [2026-06-15T07:33:05.012+0000] {dag.py:3947} INFO - Setting next_dagrun for bi_masan_revenue_pipeline to 2026-06-15 00:00:00+00:00, run_after=2026-06-16 00:00:00+00:00
[2026-06-15T07:33:05.022+0000] {processor.py:183} INFO - Processing /opt/airflow/dags/bi_masan_pipeline.py took 0.045 seconds
[2026-06-15T07:33:35.234+0000] {processor.py:161} INFO - Started process (PID=6484) to work on /opt/airflow/dags/bi_masan_pipeline.py
[2026-06-15T07:33:35.234+0000] {processor.py:830} INFO - Processing file /opt/airflow/dags/bi_masan_pipeline.py for tasks to queue
[2026-06-15T07:33:35.235+0000] {logging_mixin.py:188} INFO - [2026-06-15T07:33:35.235+0000] {dagbag.py:545} INFO - Filling up the DagBag from /opt/airflow/dags/bi_masan_pipeline.py
[2026-06-15T07:33:35.242+0000] {processor.py:840} INFO - DAG(s) 'bi_masan_revenue_pipeline' retrieved from /opt/airflow/dags/bi_masan_pipeline.py
[2026-06-15T07:33:35.254+0000] {logging_mixin.py:188} INFO - [2026-06-15T07:33:35.254+0000] {dag.py:3089} INFO - Sync 1 DAGs
[2026-06-15T07:33:35.263+0000] {logging_mixin.py:188} INFO - [2026-06-15T07:33:35.263+0000] {dag.py:3947} INFO - Setting next_dagrun for bi_masan_revenue_pipeline to 2026-06-15 00:00:00+00:00, run_after=2026-06-16 00:00:00+00:00
[2026-06-15T07:33:35.272+0000] {processor.py:183} INFO - Processing /opt/airflow/dags/bi_masan_pipeline.py took 0.043 seconds
[2026-06-15T07:34:05.440+0000] {processor.py:161} INFO - Started process (PID=6736) to work on /opt/airflow/dags/bi_masan_pipeline.py
[2026-06-15T07:34:05.442+0000] {processor.py:830} INFO - Processing file /opt/airflow/dags/bi_masan_pipeline.py for tasks to queue
[2026-06-15T07:34:05.444+0000] {logging_mixin.py:188} INFO - [2026-06-15T07:34:05.444+0000] {dagbag.py:545} INFO - Filling up the DagBag from /opt/airflow/dags/bi_masan_pipeline.py
[2026-06-15T07:34:05.461+0000] {processor.py:840} INFO - DAG(s) 'bi_masan_revenue_pipeline' retrieved from /opt/airflow/dags/bi_masan_pipeline.py
[2026-06-15T07:34:05.474+0000] {logging_mixin.py:188} INFO - [2026-06-15T07:34:05.474+0000] {dag.py:3089} INFO - Sync 1 DAGs
[2026-06-15T07:34:05.483+0000] {logging_mixin.py:188} INFO - [2026-06-15T07:34:05.483+0000] {dag.py:3947} INFO - Setting next_dagrun for bi_masan_revenue_pipeline to 2026-06-15 00:00:00+00:00, run_after=2026-06-16 00:00:00+00:00
[2026-06-15T07:34:05.492+0000] {processor.py:183} INFO - Processing /opt/airflow/dags/bi_masan_pipeline.py took 0.063 seconds
[2026-06-15T07:34:35.667+0000] {processor.py:161} INFO - Started process (PID=6737) to work on /opt/airflow/dags/bi_masan_pipeline.py
[2026-06-15T07:34:35.668+0000] {processor.py:830} INFO - Processing file /opt/airflow/dags/bi_masan_pipeline.py for tasks to queue
[2026-06-15T07:34:35.670+0000] {logging_mixin.py:188} INFO - [2026-06-15T07:34:35.670+0000] {dagbag.py:545} INFO - Filling up the DagBag from /opt/airflow/dags/bi_masan_pipeline.py
[2026-06-15T07:34:35.680+0000] {processor.py:840} INFO - DAG(s) 'bi_masan_revenue_pipeline' retrieved from /opt/airflow/dags/bi_masan_pipeline.py
[2026-06-15T07:34:35.693+0000] {logging_mixin.py:188} INFO - [2026-06-15T07:34:35.692+0000] {dag.py:3089} INFO - Sync 1 DAGs
[2026-06-15T07:34:35.701+0000] {logging_mixin.py:188} INFO - [2026-06-15T07:34:35.701+0000] {dag.py:3947} INFO - Setting next_dagrun for bi_masan_revenue_pipeline to 2026-06-15 00:00:00+00:00, run_after=2026-06-16 00:00:00+00:00
[2026-06-15T07:34:35.711+0000] {processor.py:183} INFO - Processing /opt/airflow/dags/bi_masan_pipeline.py took 0.048 seconds
[2026-06-15T07:35:06.625+0000] {processor.py:161} INFO - Started process (PID=6738) to work on /opt/airflow/dags/bi_masan_pipeline.py
[2026-06-15T07:35:06.627+0000] {processor.py:830} INFO - Processing file /opt/airflow/dags/bi_masan_pipeline.py for tasks to queue
[2026-06-15T07:35:06.628+0000] {logging_mixin.py:188} INFO - [2026-06-15T07:35:06.628+0000] {dagbag.py:545} INFO - Filling up the DagBag from /opt/airflow/dags/bi_masan_pipeline.py
[2026-06-15T07:35:06.638+0000] {processor.py:840} INFO - DAG(s) 'bi_masan_revenue_pipeline' retrieved from /opt/airflow/dags/bi_masan_pipeline.py
[2026-06-15T07:35:06.651+0000] {logging_mixin.py:188} INFO - [2026-06-15T07:35:06.651+0000] {dag.py:3089} INFO - Sync 1 DAGs
[2026-06-15T07:35:06.660+0000] {logging_mixin.py:188} INFO - [2026-06-15T07:35:06.660+0000] {dag.py:3947} INFO - Setting next_dagrun for bi_masan_revenue_pipeline to 2026-06-15 00:00:00+00:00, run_after=2026-06-16 00:00:00+00:00
[2026-06-15T07:35:06.671+0000] {processor.py:183} INFO - Processing /opt/airflow/dags/bi_masan_pipeline.py took 0.050 seconds
[2026-06-15T07:35:37.241+0000] {processor.py:161} INFO - Started process (PID=6739) to work on /opt/airflow/dags/bi_masan_pipeline.py
[2026-06-15T07:35:37.241+0000] {processor.py:830} INFO - Processing file /opt/airflow/dags/bi_masan_pipeline.py for tasks to queue
[2026-06-15T07:35:37.243+0000] {logging_mixin.py:188} INFO - [2026-06-15T07:35:37.242+0000] {dagbag.py:545} INFO - Filling up the DagBag from /opt/airflow/dags/bi_masan_pipeline.py
[2026-06-15T07:35:37.251+0000] {processor.py:840} INFO - DAG(s) 'bi_masan_revenue_pipeline' retrieved from /opt/airflow/dags/bi_masan_pipeline.py
[2026-06-15T07:35:37.264+0000] {logging_mixin.py:188} INFO - [2026-06-15T07:35:37.264+0000] {dag.py:3089} INFO - Sync 1 DAGs
[2026-06-15T07:35:37.272+0000] {logging_mixin.py:188} INFO - [2026-06-15T07:35:37.272+0000] {dag.py:3947} INFO - Setting next_dagrun for bi_masan_revenue_pipeline to 2026-06-15 00:00:00+00:00, run_after=2026-06-16 00:00:00+00:00
[2026-06-15T07:35:37.282+0000] {processor.py:183} INFO - Processing /opt/airflow/dags/bi_masan_pipeline.py took 0.046 seconds
[2026-06-15T07:36:07.691+0000] {processor.py:161} INFO - Started process (PID=6740) to work on /opt/airflow/dags/bi_masan_pipeline.py
[2026-06-15T07:36:07.692+0000] {processor.py:830} INFO - Processing file /opt/airflow/dags/bi_masan_pipeline.py for tasks to queue
[2026-06-15T07:36:07.694+0000] {logging_mixin.py:188} INFO - [2026-06-15T07:36:07.694+0000] {dagbag.py:545} INFO - Filling up the DagBag from /opt/airflow/dags/bi_masan_pipeline.py
[2026-06-15T07:36:07.702+0000] {processor.py:840} INFO - DAG(s) 'bi_masan_revenue_pipeline' retrieved from /opt/airflow/dags/bi_masan_pipeline.py
[2026-06-15T07:36:07.715+0000] {logging_mixin.py:188} INFO - [2026-06-15T07:36:07.714+0000] {dag.py:3089} INFO - Sync 1 DAGs
[2026-06-15T07:36:07.723+0000] {logging_mixin.py:188} INFO - [2026-06-15T07:36:07.723+0000] {dag.py:3947} INFO - Setting next_dagrun for bi_masan_revenue_pipeline to 2026-06-15 00:00:00+00:00, run_after=2026-06-16 00:00:00+00:00
[2026-06-15T07:36:07.733+0000] {processor.py:183} INFO - Processing /opt/airflow/dags/bi_masan_pipeline.py took 0.049 seconds
[2026-06-15T07:36:38.262+0000] {processor.py:161} INFO - Started process (PID=6741) to work on /opt/airflow/dags/bi_masan_pipeline.py
[2026-06-15T07:36:38.262+0000] {processor.py:830} INFO - Processing file /opt/airflow/dags/bi_masan_pipeline.py for tasks to queue
[2026-06-15T07:36:38.263+0000] {logging_mixin.py:188} INFO - [2026-06-15T07:36:38.263+0000] {dagbag.py:545} INFO - Filling up the DagBag from /opt/airflow/dags/bi_masan_pipeline.py
[2026-06-15T07:36:38.270+0000] {processor.py:840} INFO - DAG(s) 'bi_masan_revenue_pipeline' retrieved from /opt/airflow/dags/bi_masan_pipeline.py
[2026-06-15T07:36:38.283+0000] {logging_mixin.py:188} INFO - [2026-06-15T07:36:38.283+0000] {dag.py:3089} INFO - Sync 1 DAGs
[2026-06-15T07:36:38.291+0000] {logging_mixin.py:188} INFO - [2026-06-15T07:36:38.291+0000] {dag.py:3947} INFO - Setting next_dagrun for bi_masan_revenue_pipeline to 2026-06-15 00:00:00+00:00, run_after=2026-06-16 00:00:00+00:00
[2026-06-15T07:36:38.302+0000] {processor.py:183} INFO - Processing /opt/airflow/dags/bi_masan_pipeline.py took 0.045 seconds
[2026-06-15T07:37:12.093+0000] {processor.py:161} INFO - Started process (PID=7209) to work on /opt/airflow/dags/bi_masan_pipeline.py
[2026-06-15T07:37:12.094+0000] {processor.py:830} INFO - Processing file /opt/airflow/dags/bi_masan_pipeline.py for tasks to queue
[2026-06-15T07:37:12.095+0000] {logging_mixin.py:188} INFO - [2026-06-15T07:37:12.095+0000] {dagbag.py:545} INFO - Filling up the DagBag from /opt/airflow/dags/bi_masan_pipeline.py
[2026-06-15T07:37:12.103+0000] {processor.py:840} INFO - DAG(s) 'bi_masan_revenue_pipeline' retrieved from /opt/airflow/dags/bi_masan_pipeline.py
[2026-06-15T07:37:12.118+0000] {logging_mixin.py:188} INFO - [2026-06-15T07:37:12.118+0000] {dag.py:3089} INFO - Sync 1 DAGs
[2026-06-15T07:37:12.128+0000] {logging_mixin.py:188} INFO - [2026-06-15T07:37:12.128+0000] {dag.py:3947} INFO - Setting next_dagrun for bi_masan_revenue_pipeline to 2026-06-15 00:00:00+00:00, run_after=2026-06-16 00:00:00+00:00
[2026-06-15T07:37:12.138+0000] {processor.py:183} INFO - Processing /opt/airflow/dags/bi_masan_pipeline.py took 0.050 seconds
[2026-06-15T07:37:46.149+0000] {processor.py:161} INFO - Started process (PID=8948) to work on /opt/airflow/dags/bi_masan_pipeline.py
[2026-06-15T07:37:46.150+0000] {processor.py:830} INFO - Processing file /opt/airflow/dags/bi_masan_pipeline.py for tasks to queue
[2026-06-15T07:37:46.151+0000] {logging_mixin.py:188} INFO - [2026-06-15T07:37:46.150+0000] {dagbag.py:545} INFO - Filling up the DagBag from /opt/airflow/dags/bi_masan_pipeline.py
[2026-06-15T07:37:46.159+0000] {processor.py:840} INFO - DAG(s) 'bi_masan_revenue_pipeline' retrieved from /opt/airflow/dags/bi_masan_pipeline.py
[2026-06-15T07:37:46.171+0000] {logging_mixin.py:188} INFO - [2026-06-15T07:37:46.171+0000] {dag.py:3089} INFO - Sync 1 DAGs
[2026-06-15T07:37:46.180+0000] {logging_mixin.py:188} INFO - [2026-06-15T07:37:46.180+0000] {dag.py:3947} INFO - Setting next_dagrun for bi_masan_revenue_pipeline to 2026-06-15 00:00:00+00:00, run_after=2026-06-16 00:00:00+00:00
[2026-06-15T07:37:46.190+0000] {processor.py:183} INFO - Processing /opt/airflow/dags/bi_masan_pipeline.py took 0.043 seconds
[2026-06-15T07:38:17.262+0000] {processor.py:161} INFO - Started process (PID=9322) to work on /opt/airflow/dags/bi_masan_pipeline.py
[2026-06-15T07:38:17.263+0000] {processor.py:830} INFO - Processing file /opt/airflow/dags/bi_masan_pipeline.py for tasks to queue
[2026-06-15T07:38:17.264+0000] {logging_mixin.py:188} INFO - [2026-06-15T07:38:17.264+0000] {dagbag.py:545} INFO - Filling up the DagBag from /opt/airflow/dags/bi_masan_pipeline.py
[2026-06-15T07:38:17.271+0000] {processor.py:840} INFO - DAG(s) 'bi_masan_revenue_pipeline' retrieved from /opt/airflow/dags/bi_masan_pipeline.py
[2026-06-15T07:38:17.284+0000] {logging_mixin.py:188} INFO - [2026-06-15T07:38:17.284+0000] {dag.py:3089} INFO - Sync 1 DAGs
[2026-06-15T07:38:17.294+0000] {logging_mixin.py:188} INFO - [2026-06-15T07:38:17.294+0000] {dag.py:3947} INFO - Setting next_dagrun for bi_masan_revenue_pipeline to 2026-06-15 00:00:00+00:00, run_after=2026-06-16 00:00:00+00:00
[2026-06-15T07:38:17.305+0000] {processor.py:183} INFO - Processing /opt/airflow/dags/bi_masan_pipeline.py took 0.047 seconds
[2026-06-15T07:38:48.383+0000] {processor.py:161} INFO - Started process (PID=9323) to work on /opt/airflow/dags/bi_masan_pipeline.py
[2026-06-15T07:38:48.385+0000] {processor.py:830} INFO - Processing file /opt/airflow/dags/bi_masan_pipeline.py for tasks to queue
[2026-06-15T07:38:48.387+0000] {logging_mixin.py:188} INFO - [2026-06-15T07:38:48.387+0000] {dagbag.py:545} INFO - Filling up the DagBag from /opt/airflow/dags/bi_masan_pipeline.py
[2026-06-15T07:38:48.395+0000] {processor.py:840} INFO - DAG(s) 'bi_masan_revenue_pipeline' retrieved from /opt/airflow/dags/bi_masan_pipeline.py
[2026-06-15T07:38:48.408+0000] {logging_mixin.py:188} INFO - [2026-06-15T07:38:48.408+0000] {dag.py:3089} INFO - Sync 1 DAGs
[2026-06-15T07:38:48.417+0000] {logging_mixin.py:188} INFO - [2026-06-15T07:38:48.416+0000] {dag.py:3947} INFO - Setting next_dagrun for bi_masan_revenue_pipeline to 2026-06-15 00:00:00+00:00, run_after=2026-06-16 00:00:00+00:00
[2026-06-15T07:38:48.426+0000] {processor.py:183} INFO - Processing /opt/airflow/dags/bi_masan_pipeline.py took 0.050 seconds
[2026-06-15T07:39:18.506+0000] {processor.py:161} INFO - Started process (PID=9324) to work on /opt/airflow/dags/bi_masan_pipeline.py
[2026-06-15T07:39:18.506+0000] {processor.py:830} INFO - Processing file /opt/airflow/dags/bi_masan_pipeline.py for tasks to queue
[2026-06-15T07:39:18.508+0000] {logging_mixin.py:188} INFO - [2026-06-15T07:39:18.508+0000] {dagbag.py:545} INFO - Filling up the DagBag from /opt/airflow/dags/bi_masan_pipeline.py
[2026-06-15T07:39:18.516+0000] {processor.py:840} INFO - DAG(s) 'bi_masan_revenue_pipeline' retrieved from /opt/airflow/dags/bi_masan_pipeline.py
[2026-06-15T07:39:18.531+0000] {logging_mixin.py:188} INFO - [2026-06-15T07:39:18.530+0000] {dag.py:3089} INFO - Sync 1 DAGs
[2026-06-15T07:39:18.541+0000] {logging_mixin.py:188} INFO - [2026-06-15T07:39:18.541+0000] {dag.py:3947} INFO - Setting next_dagrun for bi_masan_revenue_pipeline to 2026-06-15 00:00:00+00:00, run_after=2026-06-16 00:00:00+00:00
[2026-06-15T07:39:18.552+0000] {processor.py:183} INFO - Processing /opt/airflow/dags/bi_masan_pipeline.py took 0.051 seconds
[2026-06-15T07:39:49.629+0000] {processor.py:161} INFO - Started process (PID=9325) to work on /opt/airflow/dags/bi_masan_pipeline.py
[2026-06-15T07:39:49.631+0000] {processor.py:830} INFO - Processing file /opt/airflow/dags/bi_masan_pipeline.py for tasks to queue
[2026-06-15T07:39:49.632+0000] {logging_mixin.py:188} INFO - [2026-06-15T07:39:49.632+0000] {dagbag.py:545} INFO - Filling up the DagBag from /opt/airflow/dags/bi_masan_pipeline.py
[2026-06-15T07:39:49.639+0000] {processor.py:840} INFO - DAG(s) 'bi_masan_revenue_pipeline' retrieved from /opt/airflow/dags/bi_masan_pipeline.py
[2026-06-15T07:39:49.653+0000] {logging_mixin.py:188} INFO - [2026-06-15T07:39:49.653+0000] {dag.py:3089} INFO - Sync 1 DAGs
[2026-06-15T07:39:49.663+0000] {logging_mixin.py:188} INFO - [2026-06-15T07:39:49.663+0000] {dag.py:3947} INFO - Setting next_dagrun for bi_masan_revenue_pipeline to 2026-06-15 00:00:00+00:00, run_after=2026-06-16 00:00:00+00:00
[2026-06-15T07:39:49.675+0000] {processor.py:183} INFO - Processing /opt/airflow/dags/bi_masan_pipeline.py took 0.050 seconds
[2026-06-15T07:40:19.807+0000] {processor.py:161} INFO - Started process (PID=9326) to work on /opt/airflow/dags/bi_masan_pipeline.py
[2026-06-15T07:40:19.807+0000] {processor.py:830} INFO - Processing file /opt/airflow/dags/bi_masan_pipeline.py for tasks to queue
[2026-06-15T07:40:19.808+0000] {logging_mixin.py:188} INFO - [2026-06-15T07:40:19.808+0000] {dagbag.py:545} INFO - Filling up the DagBag from /opt/airflow/dags/bi_masan_pipeline.py
[2026-06-15T07:40:19.814+0000] {processor.py:840} INFO - DAG(s) 'bi_masan_revenue_pipeline' retrieved from /opt/airflow/dags/bi_masan_pipeline.py
[2026-06-15T07:40:19.827+0000] {logging_mixin.py:188} INFO - [2026-06-15T07:40:19.827+0000] {dag.py:3089} INFO - Sync 1 DAGs
[2026-06-15T07:40:19.836+0000] {logging_mixin.py:188} INFO - [2026-06-15T07:40:19.836+0000] {dag.py:3947} INFO - Setting next_dagrun for bi_masan_revenue_pipeline to 2026-06-15 00:00:00+00:00, run_after=2026-06-16 00:00:00+00:00
[2026-06-15T07:40:19.847+0000] {processor.py:183} INFO - Processing /opt/airflow/dags/bi_masan_pipeline.py took 0.045 seconds
[2026-06-15T07:40:50.929+0000] {processor.py:161} INFO - Started process (PID=9327) to work on /opt/airflow/dags/bi_masan_pipeline.py
[2026-06-15T07:40:50.932+0000] {processor.py:830} INFO - Processing file /opt/airflow/dags/bi_masan_pipeline.py for tasks to queue
[2026-06-15T07:40:50.932+0000] {logging_mixin.py:188} INFO - [2026-06-15T07:40:50.932+0000] {dagbag.py:545} INFO - Filling up the DagBag from /opt/airflow/dags/bi_masan_pipeline.py
[2026-06-15T07:40:50.939+0000] {processor.py:840} INFO - DAG(s) 'bi_masan_revenue_pipeline' retrieved from /opt/airflow/dags/bi_masan_pipeline.py
[2026-06-15T07:40:50.951+0000] {logging_mixin.py:188} INFO - [2026-06-15T07:40:50.951+0000] {dag.py:3089} INFO - Sync 1 DAGs
[2026-06-15T07:40:50.959+0000] {logging_mixin.py:188} INFO - [2026-06-15T07:40:50.959+0000] {dag.py:3947} INFO - Setting next_dagrun for bi_masan_revenue_pipeline to 2026-06-15 00:00:00+00:00, run_after=2026-06-16 00:00:00+00:00
[2026-06-15T07:40:50.969+0000] {processor.py:183} INFO - Processing /opt/airflow/dags/bi_masan_pipeline.py took 0.043 seconds
[2026-06-15T07:41:21.629+0000] {processor.py:161} INFO - Started process (PID=9328) to work on /opt/airflow/dags/bi_masan_pipeline.py
[2026-06-15T07:41:21.629+0000] {processor.py:830} INFO - Processing file /opt/airflow/dags/bi_masan_pipeline.py for tasks to queue
[2026-06-15T07:41:21.630+0000] {logging_mixin.py:188} INFO - [2026-06-15T07:41:21.630+0000] {dagbag.py:545} INFO - Filling up the DagBag from /opt/airflow/dags/bi_masan_pipeline.py
[2026-06-15T07:41:21.636+0000] {processor.py:840} INFO - DAG(s) 'bi_masan_revenue_pipeline' retrieved from /opt/airflow/dags/bi_masan_pipeline.py
[2026-06-15T07:41:21.648+0000] {logging_mixin.py:188} INFO - [2026-06-15T07:41:21.648+0000] {dag.py:3089} INFO - Sync 1 DAGs
[2026-06-15T07:41:21.657+0000] {logging_mixin.py:188} INFO - [2026-06-15T07:41:21.657+0000] {dag.py:3947} INFO - Setting next_dagrun for bi_masan_revenue_pipeline to 2026-06-15 00:00:00+00:00, run_after=2026-06-16 00:00:00+00:00
[2026-06-15T07:41:21.666+0000] {processor.py:183} INFO - Processing /opt/airflow/dags/bi_masan_pipeline.py took 0.040 seconds
[2026-06-15T07:41:51.997+0000] {processor.py:161} INFO - Started process (PID=9329) to work on /opt/airflow/dags/bi_masan_pipeline.py
[2026-06-15T07:41:51.999+0000] {processor.py:830} INFO - Processing file /opt/airflow/dags/bi_masan_pipeline.py for tasks to queue
[2026-06-15T07:41:52.001+0000] {logging_mixin.py:188} INFO - [2026-06-15T07:41:52.001+0000] {dagbag.py:545} INFO - Filling up the DagBag from /opt/airflow/dags/bi_masan_pipeline.py
[2026-06-15T07:41:52.010+0000] {processor.py:840} INFO - DAG(s) 'bi_masan_revenue_pipeline' retrieved from /opt/airflow/dags/bi_masan_pipeline.py
[2026-06-15T07:41:52.023+0000] {logging_mixin.py:188} INFO - [2026-06-15T07:41:52.023+0000] {dag.py:3089} INFO - Sync 1 DAGs
[2026-06-15T07:41:52.032+0000] {logging_mixin.py:188} INFO - [2026-06-15T07:41:52.032+0000] {dag.py:3947} INFO - Setting next_dagrun for bi_masan_revenue_pipeline to 2026-06-15 00:00:00+00:00, run_after=2026-06-16 00:00:00+00:00
[2026-06-15T07:41:52.042+0000] {processor.py:183} INFO - Processing /opt/airflow/dags/bi_masan_pipeline.py took 0.054 seconds
[2026-06-15T07:42:22.405+0000] {processor.py:161} INFO - Started process (PID=9330) to work on /opt/airflow/dags/bi_masan_pipeline.py
[2026-06-15T07:42:22.406+0000] {processor.py:830} INFO - Processing file /opt/airflow/dags/bi_masan_pipeline.py for tasks to queue
[2026-06-15T07:42:22.407+0000] {logging_mixin.py:188} INFO - [2026-06-15T07:42:22.406+0000] {dagbag.py:545} INFO - Filling up the DagBag from /opt/airflow/dags/bi_masan_pipeline.py
[2026-06-15T07:42:22.413+0000] {processor.py:840} INFO - DAG(s) 'bi_masan_revenue_pipeline' retrieved from /opt/airflow/dags/bi_masan_pipeline.py
[2026-06-15T07:42:22.426+0000] {logging_mixin.py:188} INFO - [2026-06-15T07:42:22.425+0000] {dag.py:3089} INFO - Sync 1 DAGs
[2026-06-15T07:42:22.434+0000] {logging_mixin.py:188} INFO - [2026-06-15T07:42:22.434+0000] {dag.py:3947} INFO - Setting next_dagrun for bi_masan_revenue_pipeline to 2026-06-15 00:00:00+00:00, run_after=2026-06-16 00:00:00+00:00
[2026-06-15T07:42:22.444+0000] {processor.py:183} INFO - Processing /opt/airflow/dags/bi_masan_pipeline.py took 0.046 seconds
[2026-06-15T07:42:52.772+0000] {processor.py:161} INFO - Started process (PID=9331) to work on /opt/airflow/dags/bi_masan_pipeline.py
[2026-06-15T07:42:52.774+0000] {processor.py:830} INFO - Processing file /opt/airflow/dags/bi_masan_pipeline.py for tasks to queue
[2026-06-15T07:42:52.775+0000] {logging_mixin.py:188} INFO - [2026-06-15T07:42:52.775+0000] {dagbag.py:545} INFO - Filling up the DagBag from /opt/airflow/dags/bi_masan_pipeline.py
[2026-06-15T07:42:52.784+0000] {processor.py:840} INFO - DAG(s) 'bi_masan_revenue_pipeline' retrieved from /opt/airflow/dags/bi_masan_pipeline.py
[2026-06-15T07:42:52.797+0000] {logging_mixin.py:188} INFO - [2026-06-15T07:42:52.797+0000] {dag.py:3089} INFO - Sync 1 DAGs
[2026-06-15T07:42:52.806+0000] {logging_mixin.py:188} INFO - [2026-06-15T07:42:52.806+0000] {dag.py:3947} INFO - Setting next_dagrun for bi_masan_revenue_pipeline to 2026-06-15 00:00:00+00:00, run_after=2026-06-16 00:00:00+00:00
[2026-06-15T07:42:52.817+0000] {processor.py:183} INFO - Processing /opt/airflow/dags/bi_masan_pipeline.py took 0.047 seconds
[2026-06-15T07:43:23.334+0000] {processor.py:161} INFO - Started process (PID=9781) to work on /opt/airflow/dags/bi_masan_pipeline.py
[2026-06-15T07:43:23.335+0000] {processor.py:830} INFO - Processing file /opt/airflow/dags/bi_masan_pipeline.py for tasks to queue
[2026-06-15T07:43:23.337+0000] {logging_mixin.py:188} INFO - [2026-06-15T07:43:23.337+0000] {dagbag.py:545} INFO - Filling up the DagBag from /opt/airflow/dags/bi_masan_pipeline.py
[2026-06-15T07:43:23.345+0000] {processor.py:840} INFO - DAG(s) 'bi_masan_revenue_pipeline' retrieved from /opt/airflow/dags/bi_masan_pipeline.py
[2026-06-15T07:43:23.358+0000] {logging_mixin.py:188} INFO - [2026-06-15T07:43:23.358+0000] {dag.py:3089} INFO - Sync 1 DAGs
[2026-06-15T07:43:23.367+0000] {logging_mixin.py:188} INFO - [2026-06-15T07:43:23.367+0000] {dag.py:3947} INFO - Setting next_dagrun for bi_masan_revenue_pipeline to 2026-06-15 00:00:00+00:00, run_after=2026-06-16 00:00:00+00:00
[2026-06-15T07:43:23.376+0000] {processor.py:183} INFO - Processing /opt/airflow/dags/bi_masan_pipeline.py took 0.053 seconds
[2026-06-15T07:43:53.520+0000] {processor.py:161} INFO - Started process (PID=9782) to work on /opt/airflow/dags/bi_masan_pipeline.py
[2026-06-15T07:43:53.523+0000] {processor.py:830} INFO - Processing file /opt/airflow/dags/bi_masan_pipeline.py for tasks to queue
[2026-06-15T07:43:53.525+0000] {logging_mixin.py:188} INFO - [2026-06-15T07:43:53.524+0000] {dagbag.py:545} INFO - Filling up the DagBag from /opt/airflow/dags/bi_masan_pipeline.py
[2026-06-15T07:43:53.539+0000] {processor.py:840} INFO - DAG(s) 'bi_masan_revenue_pipeline' retrieved from /opt/airflow/dags/bi_masan_pipeline.py
[2026-06-15T07:43:53.553+0000] {logging_mixin.py:188} INFO - [2026-06-15T07:43:53.552+0000] {dag.py:3089} INFO - Sync 1 DAGs
[2026-06-15T07:43:53.562+0000] {logging_mixin.py:188} INFO - [2026-06-15T07:43:53.562+0000] {dag.py:3947} INFO - Setting next_dagrun for bi_masan_revenue_pipeline to 2026-06-15 00:00:00+00:00, run_after=2026-06-16 00:00:00+00:00
[2026-06-15T07:43:53.571+0000] {processor.py:183} INFO - Processing /opt/airflow/dags/bi_masan_pipeline.py took 0.055 seconds
[2026-06-15T07:44:23.755+0000] {processor.py:161} INFO - Started process (PID=9783) to work on /opt/airflow/dags/bi_masan_pipeline.py
[2026-06-15T07:44:23.755+0000] {processor.py:830} INFO - Processing file /opt/airflow/dags/bi_masan_pipeline.py for tasks to queue
[2026-06-15T07:44:23.757+0000] {logging_mixin.py:188} INFO - [2026-06-15T07:44:23.756+0000] {dagbag.py:545} INFO - Filling up the DagBag from /opt/airflow/dags/bi_masan_pipeline.py
[2026-06-15T07:44:23.771+0000] {processor.py:840} INFO - DAG(s) 'bi_masan_revenue_pipeline' retrieved from /opt/airflow/dags/bi_masan_pipeline.py
[2026-06-15T07:44:23.784+0000] {logging_mixin.py:188} INFO - [2026-06-15T07:44:23.784+0000] {dag.py:3089} INFO - Sync 1 DAGs
[2026-06-15T07:44:23.793+0000] {logging_mixin.py:188} INFO - [2026-06-15T07:44:23.792+0000] {dag.py:3947} INFO - Setting next_dagrun for bi_masan_revenue_pipeline to 2026-06-15 00:00:00+00:00, run_after=2026-06-16 00:00:00+00:00
[2026-06-15T07:44:23.802+0000] {processor.py:183} INFO - Processing /opt/airflow/dags/bi_masan_pipeline.py took 0.053 seconds
[2026-06-15T07:44:53.981+0000] {processor.py:161} INFO - Started process (PID=9784) to work on /opt/airflow/dags/bi_masan_pipeline.py
[2026-06-15T07:44:53.984+0000] {processor.py:830} INFO - Processing file /opt/airflow/dags/bi_masan_pipeline.py for tasks to queue
[2026-06-15T07:44:53.986+0000] {logging_mixin.py:188} INFO - [2026-06-15T07:44:53.985+0000] {dagbag.py:545} INFO - Filling up the DagBag from /opt/airflow/dags/bi_masan_pipeline.py
[2026-06-15T07:44:53.998+0000] {processor.py:840} INFO - DAG(s) 'bi_masan_revenue_pipeline' retrieved from /opt/airflow/dags/bi_masan_pipeline.py
[2026-06-15T07:44:54.011+0000] {logging_mixin.py:188} INFO - [2026-06-15T07:44:54.011+0000] {dag.py:3089} INFO - Sync 1 DAGs
[2026-06-15T07:44:54.020+0000] {logging_mixin.py:188} INFO - [2026-06-15T07:44:54.020+0000] {dag.py:3947} INFO - Setting next_dagrun for bi_masan_revenue_pipeline to 2026-06-15 00:00:00+00:00, run_after=2026-06-16 00:00:00+00:00
[2026-06-15T07:44:54.029+0000] {processor.py:183} INFO - Processing /opt/airflow/dags/bi_masan_pipeline.py took 0.056 seconds
[2026-06-15T07:45:24.199+0000] {processor.py:161} INFO - Started process (PID=9785) to work on /opt/airflow/dags/bi_masan_pipeline.py
[2026-06-15T07:45:24.199+0000] {processor.py:830} INFO - Processing file /opt/airflow/dags/bi_masan_pipeline.py for tasks to queue
[2026-06-15T07:45:24.200+0000] {logging_mixin.py:188} INFO - [2026-06-15T07:45:24.200+0000] {dagbag.py:545} INFO - Filling up the DagBag from /opt/airflow/dags/bi_masan_pipeline.py
[2026-06-15T07:45:24.206+0000] {processor.py:840} INFO - DAG(s) 'bi_masan_revenue_pipeline' retrieved from /opt/airflow/dags/bi_masan_pipeline.py
[2026-06-15T07:45:24.223+0000] {logging_mixin.py:188} INFO - [2026-06-15T07:45:24.223+0000] {dag.py:3089} INFO - Sync 1 DAGs
[2026-06-15T07:45:24.234+0000] {logging_mixin.py:188} INFO - [2026-06-15T07:45:24.234+0000] {dag.py:3947} INFO - Setting next_dagrun for bi_masan_revenue_pipeline to 2026-06-15 00:00:00+00:00, run_after=2026-06-16 00:00:00+00:00
[2026-06-15T07:45:24.247+0000] {processor.py:183} INFO - Processing /opt/airflow/dags/bi_masan_pipeline.py took 0.053 seconds
[2026-06-15T07:45:54.400+0000] {processor.py:161} INFO - Started process (PID=9786) to work on /opt/airflow/dags/bi_masan_pipeline.py
[2026-06-15T07:45:54.402+0000] {processor.py:830} INFO - Processing file /opt/airflow/dags/bi_masan_pipeline.py for tasks to queue
[2026-06-15T07:45:54.404+0000] {logging_mixin.py:188} INFO - [2026-06-15T07:45:54.403+0000] {dagbag.py:545} INFO - Filling up the DagBag from /opt/airflow/dags/bi_masan_pipeline.py
[2026-06-15T07:45:54.412+0000] {processor.py:840} INFO - DAG(s) 'bi_masan_revenue_pipeline' retrieved from /opt/airflow/dags/bi_masan_pipeline.py
[2026-06-15T07:45:54.426+0000] {logging_mixin.py:188} INFO - [2026-06-15T07:45:54.426+0000] {dag.py:3089} INFO - Sync 1 DAGs
[2026-06-15T07:45:54.436+0000] {logging_mixin.py:188} INFO - [2026-06-15T07:45:54.436+0000] {dag.py:3947} INFO - Setting next_dagrun for bi_masan_revenue_pipeline to 2026-06-15 00:00:00+00:00, run_after=2026-06-16 00:00:00+00:00
[2026-06-15T07:45:54.446+0000] {processor.py:183} INFO - Processing /opt/airflow/dags/bi_masan_pipeline.py took 0.050 seconds
[2026-06-15T07:46:24.630+0000] {processor.py:161} INFO - Started process (PID=9787) to work on /opt/airflow/dags/bi_masan_pipeline.py
[2026-06-15T07:46:24.631+0000] {processor.py:830} INFO - Processing file /opt/airflow/dags/bi_masan_pipeline.py for tasks to queue
[2026-06-15T07:46:24.631+0000] {logging_mixin.py:188} INFO - [2026-06-15T07:46:24.631+0000] {dagbag.py:545} INFO - Filling up the DagBag from /opt/airflow/dags/bi_masan_pipeline.py
[2026-06-15T07:46:24.639+0000] {processor.py:840} INFO - DAG(s) 'bi_masan_revenue_pipeline' retrieved from /opt/airflow/dags/bi_masan_pipeline.py
[2026-06-15T07:46:24.651+0000] {logging_mixin.py:188} INFO - [2026-06-15T07:46:24.651+0000] {dag.py:3089} INFO - Sync 1 DAGs
[2026-06-15T07:46:24.660+0000] {logging_mixin.py:188} INFO - [2026-06-15T07:46:24.660+0000] {dag.py:3947} INFO - Setting next_dagrun for bi_masan_revenue_pipeline to 2026-06-15 00:00:00+00:00, run_after=2026-06-16 00:00:00+00:00
[2026-06-15T07:46:24.669+0000] {processor.py:183} INFO - Processing /opt/airflow/dags/bi_masan_pipeline.py took 0.043 seconds
[2026-06-15T07:46:54.850+0000] {processor.py:161} INFO - Started process (PID=9788) to work on /opt/airflow/dags/bi_masan_pipeline.py
[2026-06-15T07:46:54.852+0000] {processor.py:830} INFO - Processing file /opt/airflow/dags/bi_masan_pipeline.py for tasks to queue
[2026-06-15T07:46:54.853+0000] {logging_mixin.py:188} INFO - [2026-06-15T07:46:54.853+0000] {dagbag.py:545} INFO - Filling up the DagBag from /opt/airflow/dags/bi_masan_pipeline.py
[2026-06-15T07:46:54.866+0000] {processor.py:840} INFO - DAG(s) 'bi_masan_revenue_pipeline' retrieved from /opt/airflow/dags/bi_masan_pipeline.py
[2026-06-15T07:46:54.883+0000] {logging_mixin.py:188} INFO - [2026-06-15T07:46:54.883+0000] {dag.py:3089} INFO - Sync 1 DAGs
[2026-06-15T07:46:54.892+0000] {logging_mixin.py:188} INFO - [2026-06-15T07:46:54.892+0000] {dag.py:3947} INFO - Setting next_dagrun for bi_masan_revenue_pipeline to 2026-06-15 00:00:00+00:00, run_after=2026-06-16 00:00:00+00:00
[2026-06-15T07:46:54.903+0000] {processor.py:183} INFO - Processing /opt/airflow/dags/bi_masan_pipeline.py took 0.056 seconds
[2026-06-15T07:47:25.081+0000] {processor.py:161} INFO - Started process (PID=9789) to work on /opt/airflow/dags/bi_masan_pipeline.py
[2026-06-15T07:47:25.083+0000] {processor.py:830} INFO - Processing file /opt/airflow/dags/bi_masan_pipeline.py for tasks to queue
[2026-06-15T07:47:25.084+0000] {logging_mixin.py:188} INFO - [2026-06-15T07:47:25.084+0000] {dagbag.py:545} INFO - Filling up the DagBag from /opt/airflow/dags/bi_masan_pipeline.py
[2026-06-15T07:47:25.093+0000] {processor.py:840} INFO - DAG(s) 'bi_masan_revenue_pipeline' retrieved from /opt/airflow/dags/bi_masan_pipeline.py
[2026-06-15T07:47:25.108+0000] {logging_mixin.py:188} INFO - [2026-06-15T07:47:25.108+0000] {dag.py:3089} INFO - Sync 1 DAGs
[2026-06-15T07:47:25.119+0000] {logging_mixin.py:188} INFO - [2026-06-15T07:47:25.118+0000] {dag.py:3947} INFO - Setting next_dagrun for bi_masan_revenue_pipeline to 2026-06-15 00:00:00+00:00, run_after=2026-06-16 00:00:00+00:00
[2026-06-15T07:47:25.130+0000] {processor.py:183} INFO - Processing /opt/airflow/dags/bi_masan_pipeline.py took 0.053 seconds
[2026-06-15T07:47:55.287+0000] {processor.py:161} INFO - Started process (PID=9790) to work on /opt/airflow/dags/bi_masan_pipeline.py
[2026-06-15T07:47:55.287+0000] {processor.py:830} INFO - Processing file /opt/airflow/dags/bi_masan_pipeline.py for tasks to queue
[2026-06-15T07:47:55.288+0000] {logging_mixin.py:188} INFO - [2026-06-15T07:47:55.288+0000] {dagbag.py:545} INFO - Filling up the DagBag from /opt/airflow/dags/bi_masan_pipeline.py
[2026-06-15T07:47:55.295+0000] {processor.py:840} INFO - DAG(s) 'bi_masan_revenue_pipeline' retrieved from /opt/airflow/dags/bi_masan_pipeline.py
[2026-06-15T07:47:55.307+0000] {logging_mixin.py:188} INFO - [2026-06-15T07:47:55.307+0000] {dag.py:3089} INFO - Sync 1 DAGs
[2026-06-15T07:47:55.316+0000] {logging_mixin.py:188} INFO - [2026-06-15T07:47:55.316+0000] {dag.py:3947} INFO - Setting next_dagrun for bi_masan_revenue_pipeline to 2026-06-15 00:00:00+00:00, run_after=2026-06-16 00:00:00+00:00
[2026-06-15T07:47:55.327+0000] {processor.py:183} INFO - Processing /opt/airflow/dags/bi_masan_pipeline.py took 0.044 seconds
[2026-06-15T07:48:25.491+0000] {processor.py:161} INFO - Started process (PID=9791) to work on /opt/airflow/dags/bi_masan_pipeline.py
[2026-06-15T07:48:25.493+0000] {processor.py:830} INFO - Processing file /opt/airflow/dags/bi_masan_pipeline.py for tasks to queue
[2026-06-15T07:48:25.496+0000] {logging_mixin.py:188} INFO - [2026-06-15T07:48:25.495+0000] {dagbag.py:545} INFO - Filling up the DagBag from /opt/airflow/dags/bi_masan_pipeline.py
[2026-06-15T07:48:25.506+0000] {processor.py:840} INFO - DAG(s) 'bi_masan_revenue_pipeline' retrieved from /opt/airflow/dags/bi_masan_pipeline.py
[2026-06-15T07:48:25.519+0000] {logging_mixin.py:188} INFO - [2026-06-15T07:48:25.519+0000] {dag.py:3089} INFO - Sync 1 DAGs
[2026-06-15T07:48:25.527+0000] {logging_mixin.py:188} INFO - [2026-06-15T07:48:25.527+0000] {dag.py:3947} INFO - Setting next_dagrun for bi_masan_revenue_pipeline to 2026-06-15 00:00:00+00:00, run_after=2026-06-16 00:00:00+00:00
[2026-06-15T07:48:25.537+0000] {processor.py:183} INFO - Processing /opt/airflow/dags/bi_masan_pipeline.py took 0.056 seconds
[2026-06-15T07:48:55.690+0000] {processor.py:161} INFO - Started process (PID=9792) to work on /opt/airflow/dags/bi_masan_pipeline.py
[2026-06-15T07:48:55.691+0000] {processor.py:830} INFO - Processing file /opt/airflow/dags/bi_masan_pipeline.py for tasks to queue
[2026-06-15T07:48:55.692+0000] {logging_mixin.py:188} INFO - [2026-06-15T07:48:55.692+0000] {dagbag.py:545} INFO - Filling up the DagBag from /opt/airflow/dags/bi_masan_pipeline.py
[2026-06-15T07:48:55.699+0000] {processor.py:840} INFO - DAG(s) 'bi_masan_revenue_pipeline' retrieved from /opt/airflow/dags/bi_masan_pipeline.py
[2026-06-15T07:48:55.713+0000] {logging_mixin.py:188} INFO - [2026-06-15T07:48:55.713+0000] {dag.py:3089} INFO - Sync 1 DAGs
[2026-06-15T07:48:55.722+0000] {logging_mixin.py:188} INFO - [2026-06-15T07:48:55.722+0000] {dag.py:3947} INFO - Setting next_dagrun for bi_masan_revenue_pipeline to 2026-06-15 00:00:00+00:00, run_after=2026-06-16 00:00:00+00:00
[2026-06-15T07:48:55.733+0000] {processor.py:183} INFO - Processing /opt/airflow/dags/bi_masan_pipeline.py took 0.047 seconds
[2026-06-15T07:49:25.897+0000] {processor.py:161} INFO - Started process (PID=9793) to work on /opt/airflow/dags/bi_masan_pipeline.py
[2026-06-15T07:49:25.899+0000] {processor.py:830} INFO - Processing file /opt/airflow/dags/bi_masan_pipeline.py for tasks to queue
[2026-06-15T07:49:25.900+0000] {logging_mixin.py:188} INFO - [2026-06-15T07:49:25.899+0000] {dagbag.py:545} INFO - Filling up the DagBag from /opt/airflow/dags/bi_masan_pipeline.py
[2026-06-15T07:49:25.908+0000] {processor.py:840} INFO - DAG(s) 'bi_masan_revenue_pipeline' retrieved from /opt/airflow/dags/bi_masan_pipeline.py
[2026-06-15T07:49:25.926+0000] {logging_mixin.py:188} INFO - [2026-06-15T07:49:25.925+0000] {dag.py:3089} INFO - Sync 1 DAGs
[2026-06-15T07:49:25.938+0000] {logging_mixin.py:188} INFO - [2026-06-15T07:49:25.938+0000] {dag.py:3947} INFO - Setting next_dagrun for bi_masan_revenue_pipeline to 2026-06-15 00:00:00+00:00, run_after=2026-06-16 00:00:00+00:00
[2026-06-15T07:49:25.950+0000] {processor.py:183} INFO - Processing /opt/airflow/dags/bi_masan_pipeline.py took 0.057 seconds
[2026-06-15T07:49:56.087+0000] {processor.py:161} INFO - Started process (PID=9794) to work on /opt/airflow/dags/bi_masan_pipeline.py
[2026-06-15T07:49:56.088+0000] {processor.py:830} INFO - Processing file /opt/airflow/dags/bi_masan_pipeline.py for tasks to queue
[2026-06-15T07:49:56.088+0000] {logging_mixin.py:188} INFO - [2026-06-15T07:49:56.088+0000] {dagbag.py:545} INFO - Filling up the DagBag from /opt/airflow/dags/bi_masan_pipeline.py
[2026-06-15T07:49:56.095+0000] {processor.py:840} INFO - DAG(s) 'bi_masan_revenue_pipeline' retrieved from /opt/airflow/dags/bi_masan_pipeline.py
[2026-06-15T07:49:56.107+0000] {logging_mixin.py:188} INFO - [2026-06-15T07:49:56.107+0000] {dag.py:3089} INFO - Sync 1 DAGs
[2026-06-15T07:49:56.116+0000] {logging_mixin.py:188} INFO - [2026-06-15T07:49:56.116+0000] {dag.py:3947} INFO - Setting next_dagrun for bi_masan_revenue_pipeline to 2026-06-15 00:00:00+00:00, run_after=2026-06-16 00:00:00+00:00
[2026-06-15T07:49:56.126+0000] {processor.py:183} INFO - Processing /opt/airflow/dags/bi_masan_pipeline.py took 0.041 seconds
[2026-06-15T07:50:26.303+0000] {processor.py:161} INFO - Started process (PID=9795) to work on /opt/airflow/dags/bi_masan_pipeline.py
[2026-06-15T07:50:26.305+0000] {processor.py:830} INFO - Processing file /opt/airflow/dags/bi_masan_pipeline.py for tasks to queue
[2026-06-15T07:50:26.306+0000] {logging_mixin.py:188} INFO - [2026-06-15T07:50:26.305+0000] {dagbag.py:545} INFO - Filling up the DagBag from /opt/airflow/dags/bi_masan_pipeline.py
[2026-06-15T07:50:26.313+0000] {processor.py:840} INFO - DAG(s) 'bi_masan_revenue_pipeline' retrieved from /opt/airflow/dags/bi_masan_pipeline.py
[2026-06-15T07:50:26.328+0000] {logging_mixin.py:188} INFO - [2026-06-15T07:50:26.328+0000] {dag.py:3089} INFO - Sync 1 DAGs
[2026-06-15T07:50:26.338+0000] {logging_mixin.py:188} INFO - [2026-06-15T07:50:26.338+0000] {dag.py:3947} INFO - Setting next_dagrun for bi_masan_revenue_pipeline to 2026-06-15 00:00:00+00:00, run_after=2026-06-16 00:00:00+00:00
[2026-06-15T07:50:26.349+0000] {processor.py:183} INFO - Processing /opt/airflow/dags/bi_masan_pipeline.py took 0.049 seconds
[2026-06-15T07:50:56.508+0000] {processor.py:161} INFO - Started process (PID=9796) to work on /opt/airflow/dags/bi_masan_pipeline.py
[2026-06-15T07:50:56.508+0000] {processor.py:830} INFO - Processing file /opt/airflow/dags/bi_masan_pipeline.py for tasks to queue
[2026-06-15T07:50:56.509+0000] {logging_mixin.py:188} INFO - [2026-06-15T07:50:56.509+0000] {dagbag.py:545} INFO - Filling up the DagBag from /opt/airflow/dags/bi_masan_pipeline.py
[2026-06-15T07:50:56.522+0000] {processor.py:840} INFO - DAG(s) 'bi_masan_revenue_pipeline' retrieved from /opt/airflow/dags/bi_masan_pipeline.py
[2026-06-15T07:50:56.534+0000] {logging_mixin.py:188} INFO - [2026-06-15T07:50:56.534+0000] {dag.py:3089} INFO - Sync 1 DAGs
[2026-06-15T07:50:56.543+0000] {logging_mixin.py:188} INFO - [2026-06-15T07:50:56.543+0000] {dag.py:3947} INFO - Setting next_dagrun for bi_masan_revenue_pipeline to 2026-06-15 00:00:00+00:00, run_after=2026-06-16 00:00:00+00:00
[2026-06-15T07:50:56.553+0000] {processor.py:183} INFO - Processing /opt/airflow/dags/bi_masan_pipeline.py took 0.049 seconds
[2026-06-15T07:51:26.679+0000] {processor.py:161} INFO - Started process (PID=9797) to work on /opt/airflow/dags/bi_masan_pipeline.py
[2026-06-15T07:51:26.687+0000] {processor.py:830} INFO - Processing file /opt/airflow/dags/bi_masan_pipeline.py for tasks to queue
[2026-06-15T07:51:26.688+0000] {logging_mixin.py:188} INFO - [2026-06-15T07:51:26.688+0000] {dagbag.py:545} INFO - Filling up the DagBag from /opt/airflow/dags/bi_masan_pipeline.py
[2026-06-15T07:51:26.696+0000] {processor.py:840} INFO - DAG(s) 'bi_masan_revenue_pipeline' retrieved from /opt/airflow/dags/bi_masan_pipeline.py
[2026-06-15T07:51:26.709+0000] {logging_mixin.py:188} INFO - [2026-06-15T07:51:26.709+0000] {dag.py:3089} INFO - Sync 1 DAGs
[2026-06-15T07:51:26.718+0000] {logging_mixin.py:188} INFO - [2026-06-15T07:51:26.718+0000] {dag.py:3947} INFO - Setting next_dagrun for bi_masan_revenue_pipeline to 2026-06-15 00:00:00+00:00, run_after=2026-06-16 00:00:00+00:00
[2026-06-15T07:51:26.728+0000] {processor.py:183} INFO - Processing /opt/airflow/dags/bi_masan_pipeline.py took 0.054 seconds
[2026-06-15T07:51:56.897+0000] {processor.py:161} INFO - Started process (PID=9798) to work on /opt/airflow/dags/bi_masan_pipeline.py
[2026-06-15T07:51:56.897+0000] {processor.py:830} INFO - Processing file /opt/airflow/dags/bi_masan_pipeline.py for tasks to queue
[2026-06-15T07:51:56.898+0000] {logging_mixin.py:188} INFO - [2026-06-15T07:51:56.898+0000] {dagbag.py:545} INFO - Filling up the DagBag from /opt/airflow/dags/bi_masan_pipeline.py
[2026-06-15T07:51:56.904+0000] {processor.py:840} INFO - DAG(s) 'bi_masan_revenue_pipeline' retrieved from /opt/airflow/dags/bi_masan_pipeline.py
[2026-06-15T07:51:56.918+0000] {logging_mixin.py:188} INFO - [2026-06-15T07:51:56.918+0000] {dag.py:3089} INFO - Sync 1 DAGs
[2026-06-15T07:51:56.927+0000] {logging_mixin.py:188} INFO - [2026-06-15T07:51:56.927+0000] {dag.py:3947} INFO - Setting next_dagrun for bi_masan_revenue_pipeline to 2026-06-15 00:00:00+00:00, run_after=2026-06-16 00:00:00+00:00
[2026-06-15T07:51:56.938+0000] {processor.py:183} INFO - Processing /opt/airflow/dags/bi_masan_pipeline.py took 0.045 seconds
[2026-06-15T07:52:27.125+0000] {processor.py:161} INFO - Started process (PID=9799) to work on /opt/airflow/dags/bi_masan_pipeline.py
[2026-06-15T07:52:27.127+0000] {processor.py:830} INFO - Processing file /opt/airflow/dags/bi_masan_pipeline.py for tasks to queue
[2026-06-15T07:52:27.129+0000] {logging_mixin.py:188} INFO - [2026-06-15T07:52:27.129+0000] {dagbag.py:545} INFO - Filling up the DagBag from /opt/airflow/dags/bi_masan_pipeline.py
[2026-06-15T07:52:27.138+0000] {processor.py:840} INFO - DAG(s) 'bi_masan_revenue_pipeline' retrieved from /opt/airflow/dags/bi_masan_pipeline.py
[2026-06-15T07:52:27.152+0000] {logging_mixin.py:188} INFO - [2026-06-15T07:52:27.151+0000] {dag.py:3089} INFO - Sync 1 DAGs
[2026-06-15T07:52:27.161+0000] {logging_mixin.py:188} INFO - [2026-06-15T07:52:27.161+0000] {dag.py:3947} INFO - Setting next_dagrun for bi_masan_revenue_pipeline to 2026-06-15 00:00:00+00:00, run_after=2026-06-16 00:00:00+00:00
[2026-06-15T07:52:27.171+0000] {processor.py:183} INFO - Processing /opt/airflow/dags/bi_masan_pipeline.py took 0.056 seconds
[2026-06-15T07:52:57.328+0000] {processor.py:161} INFO - Started process (PID=9800) to work on /opt/airflow/dags/bi_masan_pipeline.py
[2026-06-15T07:52:57.328+0000] {processor.py:830} INFO - Processing file /opt/airflow/dags/bi_masan_pipeline.py for tasks to queue
[2026-06-15T07:52:57.329+0000] {logging_mixin.py:188} INFO - [2026-06-15T07:52:57.329+0000] {dagbag.py:545} INFO - Filling up the DagBag from /opt/airflow/dags/bi_masan_pipeline.py
[2026-06-15T07:52:57.335+0000] {processor.py:840} INFO - DAG(s) 'bi_masan_revenue_pipeline' retrieved from /opt/airflow/dags/bi_masan_pipeline.py
[2026-06-15T07:52:57.347+0000] {logging_mixin.py:188} INFO - [2026-06-15T07:52:57.347+0000] {dag.py:3089} INFO - Sync 1 DAGs
[2026-06-15T07:52:57.356+0000] {logging_mixin.py:188} INFO - [2026-06-15T07:52:57.356+0000] {dag.py:3947} INFO - Setting next_dagrun for bi_masan_revenue_pipeline to 2026-06-15 00:00:00+00:00, run_after=2026-06-16 00:00:00+00:00
[2026-06-15T07:52:57.366+0000] {processor.py:183} INFO - Processing /opt/airflow/dags/bi_masan_pipeline.py took 0.042 seconds
[2026-06-15T07:53:27.528+0000] {processor.py:161} INFO - Started process (PID=9801) to work on /opt/airflow/dags/bi_masan_pipeline.py
[2026-06-15T07:53:27.531+0000] {processor.py:830} INFO - Processing file /opt/airflow/dags/bi_masan_pipeline.py for tasks to queue
[2026-06-15T07:53:27.533+0000] {logging_mixin.py:188} INFO - [2026-06-15T07:53:27.533+0000] {dagbag.py:545} INFO - Filling up the DagBag from /opt/airflow/dags/bi_masan_pipeline.py
[2026-06-15T07:53:27.544+0000] {processor.py:840} INFO - DAG(s) 'bi_masan_revenue_pipeline' retrieved from /opt/airflow/dags/bi_masan_pipeline.py
[2026-06-15T07:53:27.558+0000] {logging_mixin.py:188} INFO - [2026-06-15T07:53:27.557+0000] {dag.py:3089} INFO - Sync 1 DAGs
[2026-06-15T07:53:27.567+0000] {logging_mixin.py:188} INFO - [2026-06-15T07:53:27.567+0000] {dag.py:3947} INFO - Setting next_dagrun for bi_masan_revenue_pipeline to 2026-06-15 00:00:00+00:00, run_after=2026-06-16 00:00:00+00:00
[2026-06-15T07:53:27.576+0000] {processor.py:183} INFO - Processing /opt/airflow/dags/bi_masan_pipeline.py took 0.054 seconds
[2026-06-15T07:53:57.768+0000] {processor.py:161} INFO - Started process (PID=9802) to work on /opt/airflow/dags/bi_masan_pipeline.py
[2026-06-15T07:53:57.769+0000] {processor.py:830} INFO - Processing file /opt/airflow/dags/bi_masan_pipeline.py for tasks to queue
[2026-06-15T07:53:57.771+0000] {logging_mixin.py:188} INFO - [2026-06-15T07:53:57.771+0000] {dagbag.py:545} INFO - Filling up the DagBag from /opt/airflow/dags/bi_masan_pipeline.py
[2026-06-15T07:53:57.780+0000] {processor.py:840} INFO - DAG(s) 'bi_masan_revenue_pipeline' retrieved from /opt/airflow/dags/bi_masan_pipeline.py
[2026-06-15T07:53:57.792+0000] {logging_mixin.py:188} INFO - [2026-06-15T07:53:57.792+0000] {dag.py:3089} INFO - Sync 1 DAGs
[2026-06-15T07:53:57.801+0000] {logging_mixin.py:188} INFO - [2026-06-15T07:53:57.801+0000] {dag.py:3947} INFO - Setting next_dagrun for bi_masan_revenue_pipeline to 2026-06-15 00:00:00+00:00, run_after=2026-06-16 00:00:00+00:00
[2026-06-15T07:53:57.811+0000] {processor.py:183} INFO - Processing /opt/airflow/dags/bi_masan_pipeline.py took 0.053 seconds
[2026-06-15T07:54:27.972+0000] {processor.py:161} INFO - Started process (PID=9803) to work on /opt/airflow/dags/bi_masan_pipeline.py
[2026-06-15T07:54:27.974+0000] {processor.py:830} INFO - Processing file /opt/airflow/dags/bi_masan_pipeline.py for tasks to queue
[2026-06-15T07:54:27.977+0000] {logging_mixin.py:188} INFO - [2026-06-15T07:54:27.976+0000] {dagbag.py:545} INFO - Filling up the DagBag from /opt/airflow/dags/bi_masan_pipeline.py
[2026-06-15T07:54:27.986+0000] {processor.py:840} INFO - DAG(s) 'bi_masan_revenue_pipeline' retrieved from /opt/airflow/dags/bi_masan_pipeline.py
[2026-06-15T07:54:27.999+0000] {logging_mixin.py:188} INFO - [2026-06-15T07:54:27.999+0000] {dag.py:3089} INFO - Sync 1 DAGs
[2026-06-15T07:54:28.009+0000] {logging_mixin.py:188} INFO - [2026-06-15T07:54:28.008+0000] {dag.py:3947} INFO - Setting next_dagrun for bi_masan_revenue_pipeline to 2026-06-15 00:00:00+00:00, run_after=2026-06-16 00:00:00+00:00
[2026-06-15T07:54:28.018+0000] {processor.py:183} INFO - Processing /opt/airflow/dags/bi_masan_pipeline.py took 0.052 seconds
[2026-06-15T07:54:58.160+0000] {processor.py:161} INFO - Started process (PID=9804) to work on /opt/airflow/dags/bi_masan_pipeline.py
[2026-06-15T07:54:58.160+0000] {processor.py:830} INFO - Processing file /opt/airflow/dags/bi_masan_pipeline.py for tasks to queue
[2026-06-15T07:54:58.162+0000] {logging_mixin.py:188} INFO - [2026-06-15T07:54:58.161+0000] {dagbag.py:545} INFO - Filling up the DagBag from /opt/airflow/dags/bi_masan_pipeline.py
[2026-06-15T07:54:58.170+0000] {processor.py:840} INFO - DAG(s) 'bi_masan_revenue_pipeline' retrieved from /opt/airflow/dags/bi_masan_pipeline.py
[2026-06-15T07:54:58.183+0000] {logging_mixin.py:188} INFO - [2026-06-15T07:54:58.183+0000] {dag.py:3089} INFO - Sync 1 DAGs
[2026-06-15T07:54:58.192+0000] {logging_mixin.py:188} INFO - [2026-06-15T07:54:58.192+0000] {dag.py:3947} INFO - Setting next_dagrun for bi_masan_revenue_pipeline to 2026-06-15 00:00:00+00:00, run_after=2026-06-16 00:00:00+00:00
[2026-06-15T07:54:58.202+0000] {processor.py:183} INFO - Processing /opt/airflow/dags/bi_masan_pipeline.py took 0.047 seconds
[2026-06-15T07:55:28.398+0000] {processor.py:161} INFO - Started process (PID=9805) to work on /opt/airflow/dags/bi_masan_pipeline.py
[2026-06-15T07:55:28.401+0000] {processor.py:830} INFO - Processing file /opt/airflow/dags/bi_masan_pipeline.py for tasks to queue
[2026-06-15T07:55:28.402+0000] {logging_mixin.py:188} INFO - [2026-06-15T07:55:28.401+0000] {dagbag.py:545} INFO - Filling up the DagBag from /opt/airflow/dags/bi_masan_pipeline.py
[2026-06-15T07:55:28.408+0000] {processor.py:840} INFO - DAG(s) 'bi_masan_revenue_pipeline' retrieved from /opt/airflow/dags/bi_masan_pipeline.py
[2026-06-15T07:55:28.420+0000] {logging_mixin.py:188} INFO - [2026-06-15T07:55:28.420+0000] {dag.py:3089} INFO - Sync 1 DAGs
[2026-06-15T07:55:28.429+0000] {logging_mixin.py:188} INFO - [2026-06-15T07:55:28.428+0000] {dag.py:3947} INFO - Setting next_dagrun for bi_masan_revenue_pipeline to 2026-06-15 00:00:00+00:00, run_after=2026-06-16 00:00:00+00:00
[2026-06-15T07:55:28.438+0000] {processor.py:183} INFO - Processing /opt/airflow/dags/bi_masan_pipeline.py took 0.044 seconds
[2026-06-15T07:55:58.614+0000] {processor.py:161} INFO - Started process (PID=9806) to work on /opt/airflow/dags/bi_masan_pipeline.py
[2026-06-15T07:55:58.615+0000] {processor.py:830} INFO - Processing file /opt/airflow/dags/bi_masan_pipeline.py for tasks to queue
[2026-06-15T07:55:58.617+0000] {logging_mixin.py:188} INFO - [2026-06-15T07:55:58.617+0000] {dagbag.py:545} INFO - Filling up the DagBag from /opt/airflow/dags/bi_masan_pipeline.py
[2026-06-15T07:55:58.627+0000] {processor.py:840} INFO - DAG(s) 'bi_masan_revenue_pipeline' retrieved from /opt/airflow/dags/bi_masan_pipeline.py
[2026-06-15T07:55:58.640+0000] {logging_mixin.py:188} INFO - [2026-06-15T07:55:58.640+0000] {dag.py:3089} INFO - Sync 1 DAGs
[2026-06-15T07:55:58.649+0000] {logging_mixin.py:188} INFO - [2026-06-15T07:55:58.649+0000] {dag.py:3947} INFO - Setting next_dagrun for bi_masan_revenue_pipeline to 2026-06-15 00:00:00+00:00, run_after=2026-06-16 00:00:00+00:00
[2026-06-15T07:55:58.659+0000] {processor.py:183} INFO - Processing /opt/airflow/dags/bi_masan_pipeline.py took 0.055 seconds
[2026-06-15T07:56:28.816+0000] {processor.py:161} INFO - Started process (PID=9807) to work on /opt/airflow/dags/bi_masan_pipeline.py
[2026-06-15T07:56:28.819+0000] {processor.py:830} INFO - Processing file /opt/airflow/dags/bi_masan_pipeline.py for tasks to queue
[2026-06-15T07:56:28.822+0000] {logging_mixin.py:188} INFO - [2026-06-15T07:56:28.821+0000] {dagbag.py:545} INFO - Filling up the DagBag from /opt/airflow/dags/bi_masan_pipeline.py
[2026-06-15T07:56:28.832+0000] {processor.py:840} INFO - DAG(s) 'bi_masan_revenue_pipeline' retrieved from /opt/airflow/dags/bi_masan_pipeline.py
[2026-06-15T07:56:28.844+0000] {logging_mixin.py:188} INFO - [2026-06-15T07:56:28.844+0000] {dag.py:3089} INFO - Sync 1 DAGs
[2026-06-15T07:56:28.853+0000] {logging_mixin.py:188} INFO - [2026-06-15T07:56:28.853+0000] {dag.py:3947} INFO - Setting next_dagrun for bi_masan_revenue_pipeline to 2026-06-15 00:00:00+00:00, run_after=2026-06-16 00:00:00+00:00
[2026-06-15T07:56:28.862+0000] {processor.py:183} INFO - Processing /opt/airflow/dags/bi_masan_pipeline.py took 0.056 seconds
[2026-06-15T07:56:59.021+0000] {processor.py:161} INFO - Started process (PID=9808) to work on /opt/airflow/dags/bi_masan_pipeline.py
[2026-06-15T07:56:59.022+0000] {processor.py:830} INFO - Processing file /opt/airflow/dags/bi_masan_pipeline.py for tasks to queue
[2026-06-15T07:56:59.023+0000] {logging_mixin.py:188} INFO - [2026-06-15T07:56:59.023+0000] {dagbag.py:545} INFO - Filling up the DagBag from /opt/airflow/dags/bi_masan_pipeline.py
[2026-06-15T07:56:59.030+0000] {processor.py:840} INFO - DAG(s) 'bi_masan_revenue_pipeline' retrieved from /opt/airflow/dags/bi_masan_pipeline.py
[2026-06-15T07:56:59.044+0000] {logging_mixin.py:188} INFO - [2026-06-15T07:56:59.044+0000] {dag.py:3089} INFO - Sync 1 DAGs
[2026-06-15T07:56:59.053+0000] {logging_mixin.py:188} INFO - [2026-06-15T07:56:59.053+0000] {dag.py:3947} INFO - Setting next_dagrun for bi_masan_revenue_pipeline to 2026-06-15 00:00:00+00:00, run_after=2026-06-16 00:00:00+00:00
[2026-06-15T07:56:59.064+0000] {processor.py:183} INFO - Processing /opt/airflow/dags/bi_masan_pipeline.py took 0.048 seconds
[2026-06-15T07:57:29.216+0000] {processor.py:161} INFO - Started process (PID=9809) to work on /opt/airflow/dags/bi_masan_pipeline.py
[2026-06-15T07:57:29.218+0000] {processor.py:830} INFO - Processing file /opt/airflow/dags/bi_masan_pipeline.py for tasks to queue
[2026-06-15T07:57:29.219+0000] {logging_mixin.py:188} INFO - [2026-06-15T07:57:29.219+0000] {dagbag.py:545} INFO - Filling up the DagBag from /opt/airflow/dags/bi_masan_pipeline.py
[2026-06-15T07:57:29.232+0000] {processor.py:840} INFO - DAG(s) 'bi_masan_revenue_pipeline' retrieved from /opt/airflow/dags/bi_masan_pipeline.py
[2026-06-15T07:57:29.246+0000] {logging_mixin.py:188} INFO - [2026-06-15T07:57:29.246+0000] {dag.py:3089} INFO - Sync 1 DAGs
[2026-06-15T07:57:29.256+0000] {logging_mixin.py:188} INFO - [2026-06-15T07:57:29.256+0000] {dag.py:3947} INFO - Setting next_dagrun for bi_masan_revenue_pipeline to 2026-06-15 00:00:00+00:00, run_after=2026-06-16 00:00:00+00:00
[2026-06-15T07:57:29.266+0000] {processor.py:183} INFO - Processing /opt/airflow/dags/bi_masan_pipeline.py took 0.054 seconds
[2026-06-15T07:57:59.350+0000] {processor.py:161} INFO - Started process (PID=9810) to work on /opt/airflow/dags/bi_masan_pipeline.py
[2026-06-15T07:57:59.350+0000] {processor.py:830} INFO - Processing file /opt/airflow/dags/bi_masan_pipeline.py for tasks to queue
[2026-06-15T07:57:59.352+0000] {logging_mixin.py:188} INFO - [2026-06-15T07:57:59.351+0000] {dagbag.py:545} INFO - Filling up the DagBag from /opt/airflow/dags/bi_masan_pipeline.py
[2026-06-15T07:57:59.368+0000] {processor.py:840} INFO - DAG(s) 'bi_masan_revenue_pipeline' retrieved from /opt/airflow/dags/bi_masan_pipeline.py
[2026-06-15T07:57:59.381+0000] {logging_mixin.py:188} INFO - [2026-06-15T07:57:59.381+0000] {dag.py:3089} INFO - Sync 1 DAGs
[2026-06-15T07:57:59.390+0000] {logging_mixin.py:188} INFO - [2026-06-15T07:57:59.390+0000] {dag.py:3947} INFO - Setting next_dagrun for bi_masan_revenue_pipeline to 2026-06-15 00:00:00+00:00, run_after=2026-06-16 00:00:00+00:00
[2026-06-15T07:57:59.399+0000] {processor.py:183} INFO - Processing /opt/airflow/dags/bi_masan_pipeline.py took 0.053 seconds
[2026-06-15T07:58:29.554+0000] {processor.py:161} INFO - Started process (PID=9811) to work on /opt/airflow/dags/bi_masan_pipeline.py
[2026-06-15T07:58:29.556+0000] {processor.py:830} INFO - Processing file /opt/airflow/dags/bi_masan_pipeline.py for tasks to queue
[2026-06-15T07:58:29.557+0000] {logging_mixin.py:188} INFO - [2026-06-15T07:58:29.557+0000] {dagbag.py:545} INFO - Filling up the DagBag from /opt/airflow/dags/bi_masan_pipeline.py
[2026-06-15T07:58:29.568+0000] {processor.py:840} INFO - DAG(s) 'bi_masan_revenue_pipeline' retrieved from /opt/airflow/dags/bi_masan_pipeline.py
[2026-06-15T07:58:29.583+0000] {logging_mixin.py:188} INFO - [2026-06-15T07:58:29.583+0000] {dag.py:3089} INFO - Sync 1 DAGs
[2026-06-15T07:58:29.594+0000] {logging_mixin.py:188} INFO - [2026-06-15T07:58:29.594+0000] {dag.py:3947} INFO - Setting next_dagrun for bi_masan_revenue_pipeline to 2026-06-15 00:00:00+00:00, run_after=2026-06-16 00:00:00+00:00
[2026-06-15T07:58:29.611+0000] {processor.py:183} INFO - Processing /opt/airflow/dags/bi_masan_pipeline.py took 0.060 seconds
[2026-06-15T07:58:59.755+0000] {processor.py:161} INFO - Started process (PID=9812) to work on /opt/airflow/dags/bi_masan_pipeline.py
[2026-06-15T07:58:59.757+0000] {processor.py:830} INFO - Processing file /opt/airflow/dags/bi_masan_pipeline.py for tasks to queue
[2026-06-15T07:58:59.759+0000] {logging_mixin.py:188} INFO - [2026-06-15T07:58:59.759+0000] {dagbag.py:545} INFO - Filling up the DagBag from /opt/airflow/dags/bi_masan_pipeline.py
[2026-06-15T07:58:59.768+0000] {processor.py:840} INFO - DAG(s) 'bi_masan_revenue_pipeline' retrieved from /opt/airflow/dags/bi_masan_pipeline.py
[2026-06-15T07:58:59.782+0000] {logging_mixin.py:188} INFO - [2026-06-15T07:58:59.781+0000] {dag.py:3089} INFO - Sync 1 DAGs
[2026-06-15T07:58:59.790+0000] {logging_mixin.py:188} INFO - [2026-06-15T07:58:59.790+0000] {dag.py:3947} INFO - Setting next_dagrun for bi_masan_revenue_pipeline to 2026-06-15 00:00:00+00:00, run_after=2026-06-16 00:00:00+00:00
[2026-06-15T07:58:59.800+0000] {processor.py:183} INFO - Processing /opt/airflow/dags/bi_masan_pipeline.py took 0.050 seconds
[2026-06-15T07:59:29.966+0000] {processor.py:161} INFO - Started process (PID=9813) to work on /opt/airflow/dags/bi_masan_pipeline.py
[2026-06-15T07:59:29.967+0000] {processor.py:830} INFO - Processing file /opt/airflow/dags/bi_masan_pipeline.py for tasks to queue
[2026-06-15T07:59:29.968+0000] {logging_mixin.py:188} INFO - [2026-06-15T07:59:29.968+0000] {dagbag.py:545} INFO - Filling up the DagBag from /opt/airflow/dags/bi_masan_pipeline.py
[2026-06-15T07:59:29.974+0000] {processor.py:840} INFO - DAG(s) 'bi_masan_revenue_pipeline' retrieved from /opt/airflow/dags/bi_masan_pipeline.py
[2026-06-15T07:59:29.987+0000] {logging_mixin.py:188} INFO - [2026-06-15T07:59:29.987+0000] {dag.py:3089} INFO - Sync 1 DAGs
[2026-06-15T07:59:29.996+0000] {logging_mixin.py:188} INFO - [2026-06-15T07:59:29.996+0000] {dag.py:3947} INFO - Setting next_dagrun for bi_masan_revenue_pipeline to 2026-06-15 00:00:00+00:00, run_after=2026-06-16 00:00:00+00:00
[2026-06-15T07:59:30.006+0000] {processor.py:183} INFO - Processing /opt/airflow/dags/bi_masan_pipeline.py took 0.044 seconds
[2026-06-15T08:00:00.163+0000] {processor.py:161} INFO - Started process (PID=9814) to work on /opt/airflow/dags/bi_masan_pipeline.py
[2026-06-15T08:00:00.165+0000] {processor.py:830} INFO - Processing file /opt/airflow/dags/bi_masan_pipeline.py for tasks to queue
[2026-06-15T08:00:00.166+0000] {logging_mixin.py:188} INFO - [2026-06-15T08:00:00.166+0000] {dagbag.py:545} INFO - Filling up the DagBag from /opt/airflow/dags/bi_masan_pipeline.py
[2026-06-15T08:00:00.178+0000] {processor.py:840} INFO - DAG(s) 'bi_masan_revenue_pipeline' retrieved from /opt/airflow/dags/bi_masan_pipeline.py
[2026-06-15T08:00:00.201+0000] {logging_mixin.py:188} INFO - [2026-06-15T08:00:00.201+0000] {dag.py:3089} INFO - Sync 1 DAGs
[2026-06-15T08:00:00.219+0000] {logging_mixin.py:188} INFO - [2026-06-15T08:00:00.218+0000] {dag.py:3947} INFO - Setting next_dagrun for bi_masan_revenue_pipeline to 2026-06-15 00:00:00+00:00, run_after=2026-06-16 00:00:00+00:00
[2026-06-15T08:00:00.236+0000] {processor.py:183} INFO - Processing /opt/airflow/dags/bi_masan_pipeline.py took 0.077 seconds
[2026-06-15T08:00:31.079+0000] {processor.py:161} INFO - Started process (PID=10941) to work on /opt/airflow/dags/bi_masan_pipeline.py
[2026-06-15T08:00:31.079+0000] {processor.py:830} INFO - Processing file /opt/airflow/dags/bi_masan_pipeline.py for tasks to queue
[2026-06-15T08:00:31.080+0000] {logging_mixin.py:188} INFO - [2026-06-15T08:00:31.080+0000] {dagbag.py:545} INFO - Filling up the DagBag from /opt/airflow/dags/bi_masan_pipeline.py
[2026-06-15T08:00:31.087+0000] {processor.py:840} INFO - DAG(s) 'bi_masan_revenue_pipeline' retrieved from /opt/airflow/dags/bi_masan_pipeline.py
[2026-06-15T08:00:31.100+0000] {logging_mixin.py:188} INFO - [2026-06-15T08:00:31.099+0000] {dag.py:3089} INFO - Sync 1 DAGs
[2026-06-15T08:00:31.109+0000] {logging_mixin.py:188} INFO - [2026-06-15T08:00:31.109+0000] {dag.py:3947} INFO - Setting next_dagrun for bi_masan_revenue_pipeline to 2026-06-15 00:00:00+00:00, run_after=2026-06-16 00:00:00+00:00
[2026-06-15T08:00:31.120+0000] {processor.py:183} INFO - Processing /opt/airflow/dags/bi_masan_pipeline.py took 0.046 seconds
[2026-06-15T08:01:08.932+0000] {processor.py:161} INFO - Started process (PID=12813) to work on /opt/airflow/dags/bi_masan_pipeline.py
[2026-06-15T08:01:08.934+0000] {processor.py:830} INFO - Processing file /opt/airflow/dags/bi_masan_pipeline.py for tasks to queue
[2026-06-15T08:01:08.934+0000] {logging_mixin.py:188} INFO - [2026-06-15T08:01:08.934+0000] {dagbag.py:545} INFO - Filling up the DagBag from /opt/airflow/dags/bi_masan_pipeline.py
[2026-06-15T08:01:08.941+0000] {processor.py:840} INFO - DAG(s) 'bi_masan_revenue_pipeline' retrieved from /opt/airflow/dags/bi_masan_pipeline.py
[2026-06-15T08:01:08.953+0000] {logging_mixin.py:188} INFO - [2026-06-15T08:01:08.953+0000] {dag.py:3089} INFO - Sync 1 DAGs
[2026-06-15T08:01:08.962+0000] {logging_mixin.py:188} INFO - [2026-06-15T08:01:08.962+0000] {dag.py:3947} INFO - Setting next_dagrun for bi_masan_revenue_pipeline to 2026-06-15 00:00:00+00:00, run_after=2026-06-16 00:00:00+00:00
[2026-06-15T08:01:08.972+0000] {processor.py:183} INFO - Processing /opt/airflow/dags/bi_masan_pipeline.py took 0.044 seconds
[2026-06-15T08:01:41.509+0000] {processor.py:161} INFO - Started process (PID=14432) to work on /opt/airflow/dags/bi_masan_pipeline.py
[2026-06-15T08:01:41.509+0000] {processor.py:830} INFO - Processing file /opt/airflow/dags/bi_masan_pipeline.py for tasks to queue
[2026-06-15T08:01:41.510+0000] {logging_mixin.py:188} INFO - [2026-06-15T08:01:41.510+0000] {dagbag.py:545} INFO - Filling up the DagBag from /opt/airflow/dags/bi_masan_pipeline.py
[2026-06-15T08:01:41.516+0000] {processor.py:840} INFO - DAG(s) 'bi_masan_revenue_pipeline' retrieved from /opt/airflow/dags/bi_masan_pipeline.py
[2026-06-15T08:01:41.529+0000] {logging_mixin.py:188} INFO - [2026-06-15T08:01:41.529+0000] {dag.py:3089} INFO - Sync 1 DAGs
[2026-06-15T08:01:41.538+0000] {logging_mixin.py:188} INFO - [2026-06-15T08:01:41.538+0000] {dag.py:3947} INFO - Setting next_dagrun for bi_masan_revenue_pipeline to 2026-06-15 00:00:00+00:00, run_after=2026-06-16 00:00:00+00:00
[2026-06-15T08:01:41.547+0000] {processor.py:183} INFO - Processing /opt/airflow/dags/bi_masan_pipeline.py took 0.041 seconds
[2026-06-15T08:02:17.554+0000] {processor.py:161} INFO - Started process (PID=16228) to work on /opt/airflow/dags/bi_masan_pipeline.py
[2026-06-15T08:02:17.556+0000] {processor.py:830} INFO - Processing file /opt/airflow/dags/bi_masan_pipeline.py for tasks to queue
[2026-06-15T08:02:17.557+0000] {logging_mixin.py:188} INFO - [2026-06-15T08:02:17.557+0000] {dagbag.py:545} INFO - Filling up the DagBag from /opt/airflow/dags/bi_masan_pipeline.py
[2026-06-15T08:02:17.565+0000] {processor.py:840} INFO - DAG(s) 'bi_masan_revenue_pipeline' retrieved from /opt/airflow/dags/bi_masan_pipeline.py
[2026-06-15T08:02:17.577+0000] {logging_mixin.py:188} INFO - [2026-06-15T08:02:17.577+0000] {dag.py:3089} INFO - Sync 1 DAGs
[2026-06-15T08:02:17.586+0000] {logging_mixin.py:188} INFO - [2026-06-15T08:02:17.586+0000] {dag.py:3947} INFO - Setting next_dagrun for bi_masan_revenue_pipeline to 2026-06-15 00:00:00+00:00, run_after=2026-06-16 00:00:00+00:00
[2026-06-15T08:02:17.595+0000] {processor.py:183} INFO - Processing /opt/airflow/dags/bi_masan_pipeline.py took 0.047 seconds
[2026-06-15T08:02:47.752+0000] {processor.py:161} INFO - Started process (PID=16229) to work on /opt/airflow/dags/bi_masan_pipeline.py
[2026-06-15T08:02:47.752+0000] {processor.py:830} INFO - Processing file /opt/airflow/dags/bi_masan_pipeline.py for tasks to queue
[2026-06-15T08:02:47.754+0000] {logging_mixin.py:188} INFO - [2026-06-15T08:02:47.753+0000] {dagbag.py:545} INFO - Filling up the DagBag from /opt/airflow/dags/bi_masan_pipeline.py
[2026-06-15T08:02:47.764+0000] {processor.py:840} INFO - DAG(s) 'bi_masan_revenue_pipeline' retrieved from /opt/airflow/dags/bi_masan_pipeline.py
[2026-06-15T08:02:47.777+0000] {logging_mixin.py:188} INFO - [2026-06-15T08:02:47.777+0000] {dag.py:3089} INFO - Sync 1 DAGs
[2026-06-15T08:02:47.787+0000] {logging_mixin.py:188} INFO - [2026-06-15T08:02:47.787+0000] {dag.py:3947} INFO - Setting next_dagrun for bi_masan_revenue_pipeline to 2026-06-15 00:00:00+00:00, run_after=2026-06-16 00:00:00+00:00
[2026-06-15T08:02:47.799+0000] {processor.py:183} INFO - Processing /opt/airflow/dags/bi_masan_pipeline.py took 0.054 seconds
[2026-06-15T08:03:18.092+0000] {processor.py:161} INFO - Started process (PID=16230) to work on /opt/airflow/dags/bi_masan_pipeline.py
[2026-06-15T08:03:18.094+0000] {processor.py:830} INFO - Processing file /opt/airflow/dags/bi_masan_pipeline.py for tasks to queue
[2026-06-15T08:03:18.098+0000] {logging_mixin.py:188} INFO - [2026-06-15T08:03:18.097+0000] {dagbag.py:545} INFO - Filling up the DagBag from /opt/airflow/dags/bi_masan_pipeline.py
[2026-06-15T08:03:18.106+0000] {processor.py:840} INFO - DAG(s) 'bi_masan_revenue_pipeline' retrieved from /opt/airflow/dags/bi_masan_pipeline.py
[2026-06-15T08:03:18.120+0000] {logging_mixin.py:188} INFO - [2026-06-15T08:03:18.120+0000] {dag.py:3089} INFO - Sync 1 DAGs
[2026-06-15T08:03:18.131+0000] {logging_mixin.py:188} INFO - [2026-06-15T08:03:18.130+0000] {dag.py:3947} INFO - Setting next_dagrun for bi_masan_revenue_pipeline to 2026-06-15 00:00:00+00:00, run_after=2026-06-16 00:00:00+00:00
[2026-06-15T08:03:18.141+0000] {processor.py:183} INFO - Processing /opt/airflow/dags/bi_masan_pipeline.py took 0.053 seconds
[2026-06-15T08:03:50.467+0000] {processor.py:161} INFO - Started process (PID=16663) to work on /opt/airflow/dags/bi_masan_pipeline.py
[2026-06-15T08:03:50.468+0000] {processor.py:830} INFO - Processing file /opt/airflow/dags/bi_masan_pipeline.py for tasks to queue
[2026-06-15T08:03:50.469+0000] {logging_mixin.py:188} INFO - [2026-06-15T08:03:50.469+0000] {dagbag.py:545} INFO - Filling up the DagBag from /opt/airflow/dags/bi_masan_pipeline.py
[2026-06-15T08:03:50.477+0000] {processor.py:840} INFO - DAG(s) 'bi_masan_revenue_pipeline' retrieved from /opt/airflow/dags/bi_masan_pipeline.py
[2026-06-15T08:03:50.492+0000] {logging_mixin.py:188} INFO - [2026-06-15T08:03:50.492+0000] {dag.py:3089} INFO - Sync 1 DAGs
[2026-06-15T08:03:50.501+0000] {logging_mixin.py:188} INFO - [2026-06-15T08:03:50.501+0000] {dag.py:3947} INFO - Setting next_dagrun for bi_masan_revenue_pipeline to 2026-06-15 00:00:00+00:00, run_after=2026-06-16 00:00:00+00:00
[2026-06-15T08:03:50.512+0000] {processor.py:183} INFO - Processing /opt/airflow/dags/bi_masan_pipeline.py took 0.050 seconds
[2026-06-15T08:04:28.190+0000] {processor.py:161} INFO - Started process (PID=18429) to work on /opt/airflow/dags/bi_masan_pipeline.py
[2026-06-15T08:04:28.191+0000] {processor.py:830} INFO - Processing file /opt/airflow/dags/bi_masan_pipeline.py for tasks to queue
[2026-06-15T08:04:28.192+0000] {logging_mixin.py:188} INFO - [2026-06-15T08:04:28.192+0000] {dagbag.py:545} INFO - Filling up the DagBag from /opt/airflow/dags/bi_masan_pipeline.py
[2026-06-15T08:04:28.199+0000] {processor.py:840} INFO - DAG(s) 'bi_masan_revenue_pipeline' retrieved from /opt/airflow/dags/bi_masan_pipeline.py
[2026-06-15T08:04:28.213+0000] {logging_mixin.py:188} INFO - [2026-06-15T08:04:28.213+0000] {dag.py:3089} INFO - Sync 1 DAGs
[2026-06-15T08:04:28.225+0000] {logging_mixin.py:188} INFO - [2026-06-15T08:04:28.225+0000] {dag.py:3947} INFO - Setting next_dagrun for bi_masan_revenue_pipeline to 2026-06-15 00:00:00+00:00, run_after=2026-06-16 00:00:00+00:00
[2026-06-15T08:04:28.236+0000] {processor.py:183} INFO - Processing /opt/airflow/dags/bi_masan_pipeline.py took 0.050 seconds
[2026-06-15T08:05:06.360+0000] {processor.py:161} INFO - Started process (PID=20169) to work on /opt/airflow/dags/bi_masan_pipeline.py
[2026-06-15T08:05:06.361+0000] {processor.py:830} INFO - Processing file /opt/airflow/dags/bi_masan_pipeline.py for tasks to queue
[2026-06-15T08:05:06.362+0000] {logging_mixin.py:188} INFO - [2026-06-15T08:05:06.362+0000] {dagbag.py:545} INFO - Filling up the DagBag from /opt/airflow/dags/bi_masan_pipeline.py
[2026-06-15T08:05:06.371+0000] {processor.py:840} INFO - DAG(s) 'bi_masan_revenue_pipeline' retrieved from /opt/airflow/dags/bi_masan_pipeline.py
[2026-06-15T08:05:06.385+0000] {logging_mixin.py:188} INFO - [2026-06-15T08:05:06.385+0000] {dag.py:3089} INFO - Sync 1 DAGs
[2026-06-15T08:05:06.395+0000] {logging_mixin.py:188} INFO - [2026-06-15T08:05:06.395+0000] {dag.py:3947} INFO - Setting next_dagrun for bi_masan_revenue_pipeline to 2026-06-15 00:00:00+00:00, run_after=2026-06-16 00:00:00+00:00
[2026-06-15T08:05:06.406+0000] {processor.py:183} INFO - Processing /opt/airflow/dags/bi_masan_pipeline.py took 0.050 seconds
[2026-06-15T08:05:37.417+0000] {processor.py:161} INFO - Started process (PID=20658) to work on /opt/airflow/dags/bi_masan_pipeline.py
[2026-06-15T08:05:37.418+0000] {processor.py:830} INFO - Processing file /opt/airflow/dags/bi_masan_pipeline.py for tasks to queue
[2026-06-15T08:05:37.420+0000] {logging_mixin.py:188} INFO - [2026-06-15T08:05:37.419+0000] {dagbag.py:545} INFO - Filling up the DagBag from /opt/airflow/dags/bi_masan_pipeline.py
[2026-06-15T08:05:37.434+0000] {processor.py:840} INFO - DAG(s) 'bi_masan_revenue_pipeline' retrieved from /opt/airflow/dags/bi_masan_pipeline.py
[2026-06-15T08:05:37.459+0000] {logging_mixin.py:188} INFO - [2026-06-15T08:05:37.459+0000] {dag.py:3089} INFO - Sync 1 DAGs
[2026-06-15T08:05:37.471+0000] {logging_mixin.py:188} INFO - [2026-06-15T08:05:37.471+0000] {dag.py:3947} INFO - Setting next_dagrun for bi_masan_revenue_pipeline to 2026-06-15 00:00:00+00:00, run_after=2026-06-16 00:00:00+00:00
[2026-06-15T08:05:37.483+0000] {processor.py:183} INFO - Processing /opt/airflow/dags/bi_masan_pipeline.py took 0.071 seconds
[2026-06-15T08:06:08.070+0000] {processor.py:161} INFO - Started process (PID=20659) to work on /opt/airflow/dags/bi_masan_pipeline.py
[2026-06-15T08:06:08.072+0000] {processor.py:830} INFO - Processing file /opt/airflow/dags/bi_masan_pipeline.py for tasks to queue
[2026-06-15T08:06:08.073+0000] {logging_mixin.py:188} INFO - [2026-06-15T08:06:08.073+0000] {dagbag.py:545} INFO - Filling up the DagBag from /opt/airflow/dags/bi_masan_pipeline.py
[2026-06-15T08:06:08.084+0000] {processor.py:840} INFO - DAG(s) 'bi_masan_revenue_pipeline' retrieved from /opt/airflow/dags/bi_masan_pipeline.py
[2026-06-15T08:06:08.098+0000] {logging_mixin.py:188} INFO - [2026-06-15T08:06:08.098+0000] {dag.py:3089} INFO - Sync 1 DAGs
[2026-06-15T08:06:08.106+0000] {logging_mixin.py:188} INFO - [2026-06-15T08:06:08.106+0000] {dag.py:3947} INFO - Setting next_dagrun for bi_masan_revenue_pipeline to 2026-06-15 00:00:00+00:00, run_after=2026-06-16 00:00:00+00:00
[2026-06-15T08:06:08.116+0000] {processor.py:183} INFO - Processing /opt/airflow/dags/bi_masan_pipeline.py took 0.056 seconds
[2026-06-15T08:06:38.266+0000] {processor.py:161} INFO - Started process (PID=20660) to work on /opt/airflow/dags/bi_masan_pipeline.py
[2026-06-15T08:06:38.266+0000] {processor.py:830} INFO - Processing file /opt/airflow/dags/bi_masan_pipeline.py for tasks to queue
[2026-06-15T08:06:38.267+0000] {logging_mixin.py:188} INFO - [2026-06-15T08:06:38.267+0000] {dagbag.py:545} INFO - Filling up the DagBag from /opt/airflow/dags/bi_masan_pipeline.py
[2026-06-15T08:06:38.280+0000] {processor.py:840} INFO - DAG(s) 'bi_masan_revenue_pipeline' retrieved from /opt/airflow/dags/bi_masan_pipeline.py
[2026-06-15T08:06:38.295+0000] {logging_mixin.py:188} INFO - [2026-06-15T08:06:38.295+0000] {dag.py:3089} INFO - Sync 1 DAGs
[2026-06-15T08:06:38.306+0000] {logging_mixin.py:188} INFO - [2026-06-15T08:06:38.306+0000] {dag.py:3947} INFO - Setting next_dagrun for bi_masan_revenue_pipeline to 2026-06-15 00:00:00+00:00, run_after=2026-06-16 00:00:00+00:00
[2026-06-15T08:06:38.316+0000] {processor.py:183} INFO - Processing /opt/airflow/dags/bi_masan_pipeline.py took 0.055 seconds
[2026-06-15T08:07:08.507+0000] {processor.py:161} INFO - Started process (PID=20661) to work on /opt/airflow/dags/bi_masan_pipeline.py
[2026-06-15T08:07:08.509+0000] {processor.py:830} INFO - Processing file /opt/airflow/dags/bi_masan_pipeline.py for tasks to queue
[2026-06-15T08:07:08.510+0000] {logging_mixin.py:188} INFO - [2026-06-15T08:07:08.510+0000] {dagbag.py:545} INFO - Filling up the DagBag from /opt/airflow/dags/bi_masan_pipeline.py
[2026-06-15T08:07:08.517+0000] {processor.py:840} INFO - DAG(s) 'bi_masan_revenue_pipeline' retrieved from /opt/airflow/dags/bi_masan_pipeline.py
[2026-06-15T08:07:08.532+0000] {logging_mixin.py:188} INFO - [2026-06-15T08:07:08.532+0000] {dag.py:3089} INFO - Sync 1 DAGs
[2026-06-15T08:07:08.541+0000] {logging_mixin.py:188} INFO - [2026-06-15T08:07:08.541+0000] {dag.py:3947} INFO - Setting next_dagrun for bi_masan_revenue_pipeline to 2026-06-15 00:00:00+00:00, run_after=2026-06-16 00:00:00+00:00
[2026-06-15T08:07:08.556+0000] {processor.py:183} INFO - Processing /opt/airflow/dags/bi_masan_pipeline.py took 0.053 seconds
[2026-06-15T08:07:38.729+0000] {processor.py:161} INFO - Started process (PID=20662) to work on /opt/airflow/dags/bi_masan_pipeline.py
[2026-06-15T08:07:38.730+0000] {processor.py:830} INFO - Processing file /opt/airflow/dags/bi_masan_pipeline.py for tasks to queue
[2026-06-15T08:07:38.732+0000] {logging_mixin.py:188} INFO - [2026-06-15T08:07:38.731+0000] {dagbag.py:545} INFO - Filling up the DagBag from /opt/airflow/dags/bi_masan_pipeline.py
[2026-06-15T08:07:38.739+0000] {processor.py:840} INFO - DAG(s) 'bi_masan_revenue_pipeline' retrieved from /opt/airflow/dags/bi_masan_pipeline.py
[2026-06-15T08:07:38.753+0000] {logging_mixin.py:188} INFO - [2026-06-15T08:07:38.753+0000] {dag.py:3089} INFO - Sync 1 DAGs
[2026-06-15T08:07:38.763+0000] {logging_mixin.py:188} INFO - [2026-06-15T08:07:38.763+0000] {dag.py:3947} INFO - Setting next_dagrun for bi_masan_revenue_pipeline to 2026-06-15 00:00:00+00:00, run_after=2026-06-16 00:00:00+00:00
[2026-06-15T08:07:38.772+0000] {processor.py:183} INFO - Processing /opt/airflow/dags/bi_masan_pipeline.py took 0.051 seconds
[2026-06-15T08:08:08.946+0000] {processor.py:161} INFO - Started process (PID=20663) to work on /opt/airflow/dags/bi_masan_pipeline.py
[2026-06-15T08:08:08.948+0000] {processor.py:830} INFO - Processing file /opt/airflow/dags/bi_masan_pipeline.py for tasks to queue
[2026-06-15T08:08:08.949+0000] {logging_mixin.py:188} INFO - [2026-06-15T08:08:08.949+0000] {dagbag.py:545} INFO - Filling up the DagBag from /opt/airflow/dags/bi_masan_pipeline.py
[2026-06-15T08:08:08.956+0000] {processor.py:840} INFO - DAG(s) 'bi_masan_revenue_pipeline' retrieved from /opt/airflow/dags/bi_masan_pipeline.py
[2026-06-15T08:08:08.969+0000] {logging_mixin.py:188} INFO - [2026-06-15T08:08:08.969+0000] {dag.py:3089} INFO - Sync 1 DAGs
[2026-06-15T08:08:08.978+0000] {logging_mixin.py:188} INFO - [2026-06-15T08:08:08.978+0000] {dag.py:3947} INFO - Setting next_dagrun for bi_masan_revenue_pipeline to 2026-06-15 00:00:00+00:00, run_after=2026-06-16 00:00:00+00:00
[2026-06-15T08:08:08.988+0000] {processor.py:183} INFO - Processing /opt/airflow/dags/bi_masan_pipeline.py took 0.048 seconds
[2026-06-15T08:08:39.130+0000] {processor.py:161} INFO - Started process (PID=20664) to work on /opt/airflow/dags/bi_masan_pipeline.py
[2026-06-15T08:08:39.130+0000] {processor.py:830} INFO - Processing file /opt/airflow/dags/bi_masan_pipeline.py for tasks to queue
[2026-06-15T08:08:39.132+0000] {logging_mixin.py:188} INFO - [2026-06-15T08:08:39.131+0000] {dagbag.py:545} INFO - Filling up the DagBag from /opt/airflow/dags/bi_masan_pipeline.py
[2026-06-15T08:08:39.150+0000] {processor.py:840} INFO - DAG(s) 'bi_masan_revenue_pipeline' retrieved from /opt/airflow/dags/bi_masan_pipeline.py
[2026-06-15T08:08:39.165+0000] {logging_mixin.py:188} INFO - [2026-06-15T08:08:39.164+0000] {dag.py:3089} INFO - Sync 1 DAGs
[2026-06-15T08:08:39.175+0000] {logging_mixin.py:188} INFO - [2026-06-15T08:08:39.175+0000] {dag.py:3947} INFO - Setting next_dagrun for bi_masan_revenue_pipeline to 2026-06-15 00:00:00+00:00, run_after=2026-06-16 00:00:00+00:00
[2026-06-15T08:08:39.184+0000] {processor.py:183} INFO - Processing /opt/airflow/dags/bi_masan_pipeline.py took 0.063 seconds
[2026-06-15T08:09:09.318+0000] {processor.py:161} INFO - Started process (PID=20665) to work on /opt/airflow/dags/bi_masan_pipeline.py
[2026-06-15T08:09:09.320+0000] {processor.py:830} INFO - Processing file /opt/airflow/dags/bi_masan_pipeline.py for tasks to queue
[2026-06-15T08:09:09.321+0000] {logging_mixin.py:188} INFO - [2026-06-15T08:09:09.320+0000] {dagbag.py:545} INFO - Filling up the DagBag from /opt/airflow/dags/bi_masan_pipeline.py
[2026-06-15T08:09:09.327+0000] {processor.py:840} INFO - DAG(s) 'bi_masan_revenue_pipeline' retrieved from /opt/airflow/dags/bi_masan_pipeline.py
[2026-06-15T08:09:09.342+0000] {logging_mixin.py:188} INFO - [2026-06-15T08:09:09.342+0000] {dag.py:3089} INFO - Sync 1 DAGs
[2026-06-15T08:09:09.351+0000] {logging_mixin.py:188} INFO - [2026-06-15T08:09:09.351+0000] {dag.py:3947} INFO - Setting next_dagrun for bi_masan_revenue_pipeline to 2026-06-15 00:00:00+00:00, run_after=2026-06-16 00:00:00+00:00
[2026-06-15T08:09:09.362+0000] {processor.py:183} INFO - Processing /opt/airflow/dags/bi_masan_pipeline.py took 0.047 seconds
[2026-06-15T08:09:39.548+0000] {processor.py:161} INFO - Started process (PID=20666) to work on /opt/airflow/dags/bi_masan_pipeline.py
[2026-06-15T08:09:39.549+0000] {processor.py:830} INFO - Processing file /opt/airflow/dags/bi_masan_pipeline.py for tasks to queue
[2026-06-15T08:09:39.553+0000] {logging_mixin.py:188} INFO - [2026-06-15T08:09:39.552+0000] {dagbag.py:545} INFO - Filling up the DagBag from /opt/airflow/dags/bi_masan_pipeline.py
[2026-06-15T08:09:39.562+0000] {processor.py:840} INFO - DAG(s) 'bi_masan_revenue_pipeline' retrieved from /opt/airflow/dags/bi_masan_pipeline.py
[2026-06-15T08:09:39.577+0000] {logging_mixin.py:188} INFO - [2026-06-15T08:09:39.577+0000] {dag.py:3089} INFO - Sync 1 DAGs
[2026-06-15T08:09:39.587+0000] {logging_mixin.py:188} INFO - [2026-06-15T08:09:39.587+0000] {dag.py:3947} INFO - Setting next_dagrun for bi_masan_revenue_pipeline to 2026-06-15 00:00:00+00:00, run_after=2026-06-16 00:00:00+00:00
[2026-06-15T08:09:39.597+0000] {processor.py:183} INFO - Processing /opt/airflow/dags/bi_masan_pipeline.py took 0.058 seconds
[2026-06-15T08:10:09.765+0000] {processor.py:161} INFO - Started process (PID=20667) to work on /opt/airflow/dags/bi_masan_pipeline.py
[2026-06-15T08:10:09.768+0000] {processor.py:830} INFO - Processing file /opt/airflow/dags/bi_masan_pipeline.py for tasks to queue
[2026-06-15T08:10:09.769+0000] {logging_mixin.py:188} INFO - [2026-06-15T08:10:09.769+0000] {dagbag.py:545} INFO - Filling up the DagBag from /opt/airflow/dags/bi_masan_pipeline.py
[2026-06-15T08:10:09.781+0000] {processor.py:840} INFO - DAG(s) 'bi_masan_revenue_pipeline' retrieved from /opt/airflow/dags/bi_masan_pipeline.py
[2026-06-15T08:10:09.794+0000] {logging_mixin.py:188} INFO - [2026-06-15T08:10:09.794+0000] {dag.py:3089} INFO - Sync 1 DAGs
[2026-06-15T08:10:09.802+0000] {logging_mixin.py:188} INFO - [2026-06-15T08:10:09.802+0000] {dag.py:3947} INFO - Setting next_dagrun for bi_masan_revenue_pipeline to 2026-06-15 00:00:00+00:00, run_after=2026-06-16 00:00:00+00:00
[2026-06-15T08:10:09.815+0000] {processor.py:183} INFO - Processing /opt/airflow/dags/bi_masan_pipeline.py took 0.052 seconds
[2026-06-15T08:10:39.984+0000] {processor.py:161} INFO - Started process (PID=20668) to work on /opt/airflow/dags/bi_masan_pipeline.py
[2026-06-15T08:10:39.984+0000] {processor.py:830} INFO - Processing file /opt/airflow/dags/bi_masan_pipeline.py for tasks to queue
[2026-06-15T08:10:39.986+0000] {logging_mixin.py:188} INFO - [2026-06-15T08:10:39.985+0000] {dagbag.py:545} INFO - Filling up the DagBag from /opt/airflow/dags/bi_masan_pipeline.py
[2026-06-15T08:10:39.998+0000] {processor.py:840} INFO - DAG(s) 'bi_masan_revenue_pipeline' retrieved from /opt/airflow/dags/bi_masan_pipeline.py
[2026-06-15T08:10:40.015+0000] {logging_mixin.py:188} INFO - [2026-06-15T08:10:40.014+0000] {dag.py:3089} INFO - Sync 1 DAGs
[2026-06-15T08:10:40.025+0000] {logging_mixin.py:188} INFO - [2026-06-15T08:10:40.024+0000] {dag.py:3947} INFO - Setting next_dagrun for bi_masan_revenue_pipeline to 2026-06-15 00:00:00+00:00, run_after=2026-06-16 00:00:00+00:00
[2026-06-15T08:10:40.037+0000] {processor.py:183} INFO - Processing /opt/airflow/dags/bi_masan_pipeline.py took 0.059 seconds
[2026-06-15T08:11:10.207+0000] {processor.py:161} INFO - Started process (PID=20669) to work on /opt/airflow/dags/bi_masan_pipeline.py
[2026-06-15T08:11:10.210+0000] {processor.py:830} INFO - Processing file /opt/airflow/dags/bi_masan_pipeline.py for tasks to queue
[2026-06-15T08:11:10.212+0000] {logging_mixin.py:188} INFO - [2026-06-15T08:11:10.212+0000] {dagbag.py:545} INFO - Filling up the DagBag from /opt/airflow/dags/bi_masan_pipeline.py
[2026-06-15T08:11:10.223+0000] {processor.py:840} INFO - DAG(s) 'bi_masan_revenue_pipeline' retrieved from /opt/airflow/dags/bi_masan_pipeline.py
[2026-06-15T08:11:10.237+0000] {logging_mixin.py:188} INFO - [2026-06-15T08:11:10.237+0000] {dag.py:3089} INFO - Sync 1 DAGs
[2026-06-15T08:11:10.245+0000] {logging_mixin.py:188} INFO - [2026-06-15T08:11:10.245+0000] {dag.py:3947} INFO - Setting next_dagrun for bi_masan_revenue_pipeline to 2026-06-15 00:00:00+00:00, run_after=2026-06-16 00:00:00+00:00
[2026-06-15T08:11:10.258+0000] {processor.py:183} INFO - Processing /opt/airflow/dags/bi_masan_pipeline.py took 0.062 seconds
[2026-06-15T08:11:40.318+0000] {processor.py:161} INFO - Started process (PID=20670) to work on /opt/airflow/dags/bi_masan_pipeline.py
[2026-06-15T08:11:40.319+0000] {processor.py:830} INFO - Processing file /opt/airflow/dags/bi_masan_pipeline.py for tasks to queue
[2026-06-15T08:11:40.320+0000] {logging_mixin.py:188} INFO - [2026-06-15T08:11:40.320+0000] {dagbag.py:545} INFO - Filling up the DagBag from /opt/airflow/dags/bi_masan_pipeline.py
[2026-06-15T08:11:40.326+0000] {processor.py:840} INFO - DAG(s) 'bi_masan_revenue_pipeline' retrieved from /opt/airflow/dags/bi_masan_pipeline.py
[2026-06-15T08:11:40.339+0000] {logging_mixin.py:188} INFO - [2026-06-15T08:11:40.339+0000] {dag.py:3089} INFO - Sync 1 DAGs
[2026-06-15T08:11:40.349+0000] {logging_mixin.py:188} INFO - [2026-06-15T08:11:40.349+0000] {dag.py:3947} INFO - Setting next_dagrun for bi_masan_revenue_pipeline to 2026-06-15 00:00:00+00:00, run_after=2026-06-16 00:00:00+00:00
[2026-06-15T08:11:40.360+0000] {processor.py:183} INFO - Processing /opt/airflow/dags/bi_masan_pipeline.py took 0.044 seconds
[2026-06-15T08:12:10.524+0000] {processor.py:161} INFO - Started process (PID=20671) to work on /opt/airflow/dags/bi_masan_pipeline.py
[2026-06-15T08:12:10.526+0000] {processor.py:830} INFO - Processing file /opt/airflow/dags/bi_masan_pipeline.py for tasks to queue
[2026-06-15T08:12:10.528+0000] {logging_mixin.py:188} INFO - [2026-06-15T08:12:10.528+0000] {dagbag.py:545} INFO - Filling up the DagBag from /opt/airflow/dags/bi_masan_pipeline.py
[2026-06-15T08:12:10.539+0000] {processor.py:840} INFO - DAG(s) 'bi_masan_revenue_pipeline' retrieved from /opt/airflow/dags/bi_masan_pipeline.py
[2026-06-15T08:12:10.552+0000] {logging_mixin.py:188} INFO - [2026-06-15T08:12:10.552+0000] {dag.py:3089} INFO - Sync 1 DAGs
[2026-06-15T08:12:10.561+0000] {logging_mixin.py:188} INFO - [2026-06-15T08:12:10.561+0000] {dag.py:3947} INFO - Setting next_dagrun for bi_masan_revenue_pipeline to 2026-06-15 00:00:00+00:00, run_after=2026-06-16 00:00:00+00:00
[2026-06-15T08:12:10.571+0000] {processor.py:183} INFO - Processing /opt/airflow/dags/bi_masan_pipeline.py took 0.052 seconds
[2026-06-15T08:12:40.743+0000] {processor.py:161} INFO - Started process (PID=20672) to work on /opt/airflow/dags/bi_masan_pipeline.py
[2026-06-15T08:12:40.743+0000] {processor.py:830} INFO - Processing file /opt/airflow/dags/bi_masan_pipeline.py for tasks to queue
[2026-06-15T08:12:40.745+0000] {logging_mixin.py:188} INFO - [2026-06-15T08:12:40.744+0000] {dagbag.py:545} INFO - Filling up the DagBag from /opt/airflow/dags/bi_masan_pipeline.py
[2026-06-15T08:12:40.754+0000] {processor.py:840} INFO - DAG(s) 'bi_masan_revenue_pipeline' retrieved from /opt/airflow/dags/bi_masan_pipeline.py
[2026-06-15T08:12:40.773+0000] {logging_mixin.py:188} INFO - [2026-06-15T08:12:40.773+0000] {dag.py:3089} INFO - Sync 1 DAGs
[2026-06-15T08:12:40.785+0000] {logging_mixin.py:188} INFO - [2026-06-15T08:12:40.784+0000] {dag.py:3947} INFO - Setting next_dagrun for bi_masan_revenue_pipeline to 2026-06-15 00:00:00+00:00, run_after=2026-06-16 00:00:00+00:00
[2026-06-15T08:12:40.800+0000] {processor.py:183} INFO - Processing /opt/airflow/dags/bi_masan_pipeline.py took 0.061 seconds
[2026-06-15T08:13:10.957+0000] {processor.py:161} INFO - Started process (PID=20673) to work on /opt/airflow/dags/bi_masan_pipeline.py
[2026-06-15T08:13:10.959+0000] {processor.py:830} INFO - Processing file /opt/airflow/dags/bi_masan_pipeline.py for tasks to queue
[2026-06-15T08:13:10.960+0000] {logging_mixin.py:188} INFO - [2026-06-15T08:13:10.960+0000] {dagbag.py:545} INFO - Filling up the DagBag from /opt/airflow/dags/bi_masan_pipeline.py
[2026-06-15T08:13:10.967+0000] {processor.py:840} INFO - DAG(s) 'bi_masan_revenue_pipeline' retrieved from /opt/airflow/dags/bi_masan_pipeline.py
[2026-06-15T08:13:10.980+0000] {logging_mixin.py:188} INFO - [2026-06-15T08:13:10.979+0000] {dag.py:3089} INFO - Sync 1 DAGs
[2026-06-15T08:13:10.988+0000] {logging_mixin.py:188} INFO - [2026-06-15T08:13:10.988+0000] {dag.py:3947} INFO - Setting next_dagrun for bi_masan_revenue_pipeline to 2026-06-15 00:00:00+00:00, run_after=2026-06-16 00:00:00+00:00
[2026-06-15T08:13:10.998+0000] {processor.py:183} INFO - Processing /opt/airflow/dags/bi_masan_pipeline.py took 0.044 seconds
[2026-06-15T08:13:41.121+0000] {processor.py:161} INFO - Started process (PID=20674) to work on /opt/airflow/dags/bi_masan_pipeline.py
[2026-06-15T08:13:41.122+0000] {processor.py:830} INFO - Processing file /opt/airflow/dags/bi_masan_pipeline.py for tasks to queue
[2026-06-15T08:13:41.122+0000] {logging_mixin.py:188} INFO - [2026-06-15T08:13:41.122+0000] {dagbag.py:545} INFO - Filling up the DagBag from /opt/airflow/dags/bi_masan_pipeline.py
[2026-06-15T08:13:41.129+0000] {processor.py:840} INFO - DAG(s) 'bi_masan_revenue_pipeline' retrieved from /opt/airflow/dags/bi_masan_pipeline.py
[2026-06-15T08:13:41.143+0000] {logging_mixin.py:188} INFO - [2026-06-15T08:13:41.143+0000] {dag.py:3089} INFO - Sync 1 DAGs
[2026-06-15T08:13:41.153+0000] {logging_mixin.py:188} INFO - [2026-06-15T08:13:41.153+0000] {dag.py:3947} INFO - Setting next_dagrun for bi_masan_revenue_pipeline to 2026-06-15 00:00:00+00:00, run_after=2026-06-16 00:00:00+00:00
[2026-06-15T08:13:41.163+0000] {processor.py:183} INFO - Processing /opt/airflow/dags/bi_masan_pipeline.py took 0.045 seconds
[2026-06-15T08:14:11.334+0000] {processor.py:161} INFO - Started process (PID=20675) to work on /opt/airflow/dags/bi_masan_pipeline.py
[2026-06-15T08:14:11.336+0000] {processor.py:830} INFO - Processing file /opt/airflow/dags/bi_masan_pipeline.py for tasks to queue
[2026-06-15T08:14:11.337+0000] {logging_mixin.py:188} INFO - [2026-06-15T08:14:11.337+0000] {dagbag.py:545} INFO - Filling up the DagBag from /opt/airflow/dags/bi_masan_pipeline.py
[2026-06-15T08:14:11.345+0000] {processor.py:840} INFO - DAG(s) 'bi_masan_revenue_pipeline' retrieved from /opt/airflow/dags/bi_masan_pipeline.py
[2026-06-15T08:14:11.364+0000] {logging_mixin.py:188} INFO - [2026-06-15T08:14:11.364+0000] {dag.py:3089} INFO - Sync 1 DAGs
[2026-06-15T08:14:11.374+0000] {logging_mixin.py:188} INFO - [2026-06-15T08:14:11.374+0000] {dag.py:3947} INFO - Setting next_dagrun for bi_masan_revenue_pipeline to 2026-06-15 00:00:00+00:00, run_after=2026-06-16 00:00:00+00:00
[2026-06-15T08:14:11.384+0000] {processor.py:183} INFO - Processing /opt/airflow/dags/bi_masan_pipeline.py took 0.054 seconds
[2026-06-15T08:14:41.524+0000] {processor.py:161} INFO - Started process (PID=20676) to work on /opt/airflow/dags/bi_masan_pipeline.py
[2026-06-15T08:14:41.526+0000] {processor.py:830} INFO - Processing file /opt/airflow/dags/bi_masan_pipeline.py for tasks to queue
[2026-06-15T08:14:41.528+0000] {logging_mixin.py:188} INFO - [2026-06-15T08:14:41.528+0000] {dagbag.py:545} INFO - Filling up the DagBag from /opt/airflow/dags/bi_masan_pipeline.py
[2026-06-15T08:14:41.539+0000] {processor.py:840} INFO - DAG(s) 'bi_masan_revenue_pipeline' retrieved from /opt/airflow/dags/bi_masan_pipeline.py
[2026-06-15T08:14:41.552+0000] {logging_mixin.py:188} INFO - [2026-06-15T08:14:41.551+0000] {dag.py:3089} INFO - Sync 1 DAGs
[2026-06-15T08:14:41.560+0000] {logging_mixin.py:188} INFO - [2026-06-15T08:14:41.560+0000] {dag.py:3947} INFO - Setting next_dagrun for bi_masan_revenue_pipeline to 2026-06-15 00:00:00+00:00, run_after=2026-06-16 00:00:00+00:00
[2026-06-15T08:14:41.570+0000] {processor.py:183} INFO - Processing /opt/airflow/dags/bi_masan_pipeline.py took 0.052 seconds
[2026-06-15T08:15:11.736+0000] {processor.py:161} INFO - Started process (PID=20677) to work on /opt/airflow/dags/bi_masan_pipeline.py
[2026-06-15T08:15:11.736+0000] {processor.py:830} INFO - Processing file /opt/airflow/dags/bi_masan_pipeline.py for tasks to queue
[2026-06-15T08:15:11.738+0000] {logging_mixin.py:188} INFO - [2026-06-15T08:15:11.737+0000] {dagbag.py:545} INFO - Filling up the DagBag from /opt/airflow/dags/bi_masan_pipeline.py
[2026-06-15T08:15:11.744+0000] {processor.py:840} INFO - DAG(s) 'bi_masan_revenue_pipeline' retrieved from /opt/airflow/dags/bi_masan_pipeline.py
[2026-06-15T08:15:11.756+0000] {logging_mixin.py:188} INFO - [2026-06-15T08:15:11.756+0000] {dag.py:3089} INFO - Sync 1 DAGs
[2026-06-15T08:15:11.765+0000] {logging_mixin.py:188} INFO - [2026-06-15T08:15:11.765+0000] {dag.py:3947} INFO - Setting next_dagrun for bi_masan_revenue_pipeline to 2026-06-15 00:00:00+00:00, run_after=2026-06-16 00:00:00+00:00
[2026-06-15T08:15:11.776+0000] {processor.py:183} INFO - Processing /opt/airflow/dags/bi_masan_pipeline.py took 0.045 seconds
[2026-06-15T08:15:41.958+0000] {processor.py:161} INFO - Started process (PID=20678) to work on /opt/airflow/dags/bi_masan_pipeline.py
[2026-06-15T08:15:41.960+0000] {processor.py:830} INFO - Processing file /opt/airflow/dags/bi_masan_pipeline.py for tasks to queue
[2026-06-15T08:15:41.961+0000] {logging_mixin.py:188} INFO - [2026-06-15T08:15:41.961+0000] {dagbag.py:545} INFO - Filling up the DagBag from /opt/airflow/dags/bi_masan_pipeline.py
[2026-06-15T08:15:41.974+0000] {processor.py:840} INFO - DAG(s) 'bi_masan_revenue_pipeline' retrieved from /opt/airflow/dags/bi_masan_pipeline.py
[2026-06-15T08:15:41.998+0000] {logging_mixin.py:188} INFO - [2026-06-15T08:15:41.998+0000] {dag.py:3089} INFO - Sync 1 DAGs
[2026-06-15T08:15:42.015+0000] {logging_mixin.py:188} INFO - [2026-06-15T08:15:42.014+0000] {dag.py:3947} INFO - Setting next_dagrun for bi_masan_revenue_pipeline to 2026-06-15 00:00:00+00:00, run_after=2026-06-16 00:00:00+00:00
[2026-06-15T08:15:42.030+0000] {processor.py:183} INFO - Processing /opt/airflow/dags/bi_masan_pipeline.py took 0.077 seconds
[2026-06-15T08:16:12.163+0000] {processor.py:161} INFO - Started process (PID=20679) to work on /opt/airflow/dags/bi_masan_pipeline.py
[2026-06-15T08:16:12.163+0000] {processor.py:830} INFO - Processing file /opt/airflow/dags/bi_masan_pipeline.py for tasks to queue
[2026-06-15T08:16:12.165+0000] {logging_mixin.py:188} INFO - [2026-06-15T08:16:12.164+0000] {dagbag.py:545} INFO - Filling up the DagBag from /opt/airflow/dags/bi_masan_pipeline.py
[2026-06-15T08:16:12.176+0000] {processor.py:840} INFO - DAG(s) 'bi_masan_revenue_pipeline' retrieved from /opt/airflow/dags/bi_masan_pipeline.py
[2026-06-15T08:16:12.192+0000] {logging_mixin.py:188} INFO - [2026-06-15T08:16:12.192+0000] {dag.py:3089} INFO - Sync 1 DAGs
[2026-06-15T08:16:12.202+0000] {logging_mixin.py:188} INFO - [2026-06-15T08:16:12.202+0000] {dag.py:3947} INFO - Setting next_dagrun for bi_masan_revenue_pipeline to 2026-06-15 00:00:00+00:00, run_after=2026-06-16 00:00:00+00:00
[2026-06-15T08:16:12.213+0000] {processor.py:183} INFO - Processing /opt/airflow/dags/bi_masan_pipeline.py took 0.060 seconds
